node,dms_score
Estimated_sequence_from_DMS_WT,111.78415829399991
Estimated_sequence_from_DMS_M1A,111.74435089799992
Estimated_sequence_from_DMS_M1C,111.78346895899992
Estimated_sequence_from_DMS_M1D,111.80192375499992
Estimated_sequence_from_DMS_M1E,111.76093590999992
Estimated_sequence_from_DMS_M1F,111.75547244999991
Estimated_sequence_from_DMS_M1G,111.75310900199992
Estimated_sequence_from_DMS_M1H,111.74509069999992
Estimated_sequence_from_DMS_M1I,111.78337942399992
Estimated_sequence_from_DMS_M1K,111.79458687599991
Estimated_sequence_from_DMS_M1L,111.75499605399992
Estimated_sequence_from_DMS_M1N,111.77771339599991
Estimated_sequence_from_DMS_M1P,111.71965603899991
Estimated_sequence_from_DMS_M1Q,111.75251726099991
Estimated_sequence_from_DMS_M1R,111.76688180399991
Estimated_sequence_from_DMS_M1S,111.74084305199992
Estimated_sequence_from_DMS_M1T,111.76101237399992
Estimated_sequence_from_DMS_M1V,111.75786445399991
Estimated_sequence_from_DMS_M1W,111.76361972999992
Estimated_sequence_from_DMS_M1Y,111.77658542599991
Estimated_sequence_from_DMS_K2A,111.67100700499992
Estimated_sequence_from_DMS_K2C,111.68440880899992
Estimated_sequence_from_DMS_K2D,111.68675525899991
Estimated_sequence_from_DMS_K2E,111.68131990999991
Estimated_sequence_from_DMS_K2F,111.71860033399992
Estimated_sequence_from_DMS_K2G,111.66879425999991
Estimated_sequence_from_DMS_K2H,111.70849407699991
Estimated_sequence_from_DMS_K2I,111.76711814499991
Estimated_sequence_from_DMS_K2L,111.72260264899991
Estimated_sequence_from_DMS_K2M,111.68282677699992
Estimated_sequence_from_DMS_K2N,111.73695281599991
Estimated_sequence_from_DMS_K2P,111.67252335299992
Estimated_sequence_from_DMS_K2Q,111.70253187999991
Estimated_sequence_from_DMS_K2R,111.71748146999991
Estimated_sequence_from_DMS_K2S,111.68165832899992
Estimated_sequence_from_DMS_K2T,111.69349894699991
Estimated_sequence_from_DMS_K2V,111.72147289599991
Estimated_sequence_from_DMS_K2W,111.73394397699991
Estimated_sequence_from_DMS_K2Y,111.75627905399992
Estimated_sequence_from_DMS_T3A,111.74258588999992
Estimated_sequence_from_DMS_T3C,111.76989670499991
Estimated_sequence_from_DMS_T3D,111.74671037699991
Estimated_sequence_from_DMS_T3E,111.76983180199991
Estimated_sequence_from_DMS_T3F,111.76675297599992
Estimated_sequence_from_DMS_T3G,111.71987264699992
Estimated_sequence_from_DMS_T3H,111.76696222799991
Estimated_sequence_from_DMS_T3I,111.75892316199992
Estimated_sequence_from_DMS_T3K,111.77183221699991
Estimated_sequence_from_DMS_T3L,111.77208370699992
Estimated_sequence_from_DMS_T3M,111.73798273299991
Estimated_sequence_from_DMS_T3N,111.81563790499992
Estimated_sequence_from_DMS_T3P,111.77419799299992
Estimated_sequence_from_DMS_T3Q,111.77955182499991
Estimated_sequence_from_DMS_T3R,111.77435132299992
Estimated_sequence_from_DMS_T3S,111.76394260199991
Estimated_sequence_from_DMS_T3V,111.74419661799992
Estimated_sequence_from_DMS_T3W,111.77442632399992
Estimated_sequence_from_DMS_T3Y,111.78061875099992
Estimated_sequence_from_DMS_I4A,111.81918490599992
Estimated_sequence_from_DMS_I4C,111.81269082299991
Estimated_sequence_from_DMS_I4D,111.73790923799992
Estimated_sequence_from_DMS_I4E,111.75363067399992
Estimated_sequence_from_DMS_I4F,111.75698491499992
Estimated_sequence_from_DMS_I4G,111.78311423599992
Estimated_sequence_from_DMS_I4H,111.75388828099992
Estimated_sequence_from_DMS_I4K,111.76833100699992
Estimated_sequence_from_DMS_I4L,111.75298787099992
Estimated_sequence_from_DMS_I4M,111.77489431599992
Estimated_sequence_from_DMS_I4N,111.75657030399992
Estimated_sequence_from_DMS_I4P,111.74961707699991
Estimated_sequence_from_DMS_I4Q,111.75069415599991
Estimated_sequence_from_DMS_I4R,111.73748496799992
Estimated_sequence_from_DMS_I4S,111.77054515999991
Estimated_sequence_from_DMS_I4T,111.75596127599991
Estimated_sequence_from_DMS_I4V,111.81977103099992
Estimated_sequence_from_DMS_I4W,111.74016962699991
Estimated_sequence_from_DMS_I4Y,111.78481152099991
Estimated_sequence_from_DMS_I5A,111.70845621899991
Estimated_sequence_from_DMS_I5C,111.71074867599991
Estimated_sequence_from_DMS_I5D,111.68175480899991
Estimated_sequence_from_DMS_I5E,111.67076259399991
Estimated_sequence_from_DMS_I5F,111.73952151199991
Estimated_sequence_from_DMS_I5G,111.73354817499991
Estimated_sequence_from_DMS_I5H,111.66672978099992
Estimated_sequence_from_DMS_I5K,111.69169320099992
Estimated_sequence_from_DMS_I5L,111.73665453099991
Estimated_sequence_from_DMS_I5M,111.70844025499991
Estimated_sequence_from_DMS_I5N,111.69020779299991
Estimated_sequence_from_DMS_I5P,111.67073251199992
Estimated_sequence_from_DMS_I5Q,111.67445317899991
Estimated_sequence_from_DMS_I5R,111.67297589899991
Estimated_sequence_from_DMS_I5S,111.69128849799992
Estimated_sequence_from_DMS_I5T,111.71352146499991
Estimated_sequence_from_DMS_I5V,111.68964137699992
Estimated_sequence_from_DMS_I5W,111.81484927499991
Estimated_sequence_from_DMS_I5Y,111.72416417499991
Estimated_sequence_from_DMS_A6C,111.70969247099991
Estimated_sequence_from_DMS_A6D,111.65880994099992
Estimated_sequence_from_DMS_A6E,111.68772841099991
Estimated_sequence_from_DMS_A6F,111.65797075899991
Estimated_sequence_from_DMS_A6G,111.69737113199992
Estimated_sequence_from_DMS_A6H,111.65734685799991
Estimated_sequence_from_DMS_A6I,111.65952547299992
Estimated_sequence_from_DMS_A6K,111.64357951499991
Estimated_sequence_from_DMS_A6L,111.66080286699992
Estimated_sequence_from_DMS_A6M,111.69830228599992
Estimated_sequence_from_DMS_A6N,111.66163384599992
Estimated_sequence_from_DMS_A6P,111.64504760199992
Estimated_sequence_from_DMS_A6Q,111.65051302099991
Estimated_sequence_from_DMS_A6R,111.65050831899991
Estimated_sequence_from_DMS_A6S,111.68433589399991
Estimated_sequence_from_DMS_A6T,111.71203831299991
Estimated_sequence_from_DMS_A6V,111.65310989099991
Estimated_sequence_from_DMS_A6W,111.66378761699991
Estimated_sequence_from_DMS_A6Y,111.65555231099991
Estimated_sequence_from_DMS_L7A,111.76879115199992
Estimated_sequence_from_DMS_L7C,111.76113699199992
Estimated_sequence_from_DMS_L7D,111.79492367999991
Estimated_sequence_from_DMS_L7E,111.79289883699991
Estimated_sequence_from_DMS_L7F,111.85131894299991
Estimated_sequence_from_DMS_L7G,111.78775475999991
Estimated_sequence_from_DMS_L7H,111.76543550399991
Estimated_sequence_from_DMS_L7I,111.79678540999991
Estimated_sequence_from_DMS_L7K,111.74667829299992
Estimated_sequence_from_DMS_L7M,111.78748417499992
Estimated_sequence_from_DMS_L7N,111.79471796699991
Estimated_sequence_from_DMS_L7P,111.76621494699991
Estimated_sequence_from_DMS_L7Q,111.74588197399991
Estimated_sequence_from_DMS_L7R,111.73632950399991
Estimated_sequence_from_DMS_L7S,111.78777526999991
Estimated_sequence_from_DMS_L7T,111.77483567599991
Estimated_sequence_from_DMS_L7V,111.76486594799991
Estimated_sequence_from_DMS_L7W,111.81698699099992
Estimated_sequence_from_DMS_L7Y,111.78262640299991
Estimated_sequence_from_DMS_S8A,111.76166536699992
Estimated_sequence_from_DMS_S8C,111.78269621299991
Estimated_sequence_from_DMS_S8D,111.70139168499992
Estimated_sequence_from_DMS_S8E,111.72317731799991
Estimated_sequence_from_DMS_S8F,111.73628275999991
Estimated_sequence_from_DMS_S8G,111.76526790199992
Estimated_sequence_from_DMS_S8H,111.73613665699992
Estimated_sequence_from_DMS_S8I,111.76216632899991
Estimated_sequence_from_DMS_S8K,111.69971545099992
Estimated_sequence_from_DMS_S8L,111.71609649999992
Estimated_sequence_from_DMS_S8M,111.72938273599992
Estimated_sequence_from_DMS_S8N,111.72489932499991
Estimated_sequence_from_DMS_S8P,111.72180154999991
Estimated_sequence_from_DMS_S8Q,111.74912405299992
Estimated_sequence_from_DMS_S8R,111.70075489399991
Estimated_sequence_from_DMS_S8T,111.72796874799991
Estimated_sequence_from_DMS_S8V,111.73015534799991
Estimated_sequence_from_DMS_S8W,111.72091174699992
Estimated_sequence_from_DMS_S8Y,111.74303058199992
Estimated_sequence_from_DMS_Y9A,111.78272344899992
Estimated_sequence_from_DMS_Y9C,111.76706027999991
Estimated_sequence_from_DMS_Y9D,111.82365326299991
Estimated_sequence_from_DMS_Y9E,111.78047388499992
Estimated_sequence_from_DMS_Y9F,111.77247690999991
Estimated_sequence_from_DMS_Y9G,111.77467668099992
Estimated_sequence_from_DMS_Y9H,111.74726891199991
Estimated_sequence_from_DMS_Y9I,111.76998865599991
Estimated_sequence_from_DMS_Y9K,111.79655972299992
Estimated_sequence_from_DMS_Y9L,111.77907085299992
Estimated_sequence_from_DMS_Y9M,111.78920667999992
Estimated_sequence_from_DMS_Y9N,111.76385499999992
Estimated_sequence_from_DMS_Y9P,111.78591938299992
Estimated_sequence_from_DMS_Y9Q,111.76123943499992
Estimated_sequence_from_DMS_Y9R,111.79108509399991
Estimated_sequence_from_DMS_Y9S,111.76925548799991
Estimated_sequence_from_DMS_Y9T,111.77837268199991
Estimated_sequence_from_DMS_Y9V,111.80912126699992
Estimated_sequence_from_DMS_Y9W,111.79649412499991
Estimated_sequence_from_DMS_I10A,111.76678929699992
Estimated_sequence_from_DMS_I10C,111.79533104499991
Estimated_sequence_from_DMS_I10D,111.75813824199992
Estimated_sequence_from_DMS_I10E,111.82063835599992
Estimated_sequence_from_DMS_I10F,111.78713694099991
Estimated_sequence_from_DMS_I10G,111.78775330599991
Estimated_sequence_from_DMS_I10H,111.77764437199991
Estimated_sequence_from_DMS_I10K,111.75955065099991
Estimated_sequence_from_DMS_I10L,111.77135031799992
Estimated_sequence_from_DMS_I10M,111.81508596499992
Estimated_sequence_from_DMS_I10N,111.85400008099991
Estimated_sequence_from_DMS_I10P,111.79621771499991
Estimated_sequence_from_DMS_I10Q,111.78978904799992
Estimated_sequence_from_DMS_I10R,111.75331095699991
Estimated_sequence_from_DMS_I10S,111.75743053599992
Estimated_sequence_from_DMS_I10T,111.82668194899992
Estimated_sequence_from_DMS_I10V,111.74701779199991
Estimated_sequence_from_DMS_I10W,111.80312900099992
Estimated_sequence_from_DMS_I10Y,111.76536701199991
Estimated_sequence_from_DMS_L11A,111.76047007299992
Estimated_sequence_from_DMS_L11C,111.78100543599992
Estimated_sequence_from_DMS_L11D,111.77638450199991
Estimated_sequence_from_DMS_L11E,111.78130758099992
Estimated_sequence_from_DMS_L11F,111.78358473599991
Estimated_sequence_from_DMS_L11G,111.78180780399991
Estimated_sequence_from_DMS_L11H,111.79429805699992
Estimated_sequence_from_DMS_L11I,111.84459335899992
Estimated_sequence_from_DMS_L11K,111.80656100299991
Estimated_sequence_from_DMS_L11M,111.78334750899991
Estimated_sequence_from_DMS_L11N,111.76631000499991
Estimated_sequence_from_DMS_L11P,111.79523092499991
Estimated_sequence_from_DMS_L11Q,111.79229330699992
Estimated_sequence_from_DMS_L11R,111.77055167099992
Estimated_sequence_from_DMS_L11S,111.75537538899991
Estimated_sequence_from_DMS_L11T,111.75558809999991
Estimated_sequence_from_DMS_L11V,111.76788494899992
Estimated_sequence_from_DMS_L11W,111.76152806699992
Estimated_sequence_from_DMS_L11Y,111.76920735099992
Estimated_sequence_from_DMS_C12A,111.78189506499992
Estimated_sequence_from_DMS_C12D,111.81473154599992
Estimated_sequence_from_DMS_C12E,111.80482668999991
Estimated_sequence_from_DMS_C12F,111.80687530899992
Estimated_sequence_from_DMS_C12G,111.77566986199992
Estimated_sequence_from_DMS_C12H,111.77309025699992
Estimated_sequence_from_DMS_C12I,111.81216987199991
Estimated_sequence_from_DMS_C12K,111.81818702599992
Estimated_sequence_from_DMS_C12L,111.79087433999992
Estimated_sequence_from_DMS_C12M,111.79251658799991
Estimated_sequence_from_DMS_C12N,111.78180583599992
Estimated_sequence_from_DMS_C12P,111.80387218099992
Estimated_sequence_from_DMS_C12Q,111.78620070399991
Estimated_sequence_from_DMS_C12R,111.78613381299992
Estimated_sequence_from_DMS_C12S,111.79851534199992
Estimated_sequence_from_DMS_C12T,111.81161638199991
Estimated_sequence_from_DMS_C12V,111.77040227699992
Estimated_sequence_from_DMS_C12W,111.79149353799991
Estimated_sequence_from_DMS_C12Y,111.79543537599992
Estimated_sequence_from_DMS_L13A,111.77934793199992
Estimated_sequence_from_DMS_L13C,111.79346793199991
Estimated_sequence_from_DMS_L13D,111.85493130699992
Estimated_sequence_from_DMS_L13E,111.80158644899991
Estimated_sequence_from_DMS_L13F,111.80833745499991
Estimated_sequence_from_DMS_L13G,111.77855755799992
Estimated_sequence_from_DMS_L13H,111.79790958599992
Estimated_sequence_from_DMS_L13I,111.79248346499992
Estimated_sequence_from_DMS_L13K,111.79364770999992
Estimated_sequence_from_DMS_L13M,111.80542137899992
Estimated_sequence_from_DMS_L13N,111.79980223099992
Estimated_sequence_from_DMS_L13P,111.77695661199992
Estimated_sequence_from_DMS_L13Q,111.79735651399992
Estimated_sequence_from_DMS_L13R,111.82414791599992
Estimated_sequence_from_DMS_L13S,111.79623833599992
Estimated_sequence_from_DMS_L13T,111.80076450699991
Estimated_sequence_from_DMS_L13V,111.81919937999992
Estimated_sequence_from_DMS_L13W,111.78824961399991
Estimated_sequence_from_DMS_L13Y,111.80278820399991
Estimated_sequence_from_DMS_V14A,111.72545092899992
Estimated_sequence_from_DMS_V14C,111.73972321399991
Estimated_sequence_from_DMS_V14D,111.71259038099991
Estimated_sequence_from_DMS_V14E,111.69582231599992
Estimated_sequence_from_DMS_V14F,111.68765754199991
Estimated_sequence_from_DMS_V14G,111.77161059299992
Estimated_sequence_from_DMS_V14H,111.69095319899992
Estimated_sequence_from_DMS_V14I,111.74185632299992
Estimated_sequence_from_DMS_V14K,111.68327765099991
Estimated_sequence_from_DMS_V14L,111.71767121999991
Estimated_sequence_from_DMS_V14M,111.70611074999991
Estimated_sequence_from_DMS_V14N,111.76318952399991
Estimated_sequence_from_DMS_V14P,111.69051229599991
Estimated_sequence_from_DMS_V14Q,111.69222412699992
Estimated_sequence_from_DMS_V14R,111.70637535599991
Estimated_sequence_from_DMS_V14S,111.78446657799992
Estimated_sequence_from_DMS_V14T,111.78370139599991
Estimated_sequence_from_DMS_V14W,111.69186598999991
Estimated_sequence_from_DMS_V14Y,111.70077720099991
Estimated_sequence_from_DMS_F15A,111.78421948599991
Estimated_sequence_from_DMS_F15C,111.79160205799992
Estimated_sequence_from_DMS_F15D,111.78195273999991
Estimated_sequence_from_DMS_F15E,111.78573270899992
Estimated_sequence_from_DMS_F15G,111.80129369199992
Estimated_sequence_from_DMS_F15H,111.79731471199992
Estimated_sequence_from_DMS_F15I,111.80420943899992
Estimated_sequence_from_DMS_F15K,111.79138184999992
Estimated_sequence_from_DMS_F15L,111.77996046199992
Estimated_sequence_from_DMS_F15M,111.80262928199991
Estimated_sequence_from_DMS_F15N,111.77381826699991
Estimated_sequence_from_DMS_F15P,111.77051639599992
Estimated_sequence_from_DMS_F15Q,111.77119239099991
Estimated_sequence_from_DMS_F15R,111.78507897699991
Estimated_sequence_from_DMS_F15S,111.78740967399992
Estimated_sequence_from_DMS_F15T,111.77939664199991
Estimated_sequence_from_DMS_F15V,111.78662435899992
Estimated_sequence_from_DMS_F15W,111.79461350199992
Estimated_sequence_from_DMS_F15Y,111.80490388599992
Estimated_sequence_from_DMS_A16C,111.70991235499991
Estimated_sequence_from_DMS_A16D,111.66903221199992
Estimated_sequence_from_DMS_A16E,111.64997760299991
Estimated_sequence_from_DMS_A16F,111.67129396899992
Estimated_sequence_from_DMS_A16G,111.70706926999992
Estimated_sequence_from_DMS_A16H,111.64162266099991
Estimated_sequence_from_DMS_A16I,111.67815348099991
Estimated_sequence_from_DMS_A16K,111.64608769999991
Estimated_sequence_from_DMS_A16L,111.64686430399992
Estimated_sequence_from_DMS_A16M,111.69707736599992
Estimated_sequence_from_DMS_A16N,111.65086720699992
Estimated_sequence_from_DMS_A16P,111.67206239799991
Estimated_sequence_from_DMS_A16Q,111.65312397599992
Estimated_sequence_from_DMS_A16R,111.63466651099992
Estimated_sequence_from_DMS_A16S,111.76092715599991
Estimated_sequence_from_DMS_A16T,111.71944589699991
Estimated_sequence_from_DMS_A16V,111.67466200099992
Estimated_sequence_from_DMS_A16W,111.66138555199991
Estimated_sequence_from_DMS_A16Y,111.64709026499992
Estimated_sequence_from_DMS_Q17A,111.76616577399992
Estimated_sequence_from_DMS_Q17C,111.73018733199991
Estimated_sequence_from_DMS_Q17D,111.78009300399991
Estimated_sequence_from_DMS_Q17E,111.76034013599991
Estimated_sequence_from_DMS_Q17F,111.74186698099992
Estimated_sequence_from_DMS_Q17G,111.74117971399991
Estimated_sequence_from_DMS_Q17H,111.77319807399992
Estimated_sequence_from_DMS_Q17I,111.77878241599991
Estimated_sequence_from_DMS_Q17K,111.77472988699992
Estimated_sequence_from_DMS_Q17L,111.76040653899992
Estimated_sequence_from_DMS_Q17M,111.75776547399991
Estimated_sequence_from_DMS_Q17N,111.80837818599991
Estimated_sequence_from_DMS_Q17P,111.71766781799991
Estimated_sequence_from_DMS_Q17R,111.77127678299992
Estimated_sequence_from_DMS_Q17S,111.76821959699991
Estimated_sequence_from_DMS_Q17T,111.77708099499992
Estimated_sequence_from_DMS_Q17V,111.77751228399991
Estimated_sequence_from_DMS_Q17W,111.75173947699992
Estimated_sequence_from_DMS_Q17Y,111.76975513399992
Estimated_sequence_from_DMS_K18A,111.75946843799991
Estimated_sequence_from_DMS_K18C,111.74427596999992
Estimated_sequence_from_DMS_K18D,111.76733174199991
Estimated_sequence_from_DMS_K18E,111.79100956599991
Estimated_sequence_from_DMS_K18F,111.70712063099991
Estimated_sequence_from_DMS_K18G,111.75881777699992
Estimated_sequence_from_DMS_K18H,111.79133345699992
Estimated_sequence_from_DMS_K18I,111.70317148499991
Estimated_sequence_from_DMS_K18L,111.70367271999991
Estimated_sequence_from_DMS_K18M,111.72106286499992
Estimated_sequence_from_DMS_K18N,111.78067433199992
Estimated_sequence_from_DMS_K18P,111.73947998899992
Estimated_sequence_from_DMS_K18Q,111.76527050799992
Estimated_sequence_from_DMS_K18R,111.75539388699991
Estimated_sequence_from_DMS_K18S,111.75772499699991
Estimated_sequence_from_DMS_K18T,111.75327140799992
Estimated_sequence_from_DMS_K18V,111.70159228199992
Estimated_sequence_from_DMS_K18W,111.73982841599991
Estimated_sequence_from_DMS_K18Y,111.73898141499991
Estimated_sequence_from_DMS_L19A,111.77006708399992
Estimated_sequence_from_DMS_L19C,111.74222327699991
Estimated_sequence_from_DMS_L19D,111.79039728699992
Estimated_sequence_from_DMS_L19E,111.78001507899991
Estimated_sequence_from_DMS_L19F,111.77660772599991
Estimated_sequence_from_DMS_L19G,111.76089385899992
Estimated_sequence_from_DMS_L19H,111.74715634699992
Estimated_sequence_from_DMS_L19I,111.80371425399991
Estimated_sequence_from_DMS_L19K,111.75571376099991
Estimated_sequence_from_DMS_L19M,111.78200600799991
Estimated_sequence_from_DMS_L19N,111.77443448299992
Estimated_sequence_from_DMS_L19P,111.77212354399991
Estimated_sequence_from_DMS_L19Q,111.76110979899991
Estimated_sequence_from_DMS_L19R,111.75850934099992
Estimated_sequence_from_DMS_L19S,111.76587483999991
Estimated_sequence_from_DMS_L19T,111.77439688199992
Estimated_sequence_from_DMS_L19V,111.76454697599992
Estimated_sequence_from_DMS_L19W,111.80430410999992
Estimated_sequence_from_DMS_L19Y,111.79408652799992
Estimated_sequence_from_DMS_P20A,111.77621014199991
Estimated_sequence_from_DMS_P20C,111.77454670099992
Estimated_sequence_from_DMS_P20D,111.78070042999991
Estimated_sequence_from_DMS_P20E,111.76750316799992
Estimated_sequence_from_DMS_P20F,111.77168345399991
Estimated_sequence_from_DMS_P20G,111.77578330099992
Estimated_sequence_from_DMS_P20H,111.82138423799992
Estimated_sequence_from_DMS_P20I,111.77718025299991
Estimated_sequence_from_DMS_P20K,111.79557849699992
Estimated_sequence_from_DMS_P20L,111.80285996299992
Estimated_sequence_from_DMS_P20M,111.80645675899991
Estimated_sequence_from_DMS_P20N,111.79571789299992
Estimated_sequence_from_DMS_P20Q,111.80281713599992
Estimated_sequence_from_DMS_P20R,111.76017300799991
Estimated_sequence_from_DMS_P20S,111.76971625099992
Estimated_sequence_from_DMS_P20T,111.79620299299992
Estimated_sequence_from_DMS_P20V,111.79980520899991
Estimated_sequence_from_DMS_P20W,111.79542897199991
Estimated_sequence_from_DMS_P20Y,111.77989663799991
Estimated_sequence_from_DMS_G21A,111.78056669799992
Estimated_sequence_from_DMS_G21C,111.75333540899992
Estimated_sequence_from_DMS_G21D,111.78419821399991
Estimated_sequence_from_DMS_G21E,111.76955274599992
Estimated_sequence_from_DMS_G21F,111.78198352099992
Estimated_sequence_from_DMS_G21H,111.78471570499991
Estimated_sequence_from_DMS_G21I,111.80840181599991
Estimated_sequence_from_DMS_G21K,111.75340140499992
Estimated_sequence_from_DMS_G21L,111.80446677699992
Estimated_sequence_from_DMS_G21M,111.85983259399991
Estimated_sequence_from_DMS_G21N,111.78672753999992
Estimated_sequence_from_DMS_G21P,111.76644711199991
Estimated_sequence_from_DMS_G21Q,111.76529569799992
Estimated_sequence_from_DMS_G21R,111.77286704599992
Estimated_sequence_from_DMS_G21S,111.77755139199992
Estimated_sequence_from_DMS_G21T,111.77357736299992
Estimated_sequence_from_DMS_G21V,111.80595526799992
Estimated_sequence_from_DMS_G21W,111.79071489599991
Estimated_sequence_from_DMS_G21Y,111.79847964499992
Estimated_sequence_from_DMS_N22A,111.77209777099992
Estimated_sequence_from_DMS_N22C,111.75116921099992
Estimated_sequence_from_DMS_N22D,111.78515131199991
Estimated_sequence_from_DMS_N22E,111.81542255699992
Estimated_sequence_from_DMS_N22F,111.77372533599991
Estimated_sequence_from_DMS_N22G,111.79548423299991
Estimated_sequence_from_DMS_N22H,111.79675122899992
Estimated_sequence_from_DMS_N22I,111.78513741299992
Estimated_sequence_from_DMS_N22K,111.76919924899991
Estimated_sequence_from_DMS_N22L,111.78417424199992
Estimated_sequence_from_DMS_N22M,111.82969442999992
Estimated_sequence_from_DMS_N22P,111.76985572599992
Estimated_sequence_from_DMS_N22Q,111.76572404099991
Estimated_sequence_from_DMS_N22R,111.75910938499992
Estimated_sequence_from_DMS_N22S,111.80220898999991
Estimated_sequence_from_DMS_N22T,111.77781361599992
Estimated_sequence_from_DMS_N22V,111.77231900899992
Estimated_sequence_from_DMS_N22W,111.81057840199992
Estimated_sequence_from_DMS_N22Y,111.79049025399992
Estimated_sequence_from_DMS_D23A,111.74397160899991
Estimated_sequence_from_DMS_D23C,111.74329793999992
Estimated_sequence_from_DMS_D23E,111.77916602299992
Estimated_sequence_from_DMS_D23F,111.76818613799992
Estimated_sequence_from_DMS_D23G,111.75481113999992
Estimated_sequence_from_DMS_D23H,111.78002999799992
Estimated_sequence_from_DMS_D23I,111.77335893699991
Estimated_sequence_from_DMS_D23K,111.74215163399991
Estimated_sequence_from_DMS_D23L,111.76082092999991
Estimated_sequence_from_DMS_D23M,111.79019271999992
Estimated_sequence_from_DMS_D23N,111.81172843599991
Estimated_sequence_from_DMS_D23P,111.75479362199991
Estimated_sequence_from_DMS_D23Q,111.76736186099991
Estimated_sequence_from_DMS_D23R,111.73825598199991
Estimated_sequence_from_DMS_D23S,111.78006076899992
Estimated_sequence_from_DMS_D23T,111.76581673799991
Estimated_sequence_from_DMS_D23V,111.75875163699992
Estimated_sequence_from_DMS_D23W,111.74152755499992
Estimated_sequence_from_DMS_D23Y,111.84836179499992
Estimated_sequence_from_DMS_N24A,111.78821790299992
Estimated_sequence_from_DMS_N24C,111.76527022499991
Estimated_sequence_from_DMS_N24D,111.83037510699992
Estimated_sequence_from_DMS_N24E,111.80690242899992
Estimated_sequence_from_DMS_N24F,111.79999455299992
Estimated_sequence_from_DMS_N24G,111.79541869499992
Estimated_sequence_from_DMS_N24H,111.81319240099992
Estimated_sequence_from_DMS_N24I,111.84845368299992
Estimated_sequence_from_DMS_N24K,111.80908498099991
Estimated_sequence_from_DMS_N24L,111.80842861899991
Estimated_sequence_from_DMS_N24M,111.82205526999992
Estimated_sequence_from_DMS_N24P,111.81171374099992
Estimated_sequence_from_DMS_N24Q,111.80684542299991
Estimated_sequence_from_DMS_N24R,111.79321414899992
Estimated_sequence_from_DMS_N24S,111.77427756099992
Estimated_sequence_from_DMS_N24T,111.76970653999992
Estimated_sequence_from_DMS_N24V,111.79403655299991
Estimated_sequence_from_DMS_N24W,111.78437177999992
Estimated_sequence_from_DMS_N24Y,111.80714663299992
Estimated_sequence_from_DMS_S25A,111.79179247899992
Estimated_sequence_from_DMS_S25C,111.75852879299991
Estimated_sequence_from_DMS_S25D,111.79741042999991
Estimated_sequence_from_DMS_S25E,111.82919153699991
Estimated_sequence_from_DMS_S25F,111.79989409999992
Estimated_sequence_from_DMS_S25G,111.78404125499992
Estimated_sequence_from_DMS_S25H,111.77469523499991
Estimated_sequence_from_DMS_S25I,111.78650212399991
Estimated_sequence_from_DMS_S25K,111.80838785399992
Estimated_sequence_from_DMS_S25L,111.78331734699992
Estimated_sequence_from_DMS_S25M,111.80418928499992
Estimated_sequence_from_DMS_S25N,111.78805295199992
Estimated_sequence_from_DMS_S25P,111.80813292599991
Estimated_sequence_from_DMS_S25Q,111.77730114299992
Estimated_sequence_from_DMS_S25R,111.80329576699992
Estimated_sequence_from_DMS_S25T,111.77652946399992
Estimated_sequence_from_DMS_S25V,111.77493911899991
Estimated_sequence_from_DMS_S25W,111.77254459499991
Estimated_sequence_from_DMS_S25Y,111.77353421999992
Estimated_sequence_from_DMS_T26A,111.77183518599992
Estimated_sequence_from_DMS_T26C,111.76902687099991
Estimated_sequence_from_DMS_T26D,111.76044723799991
Estimated_sequence_from_DMS_T26E,111.77850122799991
Estimated_sequence_from_DMS_T26F,111.78207541499991
Estimated_sequence_from_DMS_T26G,111.76984021099992
Estimated_sequence_from_DMS_T26H,111.77036064499991
Estimated_sequence_from_DMS_T26I,111.78988872699992
Estimated_sequence_from_DMS_T26K,111.77984579499991
Estimated_sequence_from_DMS_T26L,111.79708281399992
Estimated_sequence_from_DMS_T26M,111.80933518699992
Estimated_sequence_from_DMS_T26N,111.74669438499991
Estimated_sequence_from_DMS_T26P,111.74785092099991
Estimated_sequence_from_DMS_T26Q,111.77432411099991
Estimated_sequence_from_DMS_T26R,111.75273911799991
Estimated_sequence_from_DMS_T26S,111.74543713999992
Estimated_sequence_from_DMS_T26V,111.77303220199991
Estimated_sequence_from_DMS_T26W,111.78943431299992
Estimated_sequence_from_DMS_T26Y,111.78119827899991
Estimated_sequence_from_DMS_A27C,111.62833611299992
Estimated_sequence_from_DMS_A27D,111.63003071599992
Estimated_sequence_from_DMS_A27E,111.65608254499992
Estimated_sequence_from_DMS_A27F,111.64201638599991
Estimated_sequence_from_DMS_A27G,111.66302938999992
Estimated_sequence_from_DMS_A27H,111.63159371699992
Estimated_sequence_from_DMS_A27I,111.63722681899992
Estimated_sequence_from_DMS_A27K,111.64041831499992
Estimated_sequence_from_DMS_A27L,111.63267451399992
Estimated_sequence_from_DMS_A27M,111.65720549499991
Estimated_sequence_from_DMS_A27N,111.64107433499991
Estimated_sequence_from_DMS_A27P,111.69803580299991
Estimated_sequence_from_DMS_A27Q,111.63823305499992
Estimated_sequence_from_DMS_A27R,111.62922596299991
Estimated_sequence_from_DMS_A27S,111.68027731999992
Estimated_sequence_from_DMS_A27T,111.68432671099991
Estimated_sequence_from_DMS_A27V,111.68438968399991
Estimated_sequence_from_DMS_A27W,111.65551935899991
Estimated_sequence_from_DMS_A27Y,111.64460736499991
Estimated_sequence_from_DMS_T28A,111.74444301199992
Estimated_sequence_from_DMS_T28C,111.73257014599992
Estimated_sequence_from_DMS_T28D,111.73184852299991
Estimated_sequence_from_DMS_T28E,111.73009874499992
Estimated_sequence_from_DMS_T28F,111.79834228999992
Estimated_sequence_from_DMS_T28G,111.72459240999991
Estimated_sequence_from_DMS_T28H,111.74719747099992
Estimated_sequence_from_DMS_T28I,111.75504764199991
Estimated_sequence_from_DMS_T28K,111.74283644499991
Estimated_sequence_from_DMS_T28L,111.75811688799992
Estimated_sequence_from_DMS_T28M,111.77484664299992
Estimated_sequence_from_DMS_T28N,111.71671149399991
Estimated_sequence_from_DMS_T28P,111.70999747399992
Estimated_sequence_from_DMS_T28Q,111.73693327699992
Estimated_sequence_from_DMS_T28R,111.71650841999991
Estimated_sequence_from_DMS_T28S,111.71032913199991
Estimated_sequence_from_DMS_T28V,111.76171731599992
Estimated_sequence_from_DMS_T28W,111.74328757999992
Estimated_sequence_from_DMS_T28Y,111.75690053799991
Estimated_sequence_from_DMS_L29A,111.53483391299991
Estimated_sequence_from_DMS_L29C,111.55785561499991
Estimated_sequence_from_DMS_L29D,111.54545271599991
Estimated_sequence_from_DMS_L29E,111.55035143299992
Estimated_sequence_from_DMS_L29F,111.57637486799992
Estimated_sequence_from_DMS_L29G,111.52401214899992
Estimated_sequence_from_DMS_L29H,111.53419234799992
Estimated_sequence_from_DMS_L29I,111.61455152699992
Estimated_sequence_from_DMS_L29K,111.54589094899991
Estimated_sequence_from_DMS_L29M,111.58454317099992
Estimated_sequence_from_DMS_L29N,111.53872415899991
Estimated_sequence_from_DMS_L29P,111.52908803799991
Estimated_sequence_from_DMS_L29Q,111.54262305299991
Estimated_sequence_from_DMS_L29R,111.52575053899992
Estimated_sequence_from_DMS_L29S,111.54751051399991
Estimated_sequence_from_DMS_L29T,111.56642967699992
Estimated_sequence_from_DMS_L29V,111.56164152099991
Estimated_sequence_from_DMS_L29W,111.54812764999991
Estimated_sequence_from_DMS_L29Y,111.54857016299991
Estimated_sequence_from_DMS_C30A,111.47604300699992
Estimated_sequence_from_DMS_C30D,111.50873611299991
Estimated_sequence_from_DMS_C30E,111.48724339299991
Estimated_sequence_from_DMS_C30F,111.48491735899991
Estimated_sequence_from_DMS_C30G,111.46871548299991
Estimated_sequence_from_DMS_C30H,111.49085606399991
Estimated_sequence_from_DMS_C30I,111.48333959899992
Estimated_sequence_from_DMS_C30K,111.47662585899991
Estimated_sequence_from_DMS_C30L,111.47091322399991
Estimated_sequence_from_DMS_C30M,111.48561594699991
Estimated_sequence_from_DMS_C30N,111.47523272899991
Estimated_sequence_from_DMS_C30P,111.46454645699991
Estimated_sequence_from_DMS_C30Q,111.47826303399991
Estimated_sequence_from_DMS_C30R,111.47478227799992
Estimated_sequence_from_DMS_C30S,111.47675450599992
Estimated_sequence_from_DMS_C30T,111.47610853899991
Estimated_sequence_from_DMS_C30V,111.46593900899991
Estimated_sequence_from_DMS_C30W,111.46995971399991
Estimated_sequence_from_DMS_C30Y,111.50647237199992
Estimated_sequence_from_DMS_L31A,111.58538835299991
Estimated_sequence_from_DMS_L31C,111.60024853599991
Estimated_sequence_from_DMS_L31D,111.56655390899991
Estimated_sequence_from_DMS_L31E,111.57543239799992
Estimated_sequence_from_DMS_L31F,111.58058333599992
Estimated_sequence_from_DMS_L31G,111.55714136399992
Estimated_sequence_from_DMS_L31H,111.56984412999991
Estimated_sequence_from_DMS_L31I,111.62123106999991
Estimated_sequence_from_DMS_L31K,111.56641290899991
Estimated_sequence_from_DMS_L31M,111.60017274899991
Estimated_sequence_from_DMS_L31N,111.56975563799992
Estimated_sequence_from_DMS_L31P,111.58088378599992
Estimated_sequence_from_DMS_L31Q,111.56886446499992
Estimated_sequence_from_DMS_L31R,111.58586253599992
Estimated_sequence_from_DMS_L31S,111.56763330299991
Estimated_sequence_from_DMS_L31T,111.59850834499991
Estimated_sequence_from_DMS_L31V,111.68006971699991
Estimated_sequence_from_DMS_L31W,111.58241552999992
Estimated_sequence_from_DMS_L31Y,111.56501889199991
Estimated_sequence_from_DMS_G32A,111.50327273499991
Estimated_sequence_from_DMS_G32C,111.51201575599991
Estimated_sequence_from_DMS_G32D,111.51100108599991
Estimated_sequence_from_DMS_G32E,111.52343745999991
Estimated_sequence_from_DMS_G32F,111.63955806399991
Estimated_sequence_from_DMS_G32H,111.52133376999991
Estimated_sequence_from_DMS_G32I,111.51230531199991
Estimated_sequence_from_DMS_G32K,111.50741998999992
Estimated_sequence_from_DMS_G32L,111.50517879799992
Estimated_sequence_from_DMS_G32M,111.52429870399992
Estimated_sequence_from_DMS_G32N,111.53212503399992
Estimated_sequence_from_DMS_G32P,111.5134269059999
Estimated_sequence_from_DMS_G32Q,111.52797029499992
Estimated_sequence_from_DMS_G32R,111.54648188499992
Estimated_sequence_from_DMS_G32S,111.51703852699991
Estimated_sequence_from_DMS_G32T,111.50979999399992
Estimated_sequence_from_DMS_G32V,111.52228852899991
Estimated_sequence_from_DMS_G32W,111.53640848299992
Estimated_sequence_from_DMS_G32Y,111.51738731799992
Estimated_sequence_from_DMS_H33A,111.54928620599992
Estimated_sequence_from_DMS_H33C,111.55762267899992
Estimated_sequence_from_DMS_H33D,111.55807505799991
Estimated_sequence_from_DMS_H33E,111.57846984299991
Estimated_sequence_from_DMS_H33F,111.63486043599991
Estimated_sequence_from_DMS_H33G,111.55130986099991
Estimated_sequence_from_DMS_H33I,111.55387267899991
Estimated_sequence_from_DMS_H33K,111.61016544599991
Estimated_sequence_from_DMS_H33L,111.55921456599991
Estimated_sequence_from_DMS_H33M,111.59644398099992
Estimated_sequence_from_DMS_H33N,111.58350888999992
Estimated_sequence_from_DMS_H33P,111.55683339699992
Estimated_sequence_from_DMS_H33Q,111.57880968099991
Estimated_sequence_from_DMS_H33R,111.66614379399992
Estimated_sequence_from_DMS_H33S,111.54903661799992
Estimated_sequence_from_DMS_H33T,111.55874052599991
Estimated_sequence_from_DMS_H33V,111.57001298399992
Estimated_sequence_from_DMS_H33W,111.57980753699991
Estimated_sequence_from_DMS_H33Y,111.57469922499992
Estimated_sequence_from_DMS_H34A,111.64568441699991
Estimated_sequence_from_DMS_H34C,111.65304781799992
Estimated_sequence_from_DMS_H34D,111.64100291899992
Estimated_sequence_from_DMS_H34E,111.68274199099992
Estimated_sequence_from_DMS_H34F,111.66901225199992
Estimated_sequence_from_DMS_H34G,111.64525605399992
Estimated_sequence_from_DMS_H34I,111.70393154899992
Estimated_sequence_from_DMS_H34K,111.66424174899991
Estimated_sequence_from_DMS_H34L,111.67871466299991
Estimated_sequence_from_DMS_H34M,111.68473395899991
Estimated_sequence_from_DMS_H34N,111.68193909699991
Estimated_sequence_from_DMS_H34P,111.65370092099991
Estimated_sequence_from_DMS_H34Q,111.68591551399992
Estimated_sequence_from_DMS_H34R,111.65565154599992
Estimated_sequence_from_DMS_H34S,111.64888472799991
Estimated_sequence_from_DMS_H34T,111.67919023499992
Estimated_sequence_from_DMS_H34V,111.68390555399992
Estimated_sequence_from_DMS_H34W,111.68849342599991
Estimated_sequence_from_DMS_H34Y,111.70934745399991
Estimated_sequence_from_DMS_A35C,111.63058382799991
Estimated_sequence_from_DMS_A35D,111.60567664299991
Estimated_sequence_from_DMS_A35E,111.62529406799992
Estimated_sequence_from_DMS_A35F,111.63552448999991
Estimated_sequence_from_DMS_A35G,111.60737881799992
Estimated_sequence_from_DMS_A35H,111.61269827699992
Estimated_sequence_from_DMS_A35I,111.62385279499992
Estimated_sequence_from_DMS_A35K,111.62235782099991
Estimated_sequence_from_DMS_A35L,111.60627903399991
Estimated_sequence_from_DMS_A35M,111.63228140099991
Estimated_sequence_from_DMS_A35N,111.70176463799991
Estimated_sequence_from_DMS_A35P,111.61347504899992
Estimated_sequence_from_DMS_A35Q,111.61995280699992
Estimated_sequence_from_DMS_A35R,111.61247593399992
Estimated_sequence_from_DMS_A35S,111.70369517699991
Estimated_sequence_from_DMS_A35T,111.68757425399991
Estimated_sequence_from_DMS_A35V,111.61068047099991
Estimated_sequence_from_DMS_A35W,111.62720334799991
Estimated_sequence_from_DMS_A35Y,111.66991063399992
Estimated_sequence_from_DMS_V36A,111.61306839699992
Estimated_sequence_from_DMS_V36C,111.58042155599992
Estimated_sequence_from_DMS_V36D,111.57691420599991
Estimated_sequence_from_DMS_V36E,111.59029149199992
Estimated_sequence_from_DMS_V36F,111.65323578099992
Estimated_sequence_from_DMS_V36G,111.57861358799991
Estimated_sequence_from_DMS_V36H,111.58924091599991
Estimated_sequence_from_DMS_V36I,111.62071522299992
Estimated_sequence_from_DMS_V36K,111.60936703199991
Estimated_sequence_from_DMS_V36L,111.64239595499991
Estimated_sequence_from_DMS_V36M,111.59994553799991
Estimated_sequence_from_DMS_V36N,111.60273183999992
Estimated_sequence_from_DMS_V36P,111.59243683899992
Estimated_sequence_from_DMS_V36Q,111.58343411299991
Estimated_sequence_from_DMS_V36R,111.58284674899991
Estimated_sequence_from_DMS_V36S,111.57989040899992
Estimated_sequence_from_DMS_V36T,111.61245973499992
Estimated_sequence_from_DMS_V36W,111.59372845899992
Estimated_sequence_from_DMS_V36Y,111.59470559699992
Estimated_sequence_from_DMS_P37A,111.77127442399991
Estimated_sequence_from_DMS_P37C,111.74343704299991
Estimated_sequence_from_DMS_P37D,111.73647933499991
Estimated_sequence_from_DMS_P37E,111.72501964999992
Estimated_sequence_from_DMS_P37F,111.76273458099992
Estimated_sequence_from_DMS_P37G,111.74437845499992
Estimated_sequence_from_DMS_P37H,111.79236667699992
Estimated_sequence_from_DMS_P37I,111.74764424899992
Estimated_sequence_from_DMS_P37K,111.76938671699992
Estimated_sequence_from_DMS_P37L,111.76984187099991
Estimated_sequence_from_DMS_P37M,111.77974319499991
Estimated_sequence_from_DMS_P37N,111.74702747599991
Estimated_sequence_from_DMS_P37Q,111.77431895499991
Estimated_sequence_from_DMS_P37R,111.76169573799991
Estimated_sequence_from_DMS_P37S,111.78032267399992
Estimated_sequence_from_DMS_P37T,111.78611925499992
Estimated_sequence_from_DMS_P37V,111.75276853299991
Estimated_sequence_from_DMS_P37W,111.75777084899991
Estimated_sequence_from_DMS_P37Y,111.73413518899991
Estimated_sequence_from_DMS_N38A,111.73742007999992
Estimated_sequence_from_DMS_N38C,111.69456872599991
Estimated_sequence_from_DMS_N38D,111.72507248399991
Estimated_sequence_from_DMS_N38E,111.75589036899991
Estimated_sequence_from_DMS_N38F,111.69466867999992
Estimated_sequence_from_DMS_N38G,111.70417538799991
Estimated_sequence_from_DMS_N38H,111.79386655699992
Estimated_sequence_from_DMS_N38I,111.68178618499992
Estimated_sequence_from_DMS_N38K,111.74073757999992
Estimated_sequence_from_DMS_N38L,111.74368208899992
Estimated_sequence_from_DMS_N38M,111.69725138099992
Estimated_sequence_from_DMS_N38P,111.68118048499991
Estimated_sequence_from_DMS_N38Q,111.76166438799991
Estimated_sequence_from_DMS_N38R,111.74663552299991
Estimated_sequence_from_DMS_N38S,111.71577688199991
Estimated_sequence_from_DMS_N38T,111.73676327199992
Estimated_sequence_from_DMS_N38V,111.69047824099991
Estimated_sequence_from_DMS_N38W,111.71524019999991
Estimated_sequence_from_DMS_N38Y,111.73902353799991
Estimated_sequence_from_DMS_G39A,111.52749088299991
Estimated_sequence_from_DMS_G39C,111.50634251899992
Estimated_sequence_from_DMS_G39D,111.5108741459999
Estimated_sequence_from_DMS_G39E,111.5195952139999
Estimated_sequence_from_DMS_G39F,111.49795087899992
Estimated_sequence_from_DMS_G39H,111.52949487899991
Estimated_sequence_from_DMS_G39I,111.50235452099992
Estimated_sequence_from_DMS_G39K,111.5154842359999
Estimated_sequence_from_DMS_G39L,111.50806880199991
Estimated_sequence_from_DMS_G39M,111.52604378199992
Estimated_sequence_from_DMS_G39N,111.56695862099991
Estimated_sequence_from_DMS_G39P,111.53720430399991
Estimated_sequence_from_DMS_G39Q,111.51755994099992
Estimated_sequence_from_DMS_G39R,111.5018166569999
Estimated_sequence_from_DMS_G39S,111.50341687499991
Estimated_sequence_from_DMS_G39T,111.50278462899992
Estimated_sequence_from_DMS_G39V,111.54036355599992
Estimated_sequence_from_DMS_G39W,111.51505117199991
Estimated_sequence_from_DMS_G39Y,111.51062386899991
Estimated_sequence_from_DMS_T40A,111.73665120799991
Estimated_sequence_from_DMS_T40C,111.71979350999992
Estimated_sequence_from_DMS_T40D,111.70389566999991
Estimated_sequence_from_DMS_T40E,111.74268902399992
Estimated_sequence_from_DMS_T40F,111.80118971999991
Estimated_sequence_from_DMS_T40G,111.70738794299992
Estimated_sequence_from_DMS_T40H,111.76964040599991
Estimated_sequence_from_DMS_T40I,111.76709565799992
Estimated_sequence_from_DMS_T40K,111.75335390899991
Estimated_sequence_from_DMS_T40L,111.71479659399992
Estimated_sequence_from_DMS_T40M,111.72718956399991
Estimated_sequence_from_DMS_T40N,111.70203776699992
Estimated_sequence_from_DMS_T40P,111.72734057299992
Estimated_sequence_from_DMS_T40Q,111.76200034699991
Estimated_sequence_from_DMS_T40R,111.70739814099991
Estimated_sequence_from_DMS_T40S,111.72482489399991
Estimated_sequence_from_DMS_T40V,111.77930239699991
Estimated_sequence_from_DMS_T40W,111.72576188199992
Estimated_sequence_from_DMS_T40Y,111.78683391899992
Estimated_sequence_from_DMS_I41A,111.73309711399992
Estimated_sequence_from_DMS_I41C,111.72982373099991
Estimated_sequence_from_DMS_I41D,111.70971376799992
Estimated_sequence_from_DMS_I41E,111.72237546299992
Estimated_sequence_from_DMS_I41F,111.77715012799992
Estimated_sequence_from_DMS_I41G,111.71394053299991
Estimated_sequence_from_DMS_I41H,111.73209993699992
Estimated_sequence_from_DMS_I41K,111.73951307699991
Estimated_sequence_from_DMS_I41L,111.78089270999992
Estimated_sequence_from_DMS_I41M,111.77649864799992
Estimated_sequence_from_DMS_I41N,111.73248932099992
Estimated_sequence_from_DMS_I41P,111.71806567899992
Estimated_sequence_from_DMS_I41Q,111.73314137199992
Estimated_sequence_from_DMS_I41R,111.75132717499991
Estimated_sequence_from_DMS_I41S,111.73287778299992
Estimated_sequence_from_DMS_I41T,111.70940300999992
Estimated_sequence_from_DMS_I41V,111.77960070399992
Estimated_sequence_from_DMS_I41W,111.80968640099992
Estimated_sequence_from_DMS_I41Y,111.79070139399991
Estimated_sequence_from_DMS_V42A,111.54486265899992
Estimated_sequence_from_DMS_V42C,111.51617352899991
Estimated_sequence_from_DMS_V42D,111.51574601399992
Estimated_sequence_from_DMS_V42E,111.53168058099992
Estimated_sequence_from_DMS_V42F,111.52409236799991
Estimated_sequence_from_DMS_V42G,111.52658146499991
Estimated_sequence_from_DMS_V42H,111.50706772599992
Estimated_sequence_from_DMS_V42I,111.66818890799992
Estimated_sequence_from_DMS_V42K,111.51660964899992
Estimated_sequence_from_DMS_V42L,111.57176096699992
Estimated_sequence_from_DMS_V42M,111.54135550899991
Estimated_sequence_from_DMS_V42N,111.51815213099991
Estimated_sequence_from_DMS_V42P,111.51840718499992
Estimated_sequence_from_DMS_V42Q,111.51076131999992
Estimated_sequence_from_DMS_V42R,111.52080368099992
Estimated_sequence_from_DMS_V42S,111.50929855599992
Estimated_sequence_from_DMS_V42T,111.51330871099991
Estimated_sequence_from_DMS_V42W,111.51728263999992
Estimated_sequence_from_DMS_V42Y,111.51809920699992
Estimated_sequence_from_DMS_K43A,111.74162723299992
Estimated_sequence_from_DMS_K43C,111.67069834799992
Estimated_sequence_from_DMS_K43D,111.67547474899992
Estimated_sequence_from_DMS_K43E,111.67713541399992
Estimated_sequence_from_DMS_K43F,111.67631516499992
Estimated_sequence_from_DMS_K43G,111.69440712099991
Estimated_sequence_from_DMS_K43H,111.71549763399992
Estimated_sequence_from_DMS_K43I,111.67614434799991
Estimated_sequence_from_DMS_K43L,111.67389184099991
Estimated_sequence_from_DMS_K43M,111.72307381599991
Estimated_sequence_from_DMS_K43N,111.71400744399992
Estimated_sequence_from_DMS_K43P,111.66640642399992
Estimated_sequence_from_DMS_K43Q,111.77937950199991
Estimated_sequence_from_DMS_K43R,111.77781621999992
Estimated_sequence_from_DMS_K43S,111.72209012399992
Estimated_sequence_from_DMS_K43T,111.72542275999992
Estimated_sequence_from_DMS_K43V,111.68397348099991
Estimated_sequence_from_DMS_K43W,111.68168395199991
Estimated_sequence_from_DMS_K43Y,111.67759010899991
Estimated_sequence_from_DMS_T44A,111.63920972699991
Estimated_sequence_from_DMS_T44C,111.57641248799992
Estimated_sequence_from_DMS_T44D,111.58351160099991
Estimated_sequence_from_DMS_T44E,111.58070088999992
Estimated_sequence_from_DMS_T44F,111.57199024399992
Estimated_sequence_from_DMS_T44G,111.62689161099992
Estimated_sequence_from_DMS_T44H,111.56702265799991
Estimated_sequence_from_DMS_T44I,111.58367592299992
Estimated_sequence_from_DMS_T44K,111.59095846599992
Estimated_sequence_from_DMS_T44L,111.60081567299991
Estimated_sequence_from_DMS_T44M,111.60807350899991
Estimated_sequence_from_DMS_T44N,111.57502727599991
Estimated_sequence_from_DMS_T44P,111.58669909499991
Estimated_sequence_from_DMS_T44Q,111.58806583099991
Estimated_sequence_from_DMS_T44R,111.57613521599991
Estimated_sequence_from_DMS_T44S,111.67906889599992
Estimated_sequence_from_DMS_T44V,111.59913793999992
Estimated_sequence_from_DMS_T44W,111.57471299299992
Estimated_sequence_from_DMS_T44Y,111.57489244799991
Estimated_sequence_from_DMS_I45A,111.64798646499992
Estimated_sequence_from_DMS_I45C,111.63760653799991
Estimated_sequence_from_DMS_I45D,111.63804462999991
Estimated_sequence_from_DMS_I45E,111.63191332299992
Estimated_sequence_from_DMS_I45F,111.66095515399992
Estimated_sequence_from_DMS_I45G,111.62910899599991
Estimated_sequence_from_DMS_I45H,111.64227277499991
Estimated_sequence_from_DMS_I45K,111.63645571299992
Estimated_sequence_from_DMS_I45L,111.66399581999991
Estimated_sequence_from_DMS_I45M,111.67389984399992
Estimated_sequence_from_DMS_I45N,111.64790286199991
Estimated_sequence_from_DMS_I45P,111.68279499399992
Estimated_sequence_from_DMS_I45Q,111.63225447599991
Estimated_sequence_from_DMS_I45R,111.62461649199992
Estimated_sequence_from_DMS_I45S,111.65258063799992
Estimated_sequence_from_DMS_I45T,111.64733197099991
Estimated_sequence_from_DMS_I45V,111.74949786299992
Estimated_sequence_from_DMS_I45W,111.69791405299992
Estimated_sequence_from_DMS_I45Y,111.65257945999991
Estimated_sequence_from_DMS_T46A,111.76239531299991
Estimated_sequence_from_DMS_T46C,111.71939955499991
Estimated_sequence_from_DMS_T46D,111.73464619399992
Estimated_sequence_from_DMS_T46E,111.76884265599992
Estimated_sequence_from_DMS_T46F,111.73058225399991
Estimated_sequence_from_DMS_T46G,111.73990730399991
Estimated_sequence_from_DMS_T46H,111.74028170999992
Estimated_sequence_from_DMS_T46I,111.73974065699991
Estimated_sequence_from_DMS_T46K,111.75054819199991
Estimated_sequence_from_DMS_T46L,111.76573918499992
Estimated_sequence_from_DMS_T46M,111.76460206999991
Estimated_sequence_from_DMS_T46N,111.78112442599992
Estimated_sequence_from_DMS_T46P,111.71023343299991
Estimated_sequence_from_DMS_T46Q,111.75806736099992
Estimated_sequence_from_DMS_T46R,111.77778647099991
Estimated_sequence_from_DMS_T46S,111.77255180399992
Estimated_sequence_from_DMS_T46V,111.77640209399992
Estimated_sequence_from_DMS_T46W,111.73375029499992
Estimated_sequence_from_DMS_T46Y,111.74631775299991
Estimated_sequence_from_DMS_N47A,111.78287805299992
Estimated_sequence_from_DMS_N47C,111.75470044199992
Estimated_sequence_from_DMS_N47D,111.77047819499991
Estimated_sequence_from_DMS_N47E,111.77732385999991
Estimated_sequence_from_DMS_N47F,111.76897180199991
Estimated_sequence_from_DMS_N47G,111.75923110599992
Estimated_sequence_from_DMS_N47H,111.75975881799991
Estimated_sequence_from_DMS_N47I,111.74736880999991
Estimated_sequence_from_DMS_N47K,111.75868372799991
Estimated_sequence_from_DMS_N47L,111.75120205499991
Estimated_sequence_from_DMS_N47M,111.75520641399991
Estimated_sequence_from_DMS_N47P,111.72618328999991
Estimated_sequence_from_DMS_N47Q,111.77593932399992
Estimated_sequence_from_DMS_N47R,111.75633795099992
Estimated_sequence_from_DMS_N47S,111.74782396599991
Estimated_sequence_from_DMS_N47T,111.75795996599992
Estimated_sequence_from_DMS_N47V,111.77115962499991
Estimated_sequence_from_DMS_N47W,111.76519423799992
Estimated_sequence_from_DMS_N47Y,111.78323564299991
Estimated_sequence_from_DMS_D48A,111.77179966999992
Estimated_sequence_from_DMS_D48C,111.71709086699991
Estimated_sequence_from_DMS_D48E,111.79733127499992
Estimated_sequence_from_DMS_D48F,111.72084421399991
Estimated_sequence_from_DMS_D48G,111.74892228399992
Estimated_sequence_from_DMS_D48H,111.73481961299991
Estimated_sequence_from_DMS_D48I,111.73571376599992
Estimated_sequence_from_DMS_D48K,111.72131164899992
Estimated_sequence_from_DMS_D48L,111.74497739799992
Estimated_sequence_from_DMS_D48M,111.74071238499991
Estimated_sequence_from_DMS_D48N,111.81547455399992
Estimated_sequence_from_DMS_D48P,111.78584842499991
Estimated_sequence_from_DMS_D48Q,111.76053662199992
Estimated_sequence_from_DMS_D48R,111.73258455499992
Estimated_sequence_from_DMS_D48S,111.76420553899992
Estimated_sequence_from_DMS_D48T,111.75957773199991
Estimated_sequence_from_DMS_D48V,111.72311077299992
Estimated_sequence_from_DMS_D48W,111.73665609499992
Estimated_sequence_from_DMS_D48Y,111.75622241099991
Estimated_sequence_from_DMS_Q49A,111.78175508399991
Estimated_sequence_from_DMS_Q49C,111.70704754299992
Estimated_sequence_from_DMS_Q49D,111.73487667799992
Estimated_sequence_from_DMS_Q49E,111.76584413499991
Estimated_sequence_from_DMS_Q49F,111.75402808799991
Estimated_sequence_from_DMS_Q49G,111.76922169599992
Estimated_sequence_from_DMS_Q49H,111.75677261199992
Estimated_sequence_from_DMS_Q49I,111.73598547699991
Estimated_sequence_from_DMS_Q49K,111.75023906499992
Estimated_sequence_from_DMS_Q49L,111.76050078099992
Estimated_sequence_from_DMS_Q49M,111.73410555199992
Estimated_sequence_from_DMS_Q49N,111.73731471299992
Estimated_sequence_from_DMS_Q49P,111.70939548299991
Estimated_sequence_from_DMS_Q49R,111.78381025099992
Estimated_sequence_from_DMS_Q49S,111.71546549999992
Estimated_sequence_from_DMS_Q49T,111.72052596799992
Estimated_sequence_from_DMS_Q49V,111.75317448199992
Estimated_sequence_from_DMS_Q49W,111.72802544499991
Estimated_sequence_from_DMS_Q49Y,111.78380157299992
Estimated_sequence_from_DMS_I50A,111.68557566499992
Estimated_sequence_from_DMS_I50C,111.68715673999992
Estimated_sequence_from_DMS_I50D,111.67407729999992
Estimated_sequence_from_DMS_I50E,111.73930531199991
Estimated_sequence_from_DMS_I50F,111.69507765999991
Estimated_sequence_from_DMS_I50G,111.67571721699991
Estimated_sequence_from_DMS_I50H,111.69829208199991
Estimated_sequence_from_DMS_I50K,111.67410498299992
Estimated_sequence_from_DMS_I50L,111.78383057999991
Estimated_sequence_from_DMS_I50M,111.74888377299992
Estimated_sequence_from_DMS_I50N,111.76748463399991
Estimated_sequence_from_DMS_I50P,111.67083788599992
Estimated_sequence_from_DMS_I50Q,111.76791425999991
Estimated_sequence_from_DMS_I50R,111.67553472399992
Estimated_sequence_from_DMS_I50S,111.67758021699991
Estimated_sequence_from_DMS_I50T,111.72937890499992
Estimated_sequence_from_DMS_I50V,111.75680562199992
Estimated_sequence_from_DMS_I50W,111.67518703199991
Estimated_sequence_from_DMS_I50Y,111.68053941299992
Estimated_sequence_from_DMS_E51A,111.68645878099991
Estimated_sequence_from_DMS_E51C,111.62477328499992
Estimated_sequence_from_DMS_E51D,111.64299536499992
Estimated_sequence_from_DMS_E51F,111.62221821299991
Estimated_sequence_from_DMS_E51G,111.63281412999991
Estimated_sequence_from_DMS_E51H,111.61835880099991
Estimated_sequence_from_DMS_E51I,111.62830912899992
Estimated_sequence_from_DMS_E51K,111.62306825499992
Estimated_sequence_from_DMS_E51L,111.63745183299991
Estimated_sequence_from_DMS_E51M,111.62128005399991
Estimated_sequence_from_DMS_E51N,111.64126832499991
Estimated_sequence_from_DMS_E51P,111.62388464699991
Estimated_sequence_from_DMS_E51Q,111.67871870899991
Estimated_sequence_from_DMS_E51R,111.61728061099991
Estimated_sequence_from_DMS_E51S,111.67390161099992
Estimated_sequence_from_DMS_E51T,111.65004456199992
Estimated_sequence_from_DMS_E51V,111.62144814899992
Estimated_sequence_from_DMS_E51W,111.62415543199991
Estimated_sequence_from_DMS_E51Y,111.64317297499991
Estimated_sequence_from_DMS_V52A,111.5784072129999
Estimated_sequence_from_DMS_V52C,111.60373104699991
Estimated_sequence_from_DMS_V52D,111.51408699099991
Estimated_sequence_from_DMS_V52E,111.54851514999991
Estimated_sequence_from_DMS_V52F,111.52530906299991
Estimated_sequence_from_DMS_V52G,111.50662118599992
Estimated_sequence_from_DMS_V52H,111.51414723299992
Estimated_sequence_from_DMS_V52I,111.54288826699991
Estimated_sequence_from_DMS_V52K,111.52172765599991
Estimated_sequence_from_DMS_V52L,111.5159985889999
Estimated_sequence_from_DMS_V52M,111.52067299799991
Estimated_sequence_from_DMS_V52N,111.5462891889999
Estimated_sequence_from_DMS_V52P,111.5058568279999
Estimated_sequence_from_DMS_V52Q,111.50974651499992
Estimated_sequence_from_DMS_V52R,111.50670328799991
Estimated_sequence_from_DMS_V52S,111.50738318899991
Estimated_sequence_from_DMS_V52T,111.52633635299992
Estimated_sequence_from_DMS_V52W,111.51474906099992
Estimated_sequence_from_DMS_V52Y,111.51355902899991
Estimated_sequence_from_DMS_T53A,111.68922814999992
Estimated_sequence_from_DMS_T53C,111.69124581399991
Estimated_sequence_from_DMS_T53D,111.65327193999991
Estimated_sequence_from_DMS_T53E,111.66141419199991
Estimated_sequence_from_DMS_T53F,111.63613285999992
Estimated_sequence_from_DMS_T53G,111.63790440999992
Estimated_sequence_from_DMS_T53H,111.63008056199992
Estimated_sequence_from_DMS_T53I,111.71337858099992
Estimated_sequence_from_DMS_T53K,111.63368864599991
Estimated_sequence_from_DMS_T53L,111.65062652899991
Estimated_sequence_from_DMS_T53M,111.71282591099991
Estimated_sequence_from_DMS_T53N,111.69990681899992
Estimated_sequence_from_DMS_T53P,111.63189685699992
Estimated_sequence_from_DMS_T53Q,111.63684680699991
Estimated_sequence_from_DMS_T53R,111.62963827999991
Estimated_sequence_from_DMS_T53S,111.63508223099991
Estimated_sequence_from_DMS_T53V,111.76397641999992
Estimated_sequence_from_DMS_T53W,111.64362456199991
Estimated_sequence_from_DMS_T53Y,111.69791237499992
Estimated_sequence_from_DMS_N54A,111.80219117099992
Estimated_sequence_from_DMS_N54C,111.74320200299992
Estimated_sequence_from_DMS_N54D,111.74806232999991
Estimated_sequence_from_DMS_N54E,111.80676910899992
Estimated_sequence_from_DMS_N54F,111.76836760499991
Estimated_sequence_from_DMS_N54G,111.73899756799992
Estimated_sequence_from_DMS_N54H,111.72841098799992
Estimated_sequence_from_DMS_N54I,111.71891623599991
Estimated_sequence_from_DMS_N54K,111.73895398999991
Estimated_sequence_from_DMS_N54L,111.72229685199991
Estimated_sequence_from_DMS_N54M,111.74267584699992
Estimated_sequence_from_DMS_N54P,111.70701152499991
Estimated_sequence_from_DMS_N54Q,111.76521079599992
Estimated_sequence_from_DMS_N54R,111.75345585599992
Estimated_sequence_from_DMS_N54S,111.82871263399991
Estimated_sequence_from_DMS_N54T,111.76049163799992
Estimated_sequence_from_DMS_N54V,111.71559389799991
Estimated_sequence_from_DMS_N54W,111.72396024599992
Estimated_sequence_from_DMS_N54Y,111.76321881399991
Estimated_sequence_from_DMS_A55C,111.65525871999992
Estimated_sequence_from_DMS_A55D,111.69400736799992
Estimated_sequence_from_DMS_A55E,111.65184348299991
Estimated_sequence_from_DMS_A55F,111.67548646399992
Estimated_sequence_from_DMS_A55G,111.66502843799992
Estimated_sequence_from_DMS_A55H,111.66062912299992
Estimated_sequence_from_DMS_A55I,111.63867545899991
Estimated_sequence_from_DMS_A55K,111.64319172799992
Estimated_sequence_from_DMS_A55L,111.71100464899992
Estimated_sequence_from_DMS_A55M,111.64918344899992
Estimated_sequence_from_DMS_A55N,111.78712978099992
Estimated_sequence_from_DMS_A55P,111.68085433799992
Estimated_sequence_from_DMS_A55Q,111.67367309499991
Estimated_sequence_from_DMS_A55R,111.63870503799991
Estimated_sequence_from_DMS_A55S,111.72438326499991
Estimated_sequence_from_DMS_A55T,111.70548959299991
Estimated_sequence_from_DMS_A55V,111.65980756499991
Estimated_sequence_from_DMS_A55W,111.65125572599992
Estimated_sequence_from_DMS_A55Y,111.65258268399991
Estimated_sequence_from_DMS_T56A,111.72731190899992
Estimated_sequence_from_DMS_T56C,111.70859504299992
Estimated_sequence_from_DMS_T56D,111.70057493199991
Estimated_sequence_from_DMS_T56E,111.77666380299992
Estimated_sequence_from_DMS_T56F,111.74308650299992
Estimated_sequence_from_DMS_T56G,111.69288910499992
Estimated_sequence_from_DMS_T56H,111.70278897399992
Estimated_sequence_from_DMS_T56I,111.74417595899992
Estimated_sequence_from_DMS_T56K,111.72459929399992
Estimated_sequence_from_DMS_T56L,111.77356588199991
Estimated_sequence_from_DMS_T56M,111.76088885699991
Estimated_sequence_from_DMS_T56N,111.71652469799992
Estimated_sequence_from_DMS_T56P,111.69370038999992
Estimated_sequence_from_DMS_T56Q,111.75138469199992
Estimated_sequence_from_DMS_T56R,111.71615355399992
Estimated_sequence_from_DMS_T56S,111.70833007499992
Estimated_sequence_from_DMS_T56V,111.81048989399991
Estimated_sequence_from_DMS_T56W,111.70413883299992
Estimated_sequence_from_DMS_T56Y,111.74130358799991
Estimated_sequence_from_DMS_E57A,111.51292191599991
Estimated_sequence_from_DMS_E57C,111.52062671599991
Estimated_sequence_from_DMS_E57D,111.51746022299992
Estimated_sequence_from_DMS_E57F,111.51730449399992
Estimated_sequence_from_DMS_E57G,111.51345942599991
Estimated_sequence_from_DMS_E57H,111.50599859099991
Estimated_sequence_from_DMS_E57I,111.49765718799992
Estimated_sequence_from_DMS_E57K,111.57379911299991
Estimated_sequence_from_DMS_E57L,111.50899693599992
Estimated_sequence_from_DMS_E57M,111.53891885399992
Estimated_sequence_from_DMS_E57N,111.50762620299992
Estimated_sequence_from_DMS_E57P,111.49820083699991
Estimated_sequence_from_DMS_E57Q,111.51215791899992
Estimated_sequence_from_DMS_E57R,111.54294459099991
Estimated_sequence_from_DMS_E57S,111.51386280299991
Estimated_sequence_from_DMS_E57T,111.50477026799992
Estimated_sequence_from_DMS_E57V,111.50339460199991
Estimated_sequence_from_DMS_E57W,111.59668618499991
Estimated_sequence_from_DMS_E57Y,111.50194046199991
Estimated_sequence_from_DMS_L58A,111.59271996199992
Estimated_sequence_from_DMS_L58C,111.55288012999992
Estimated_sequence_from_DMS_L58D,111.57846910499991
Estimated_sequence_from_DMS_L58E,111.57230053699992
Estimated_sequence_from_DMS_L58F,111.58467140399992
Estimated_sequence_from_DMS_L58G,111.56093630899991
Estimated_sequence_from_DMS_L58H,111.55899722799991
Estimated_sequence_from_DMS_L58I,111.56551211399992
Estimated_sequence_from_DMS_L58K,111.56263050599992
Estimated_sequence_from_DMS_L58M,111.58743517499991
Estimated_sequence_from_DMS_L58N,111.55242122299991
Estimated_sequence_from_DMS_L58P,111.58125968199991
Estimated_sequence_from_DMS_L58Q,111.59264633599992
Estimated_sequence_from_DMS_L58R,111.56310068899991
Estimated_sequence_from_DMS_L58S,111.55626190399991
Estimated_sequence_from_DMS_L58T,111.58819123199991
Estimated_sequence_from_DMS_L58V,111.62574767199992
Estimated_sequence_from_DMS_L58W,111.55932190099992
Estimated_sequence_from_DMS_L58Y,111.56858393899991
Estimated_sequence_from_DMS_V59A,111.46058168199991
Estimated_sequence_from_DMS_V59C,111.44911930399991
Estimated_sequence_from_DMS_V59D,111.47587724199991
Estimated_sequence_from_DMS_V59E,111.46443074899992
Estimated_sequence_from_DMS_V59F,111.46227358999991
Estimated_sequence_from_DMS_V59G,111.46962778599992
Estimated_sequence_from_DMS_V59H,111.45684063199991
Estimated_sequence_from_DMS_V59I,111.49400554799992
Estimated_sequence_from_DMS_V59K,111.48866114199991
Estimated_sequence_from_DMS_V59L,111.46683910699991
Estimated_sequence_from_DMS_V59M,111.45587868499992
Estimated_sequence_from_DMS_V59N,111.45840725099991
Estimated_sequence_from_DMS_V59P,111.44341997999993
Estimated_sequence_from_DMS_V59Q,111.45860900299992
Estimated_sequence_from_DMS_V59R,111.45869372699991
Estimated_sequence_from_DMS_V59S,111.46129082399992
Estimated_sequence_from_DMS_V59T,111.46110748499991
Estimated_sequence_from_DMS_V59W,111.45171482299992
Estimated_sequence_from_DMS_V59Y,111.45873148599992
Estimated_sequence_from_DMS_Q60A,111.75663794299992
Estimated_sequence_from_DMS_Q60C,111.72315883599991
Estimated_sequence_from_DMS_Q60D,111.74175195999992
Estimated_sequence_from_DMS_Q60E,111.78952600599992
Estimated_sequence_from_DMS_Q60F,111.76879519299992
Estimated_sequence_from_DMS_Q60G,111.76109682299992
Estimated_sequence_from_DMS_Q60H,111.77255182099991
Estimated_sequence_from_DMS_Q60I,111.78738982899992
Estimated_sequence_from_DMS_Q60K,111.75748700199992
Estimated_sequence_from_DMS_Q60L,111.73186000099992
Estimated_sequence_from_DMS_Q60M,111.76203439299991
Estimated_sequence_from_DMS_Q60N,111.71306971699991
Estimated_sequence_from_DMS_Q60P,111.71325715699992
Estimated_sequence_from_DMS_Q60R,111.71854105499992
Estimated_sequence_from_DMS_Q60S,111.72835450999992
Estimated_sequence_from_DMS_Q60T,111.75866643999991
Estimated_sequence_from_DMS_Q60V,111.80066684499992
Estimated_sequence_from_DMS_Q60W,111.73976391999992
Estimated_sequence_from_DMS_Q60Y,111.74352579499991
Estimated_sequence_from_DMS_S61A,111.74590437299992
Estimated_sequence_from_DMS_S61C,111.72191190699992
Estimated_sequence_from_DMS_S61D,111.78264352899991
Estimated_sequence_from_DMS_S61E,111.70337070499991
Estimated_sequence_from_DMS_S61F,111.71410374699991
Estimated_sequence_from_DMS_S61G,111.73460333399991
Estimated_sequence_from_DMS_S61H,111.76340359799991
Estimated_sequence_from_DMS_S61I,111.79308694699992
Estimated_sequence_from_DMS_S61K,111.72836553299992
Estimated_sequence_from_DMS_S61L,111.72669887599992
Estimated_sequence_from_DMS_S61M,111.71487461999992
Estimated_sequence_from_DMS_S61N,111.74363971599992
Estimated_sequence_from_DMS_S61P,111.72172312099991
Estimated_sequence_from_DMS_S61Q,111.72736733099991
Estimated_sequence_from_DMS_S61R,111.75920179899991
Estimated_sequence_from_DMS_S61T,111.78178833299991
Estimated_sequence_from_DMS_S61V,111.74359817499992
Estimated_sequence_from_DMS_S61W,111.70869931499992
Estimated_sequence_from_DMS_S61Y,111.72258068499991
Estimated_sequence_from_DMS_S62A,111.78610851499991
Estimated_sequence_from_DMS_S62C,111.74344193199991
Estimated_sequence_from_DMS_S62D,111.77355463099991
Estimated_sequence_from_DMS_S62E,111.78020916899992
Estimated_sequence_from_DMS_S62F,111.77019730299992
Estimated_sequence_from_DMS_S62G,111.78691202999991
Estimated_sequence_from_DMS_S62H,111.77463969699991
Estimated_sequence_from_DMS_S62I,111.77183152999991
Estimated_sequence_from_DMS_S62K,111.77483945799992
Estimated_sequence_from_DMS_S62L,111.76391264699991
Estimated_sequence_from_DMS_S62M,111.77730311899991
Estimated_sequence_from_DMS_S62N,111.78044501799991
Estimated_sequence_from_DMS_S62P,111.74118716999992
Estimated_sequence_from_DMS_S62Q,111.78213104199992
Estimated_sequence_from_DMS_S62R,111.77084934499992
Estimated_sequence_from_DMS_S62T,111.79412439999992
Estimated_sequence_from_DMS_S62V,111.77827303799991
Estimated_sequence_from_DMS_S62W,111.75877589399991
Estimated_sequence_from_DMS_S62Y,111.79696352699992
Estimated_sequence_from_DMS_S63A,111.77006060999992
Estimated_sequence_from_DMS_S63C,111.71087499099991
Estimated_sequence_from_DMS_S63D,111.71669371399992
Estimated_sequence_from_DMS_S63E,111.70455497599991
Estimated_sequence_from_DMS_S63F,111.73024304299992
Estimated_sequence_from_DMS_S63G,111.75728981699991
Estimated_sequence_from_DMS_S63H,111.71574890999992
Estimated_sequence_from_DMS_S63I,111.74767929099991
Estimated_sequence_from_DMS_S63K,111.70712524299992
Estimated_sequence_from_DMS_S63L,111.73627413999992
Estimated_sequence_from_DMS_S63M,111.74317023499991
Estimated_sequence_from_DMS_S63N,111.72022385099991
Estimated_sequence_from_DMS_S63P,111.70099032299991
Estimated_sequence_from_DMS_S63Q,111.70954859699991
Estimated_sequence_from_DMS_S63R,111.69913707499991
Estimated_sequence_from_DMS_S63T,111.76920582399991
Estimated_sequence_from_DMS_S63V,111.74188230099992
Estimated_sequence_from_DMS_S63W,111.72257893999992
Estimated_sequence_from_DMS_S63Y,111.77420554399991
Estimated_sequence_from_DMS_T64A,111.75003627499991
Estimated_sequence_from_DMS_T64C,111.74184072899992
Estimated_sequence_from_DMS_T64D,111.78071293399992
Estimated_sequence_from_DMS_T64E,111.76421062099992
Estimated_sequence_from_DMS_T64F,111.78755620499992
Estimated_sequence_from_DMS_T64G,111.77743860099991
Estimated_sequence_from_DMS_T64H,111.77881051699991
Estimated_sequence_from_DMS_T64I,111.78663504099991
Estimated_sequence_from_DMS_T64K,111.79760219199991
Estimated_sequence_from_DMS_T64L,111.79659658999992
Estimated_sequence_from_DMS_T64M,111.74530277699992
Estimated_sequence_from_DMS_T64N,111.79770506499992
Estimated_sequence_from_DMS_T64P,111.77351045999991
Estimated_sequence_from_DMS_T64Q,111.77648771199992
Estimated_sequence_from_DMS_T64R,111.76879959599991
Estimated_sequence_from_DMS_T64S,111.79054788099991
Estimated_sequence_from_DMS_T64V,111.76764379599992
Estimated_sequence_from_DMS_T64W,111.75759577499991
Estimated_sequence_from_DMS_T64Y,111.77440791799991
Estimated_sequence_from_DMS_G65A,111.71824120099991
Estimated_sequence_from_DMS_G65C,111.69797967699992
Estimated_sequence_from_DMS_G65D,111.69582466099992
Estimated_sequence_from_DMS_G65E,111.70610177099992
Estimated_sequence_from_DMS_G65F,111.71066674099991
Estimated_sequence_from_DMS_G65H,111.70099476999991
Estimated_sequence_from_DMS_G65I,111.68095639599991
Estimated_sequence_from_DMS_G65K,111.70222564899991
Estimated_sequence_from_DMS_G65L,111.69508616099992
Estimated_sequence_from_DMS_G65M,111.69431736699991
Estimated_sequence_from_DMS_G65N,111.70772468399991
Estimated_sequence_from_DMS_G65P,111.71935959999992
Estimated_sequence_from_DMS_G65Q,111.70660951099991
Estimated_sequence_from_DMS_G65R,111.74059722599992
Estimated_sequence_from_DMS_G65S,111.70455311999991
Estimated_sequence_from_DMS_G65T,111.70178105499991
Estimated_sequence_from_DMS_G65V,111.67371315799991
Estimated_sequence_from_DMS_G65W,111.68118920299992
Estimated_sequence_from_DMS_G65Y,111.71005257599991
Estimated_sequence_from_DMS_E66A,111.79834246999991
Estimated_sequence_from_DMS_E66C,111.75921677199992
Estimated_sequence_from_DMS_E66D,111.74962768499991
Estimated_sequence_from_DMS_E66F,111.77316431299991
Estimated_sequence_from_DMS_E66G,111.73681655299991
Estimated_sequence_from_DMS_E66H,111.79108786199991
Estimated_sequence_from_DMS_E66I,111.81235806699992
Estimated_sequence_from_DMS_E66K,111.82050005399992
Estimated_sequence_from_DMS_E66L,111.79036874999991
Estimated_sequence_from_DMS_E66M,111.79197484399991
Estimated_sequence_from_DMS_E66N,111.75653793799991
Estimated_sequence_from_DMS_E66P,111.76089062899992
Estimated_sequence_from_DMS_E66Q,111.80051480899992
Estimated_sequence_from_DMS_E66R,111.78186670199992
Estimated_sequence_from_DMS_E66S,111.77322760099992
Estimated_sequence_from_DMS_E66T,111.79940299099992
Estimated_sequence_from_DMS_E66V,111.80412471999992
Estimated_sequence_from_DMS_E66W,111.76090249199991
Estimated_sequence_from_DMS_E66Y,111.76645137499992
Estimated_sequence_from_DMS_I67A,111.54485442099991
Estimated_sequence_from_DMS_I67C,111.55554372299991
Estimated_sequence_from_DMS_I67D,111.5610510779999
Estimated_sequence_from_DMS_I67E,111.63060399599992
Estimated_sequence_from_DMS_I67F,111.56495597399991
Estimated_sequence_from_DMS_I67G,111.57678268699992
Estimated_sequence_from_DMS_I67H,111.55886678599991
Estimated_sequence_from_DMS_I67K,111.56403309499991
Estimated_sequence_from_DMS_I67L,111.63504829299991
Estimated_sequence_from_DMS_I67M,111.56338965399992
Estimated_sequence_from_DMS_I67N,111.56062036199991
Estimated_sequence_from_DMS_I67P,111.54232459199991
Estimated_sequence_from_DMS_I67Q,111.54939537999991
Estimated_sequence_from_DMS_I67R,111.54209431799991
Estimated_sequence_from_DMS_I67S,111.54891807499992
Estimated_sequence_from_DMS_I67T,111.55954322799991
Estimated_sequence_from_DMS_I67V,111.57259140299992
Estimated_sequence_from_DMS_I67W,111.58209529099992
Estimated_sequence_from_DMS_I67Y,111.55930408899991
Estimated_sequence_from_DMS_C68A,111.42010664099993
Estimated_sequence_from_DMS_C68D,111.44405960099992
Estimated_sequence_from_DMS_C68E,111.43932840499993
Estimated_sequence_from_DMS_C68F,111.43037348099993
Estimated_sequence_from_DMS_C68G,111.42701106399993
Estimated_sequence_from_DMS_C68H,111.43544364999993
Estimated_sequence_from_DMS_C68I,111.42120779699992
Estimated_sequence_from_DMS_C68K,111.42624392699993
Estimated_sequence_from_DMS_C68L,111.43991186999993
Estimated_sequence_from_DMS_C68M,111.42299223999993
Estimated_sequence_from_DMS_C68N,111.42433402099992
Estimated_sequence_from_DMS_C68P,111.42472208699992
Estimated_sequence_from_DMS_C68Q,111.42590385899993
Estimated_sequence_from_DMS_C68R,111.45630081799992
Estimated_sequence_from_DMS_C68S,111.43492143899992
Estimated_sequence_from_DMS_C68T,111.42598966699993
Estimated_sequence_from_DMS_C68V,111.42782448999992
Estimated_sequence_from_DMS_C68W,111.45282417199991
Estimated_sequence_from_DMS_C68Y,111.44400919899992
Estimated_sequence_from_DMS_D69A,111.70777239599991
Estimated_sequence_from_DMS_D69C,111.65223065899991
Estimated_sequence_from_DMS_D69E,111.72677549699992
Estimated_sequence_from_DMS_D69F,111.65670235799992
Estimated_sequence_from_DMS_D69G,111.72829928999991
Estimated_sequence_from_DMS_D69H,111.69800598999991
Estimated_sequence_from_DMS_D69I,111.65009906899992
Estimated_sequence_from_DMS_D69K,111.66623115499992
Estimated_sequence_from_DMS_D69L,111.65734747199991
Estimated_sequence_from_DMS_D69M,111.65741879299992
Estimated_sequence_from_DMS_D69N,111.69203857399991
Estimated_sequence_from_DMS_D69P,111.64821178199992
Estimated_sequence_from_DMS_D69Q,111.68514129099991
Estimated_sequence_from_DMS_D69R,111.66208844799992
Estimated_sequence_from_DMS_D69S,111.71696428499992
Estimated_sequence_from_DMS_D69T,111.67092874699992
Estimated_sequence_from_DMS_D69V,111.66284275499991
Estimated_sequence_from_DMS_D69W,111.66750432499991
Estimated_sequence_from_DMS_D69Y,111.69116857999991
Estimated_sequence_from_DMS_S70A,111.76248735999991
Estimated_sequence_from_DMS_S70C,111.70652151699991
Estimated_sequence_from_DMS_S70D,111.71985830399991
Estimated_sequence_from_DMS_S70E,111.81216988499992
Estimated_sequence_from_DMS_S70F,111.71913418699991
Estimated_sequence_from_DMS_S70G,111.78460933099991
Estimated_sequence_from_DMS_S70H,111.75412141199992
Estimated_sequence_from_DMS_S70I,111.70483453899992
Estimated_sequence_from_DMS_S70K,111.74985733799991
Estimated_sequence_from_DMS_S70L,111.72036333299991
Estimated_sequence_from_DMS_S70M,111.76076920699991
Estimated_sequence_from_DMS_S70N,111.74132749899991
Estimated_sequence_from_DMS_S70P,111.70762243099992
Estimated_sequence_from_DMS_S70Q,111.82916795299991
Estimated_sequence_from_DMS_S70R,111.76542074899992
Estimated_sequence_from_DMS_S70T,111.75122044899992
Estimated_sequence_from_DMS_S70V,111.73345184399992
Estimated_sequence_from_DMS_S70W,111.71602572599991
Estimated_sequence_from_DMS_S70Y,111.74986455999992
Estimated_sequence_from_DMS_P71A,111.57933530899992
Estimated_sequence_from_DMS_P71C,111.55928117499991
Estimated_sequence_from_DMS_P71D,111.56095842999991
Estimated_sequence_from_DMS_P71E,111.57167475599991
Estimated_sequence_from_DMS_P71F,111.59042604799991
Estimated_sequence_from_DMS_P71G,111.56916277099991
Estimated_sequence_from_DMS_P71H,111.56637150599991
Estimated_sequence_from_DMS_P71I,111.56550813099992
Estimated_sequence_from_DMS_P71K,111.59067275599992
Estimated_sequence_from_DMS_P71L,111.56303803499992
Estimated_sequence_from_DMS_P71M,111.55020488099991
Estimated_sequence_from_DMS_P71N,111.54921757099991
Estimated_sequence_from_DMS_P71Q,111.57570926499992
Estimated_sequence_from_DMS_P71R,111.55925656399991
Estimated_sequence_from_DMS_P71S,111.55953721199991
Estimated_sequence_from_DMS_P71T,111.57848345699992
Estimated_sequence_from_DMS_P71V,111.58767953599991
Estimated_sequence_from_DMS_P71W,111.57038952899991
Estimated_sequence_from_DMS_P71Y,111.56703089299991
Estimated_sequence_from_DMS_H72A,111.67818544299992
Estimated_sequence_from_DMS_H72C,111.65686068499991
Estimated_sequence_from_DMS_H72D,111.65711256699991
Estimated_sequence_from_DMS_H72E,111.65924426099991
Estimated_sequence_from_DMS_H72F,111.76630101899991
Estimated_sequence_from_DMS_H72G,111.67356364099992
Estimated_sequence_from_DMS_H72I,111.70492106699992
Estimated_sequence_from_DMS_H72K,111.66068743099991
Estimated_sequence_from_DMS_H72L,111.70650422199992
Estimated_sequence_from_DMS_H72M,111.69414380999991
Estimated_sequence_from_DMS_H72N,111.69592253199991
Estimated_sequence_from_DMS_H72P,111.65180096799992
Estimated_sequence_from_DMS_H72Q,111.68526025299991
Estimated_sequence_from_DMS_H72R,111.66118534799992
Estimated_sequence_from_DMS_H72S,111.65249090999991
Estimated_sequence_from_DMS_H72T,111.66116236899991
Estimated_sequence_from_DMS_H72V,111.66977963099991
Estimated_sequence_from_DMS_H72W,111.75092756099991
Estimated_sequence_from_DMS_H72Y,111.78885754599992
Estimated_sequence_from_DMS_Q73A,111.78106336599991
Estimated_sequence_from_DMS_Q73C,111.72790987699992
Estimated_sequence_from_DMS_Q73D,111.75616064899991
Estimated_sequence_from_DMS_Q73E,111.77299109299992
Estimated_sequence_from_DMS_Q73F,111.74265214999991
Estimated_sequence_from_DMS_Q73G,111.74516896099992
Estimated_sequence_from_DMS_Q73H,111.76879863099991
Estimated_sequence_from_DMS_Q73I,111.79332204099991
Estimated_sequence_from_DMS_Q73K,111.80650792799992
Estimated_sequence_from_DMS_Q73L,111.80723326499992
Estimated_sequence_from_DMS_Q73M,111.75199777699991
Estimated_sequence_from_DMS_Q73N,111.83211931599992
Estimated_sequence_from_DMS_Q73P,111.72745748199992
Estimated_sequence_from_DMS_Q73R,111.77669001599992
Estimated_sequence_from_DMS_Q73S,111.77583293699992
Estimated_sequence_from_DMS_Q73T,111.77966012099992
Estimated_sequence_from_DMS_Q73V,111.80032080599992
Estimated_sequence_from_DMS_Q73W,111.73404766699991
Estimated_sequence_from_DMS_Q73Y,111.73673102399991
Estimated_sequence_from_DMS_I74A,111.55591542999991
Estimated_sequence_from_DMS_I74C,111.55626015399992
Estimated_sequence_from_DMS_I74D,111.55399770299991
Estimated_sequence_from_DMS_I74E,111.55418675199991
Estimated_sequence_from_DMS_I74F,111.58496615899992
Estimated_sequence_from_DMS_I74G,111.56942424399992
Estimated_sequence_from_DMS_I74H,111.55653402699991
Estimated_sequence_from_DMS_I74K,111.56897720299992
Estimated_sequence_from_DMS_I74L,111.58912410099991
Estimated_sequence_from_DMS_I74M,111.56428520899992
Estimated_sequence_from_DMS_I74N,111.5570259019999
Estimated_sequence_from_DMS_I74P,111.54715452099991
Estimated_sequence_from_DMS_I74Q,111.56475792999991
Estimated_sequence_from_DMS_I74R,111.55507591999991
Estimated_sequence_from_DMS_I74S,111.55590584899991
Estimated_sequence_from_DMS_I74T,111.55285465099992
Estimated_sequence_from_DMS_I74V,111.73022880399992
Estimated_sequence_from_DMS_I74W,111.60847125699992
Estimated_sequence_from_DMS_I74Y,111.55500714999991
Estimated_sequence_from_DMS_L75A,111.57986446099991
Estimated_sequence_from_DMS_L75C,111.59298990599991
Estimated_sequence_from_DMS_L75D,111.58691188499992
Estimated_sequence_from_DMS_L75E,111.57680823699991
Estimated_sequence_from_DMS_L75F,111.57913989799991
Estimated_sequence_from_DMS_L75G,111.57068948499992
Estimated_sequence_from_DMS_L75H,111.57037046799991
Estimated_sequence_from_DMS_L75I,111.67645553799991
Estimated_sequence_from_DMS_L75K,111.57331984599992
Estimated_sequence_from_DMS_L75M,111.61432175999991
Estimated_sequence_from_DMS_L75N,111.57150430699991
Estimated_sequence_from_DMS_L75P,111.58194593899991
Estimated_sequence_from_DMS_L75Q,111.57951055599992
Estimated_sequence_from_DMS_L75R,111.57017262299992
Estimated_sequence_from_DMS_L75S,111.57803628599991
Estimated_sequence_from_DMS_L75T,111.57706202099992
Estimated_sequence_from_DMS_L75V,111.76514735299992
Estimated_sequence_from_DMS_L75W,111.58462044099991
Estimated_sequence_from_DMS_L75Y,111.58315967599991
Estimated_sequence_from_DMS_D76A,111.48019910999992
Estimated_sequence_from_DMS_D76C,111.48019510199991
Estimated_sequence_from_DMS_D76E,111.48331086099991
Estimated_sequence_from_DMS_D76F,111.45665568499992
Estimated_sequence_from_DMS_D76G,111.46220005399991
Estimated_sequence_from_DMS_D76H,111.47532906099991
Estimated_sequence_from_DMS_D76I,111.47517376299992
Estimated_sequence_from_DMS_D76K,111.46662512099991
Estimated_sequence_from_DMS_D76L,111.46216189599991
Estimated_sequence_from_DMS_D76M,111.47005075799991
Estimated_sequence_from_DMS_D76N,111.47930939899992
Estimated_sequence_from_DMS_D76P,111.47595364199991
Estimated_sequence_from_DMS_D76Q,111.47379536499992
Estimated_sequence_from_DMS_D76R,111.46740845099991
Estimated_sequence_from_DMS_D76S,111.47531479999991
Estimated_sequence_from_DMS_D76T,111.4621616559999
Estimated_sequence_from_DMS_D76V,111.48837468799991
Estimated_sequence_from_DMS_D76W,111.47906129199991
Estimated_sequence_from_DMS_D76Y,111.50435452299992
Estimated_sequence_from_DMS_G77A,111.53906380499991
Estimated_sequence_from_DMS_G77C,111.5379172379999
Estimated_sequence_from_DMS_G77D,111.54845771299992
Estimated_sequence_from_DMS_G77E,111.56572280199991
Estimated_sequence_from_DMS_G77F,111.54247340999991
Estimated_sequence_from_DMS_G77H,111.54132666699991
Estimated_sequence_from_DMS_G77I,111.56106951999992
Estimated_sequence_from_DMS_G77K,111.54655675399991
Estimated_sequence_from_DMS_G77L,111.53927751099991
Estimated_sequence_from_DMS_G77M,111.55022428199992
Estimated_sequence_from_DMS_G77N,111.53798099199992
Estimated_sequence_from_DMS_G77P,111.5319604439999
Estimated_sequence_from_DMS_G77Q,111.54700143199992
Estimated_sequence_from_DMS_G77R,111.54527552699992
Estimated_sequence_from_DMS_G77S,111.54292518799991
Estimated_sequence_from_DMS_G77T,111.5570254289999
Estimated_sequence_from_DMS_G77V,111.73496703099991
Estimated_sequence_from_DMS_G77W,111.56288804699992
Estimated_sequence_from_DMS_G77Y,111.53426105299991
Estimated_sequence_from_DMS_K78A,111.76801468199992
Estimated_sequence_from_DMS_K78C,111.71917290099991
Estimated_sequence_from_DMS_K78D,111.77032565599991
Estimated_sequence_from_DMS_K78E,111.74059908799991
Estimated_sequence_from_DMS_K78F,111.72333626799991
Estimated_sequence_from_DMS_K78G,111.84649114099992
Estimated_sequence_from_DMS_K78H,111.73441495299991
Estimated_sequence_from_DMS_K78I,111.73056797999992
Estimated_sequence_from_DMS_K78L,111.75438439299991
Estimated_sequence_from_DMS_K78M,111.81239556599992
Estimated_sequence_from_DMS_K78N,111.76756209499992
Estimated_sequence_from_DMS_K78P,111.70865922799992
Estimated_sequence_from_DMS_K78Q,111.75841387899992
Estimated_sequence_from_DMS_K78R,111.74919583099991
Estimated_sequence_from_DMS_K78S,111.71929051299992
Estimated_sequence_from_DMS_K78T,111.72677017699992
Estimated_sequence_from_DMS_K78V,111.74214021399992
Estimated_sequence_from_DMS_K78W,111.74032497999991
Estimated_sequence_from_DMS_K78Y,111.72528922299992
Estimated_sequence_from_DMS_N79A,111.64368136499992
Estimated_sequence_from_DMS_N79C,111.60056300899991
Estimated_sequence_from_DMS_N79D,111.63099223299992
Estimated_sequence_from_DMS_N79E,111.64903665499992
Estimated_sequence_from_DMS_N79F,111.60714424899992
Estimated_sequence_from_DMS_N79G,111.65367451799992
Estimated_sequence_from_DMS_N79H,111.64744572899991
Estimated_sequence_from_DMS_N79I,111.60116507699992
Estimated_sequence_from_DMS_N79K,111.63730887799991
Estimated_sequence_from_DMS_N79L,111.61886638199992
Estimated_sequence_from_DMS_N79M,111.63615564799991
Estimated_sequence_from_DMS_N79P,111.60390374899991
Estimated_sequence_from_DMS_N79Q,111.65032901899991
Estimated_sequence_from_DMS_N79R,111.61333184099992
Estimated_sequence_from_DMS_N79S,111.62313322699991
Estimated_sequence_from_DMS_N79T,111.64898464399991
Estimated_sequence_from_DMS_N79V,111.60364048599992
Estimated_sequence_from_DMS_N79W,111.62473073499991
Estimated_sequence_from_DMS_N79Y,111.63104414299991
Estimated_sequence_from_DMS_C80A,111.51093091599991
Estimated_sequence_from_DMS_C80D,111.71443095599992
Estimated_sequence_from_DMS_C80E,111.55725385999992
Estimated_sequence_from_DMS_C80F,111.55604238299992
Estimated_sequence_from_DMS_C80G,111.52413278699991
Estimated_sequence_from_DMS_C80H,111.50849479699991
Estimated_sequence_from_DMS_C80I,111.5137093049999
Estimated_sequence_from_DMS_C80K,111.51933636199992
Estimated_sequence_from_DMS_C80L,111.51375472099991
Estimated_sequence_from_DMS_C80M,111.52655907999991
Estimated_sequence_from_DMS_C80N,111.52117602299991
Estimated_sequence_from_DMS_C80P,111.52120537599991
Estimated_sequence_from_DMS_C80Q,111.51635297699991
Estimated_sequence_from_DMS_C80R,111.51035053899992
Estimated_sequence_from_DMS_C80S,111.51434678199992
Estimated_sequence_from_DMS_C80T,111.55513912899991
Estimated_sequence_from_DMS_C80V,111.51339375199991
Estimated_sequence_from_DMS_C80W,111.52337627299991
Estimated_sequence_from_DMS_C80Y,111.52702324599991
Estimated_sequence_from_DMS_T81A,111.57759391499991
Estimated_sequence_from_DMS_T81C,111.56924849099991
Estimated_sequence_from_DMS_T81D,111.56175700099992
Estimated_sequence_from_DMS_T81E,111.55980617299991
Estimated_sequence_from_DMS_T81F,111.57239483899991
Estimated_sequence_from_DMS_T81G,111.57414068099992
Estimated_sequence_from_DMS_T81H,111.57445093699991
Estimated_sequence_from_DMS_T81I,111.57747349499991
Estimated_sequence_from_DMS_T81K,111.59074405699991
Estimated_sequence_from_DMS_T81L,111.59333299099991
Estimated_sequence_from_DMS_T81M,111.61719426199991
Estimated_sequence_from_DMS_T81N,111.56771526899992
Estimated_sequence_from_DMS_T81P,111.55556076999991
Estimated_sequence_from_DMS_T81Q,111.57132518199991
Estimated_sequence_from_DMS_T81R,111.56721478699991
Estimated_sequence_from_DMS_T81S,111.63446930999991
Estimated_sequence_from_DMS_T81V,111.5689443919999
Estimated_sequence_from_DMS_T81W,111.5680663059999
Estimated_sequence_from_DMS_T81Y,111.55565578799991
Estimated_sequence_from_DMS_L82A,111.43799133899992
Estimated_sequence_from_DMS_L82C,111.44401559499993
Estimated_sequence_from_DMS_L82D,111.4490985039999
Estimated_sequence_from_DMS_L82E,111.45063652899991
Estimated_sequence_from_DMS_L82F,111.48179110799991
Estimated_sequence_from_DMS_L82G,111.43768002799993
Estimated_sequence_from_DMS_L82H,111.44291327299993
Estimated_sequence_from_DMS_L82I,111.49763504099991
Estimated_sequence_from_DMS_L82K,111.44744511899991
Estimated_sequence_from_DMS_L82M,111.46894398699992
Estimated_sequence_from_DMS_L82N,111.44189280099992
Estimated_sequence_from_DMS_L82P,111.47250141899991
Estimated_sequence_from_DMS_L82Q,111.45840326499992
Estimated_sequence_from_DMS_L82R,111.45804015699991
Estimated_sequence_from_DMS_L82S,111.45262964899992
Estimated_sequence_from_DMS_L82T,111.44351328599993
Estimated_sequence_from_DMS_L82V,111.46305827199991
Estimated_sequence_from_DMS_L82W,111.45518682099991
Estimated_sequence_from_DMS_L82Y,111.45084127199992
Estimated_sequence_from_DMS_I83A,111.53730829799991
Estimated_sequence_from_DMS_I83C,111.55959244499991
Estimated_sequence_from_DMS_I83D,111.54385901699992
Estimated_sequence_from_DMS_I83E,111.55372234599992
Estimated_sequence_from_DMS_I83F,111.55220230399992
Estimated_sequence_from_DMS_I83G,111.54306990999991
Estimated_sequence_from_DMS_I83H,111.54967008899992
Estimated_sequence_from_DMS_I83K,111.63335835999992
Estimated_sequence_from_DMS_I83L,111.59625891399992
Estimated_sequence_from_DMS_I83M,111.68375550799992
Estimated_sequence_from_DMS_I83N,111.54597951499991
Estimated_sequence_from_DMS_I83P,111.54283204399991
Estimated_sequence_from_DMS_I83Q,111.54195819899991
Estimated_sequence_from_DMS_I83R,111.54931162299991
Estimated_sequence_from_DMS_I83S,111.54672917199991
Estimated_sequence_from_DMS_I83T,111.55142993399991
Estimated_sequence_from_DMS_I83V,111.60643243599992
Estimated_sequence_from_DMS_I83W,111.54054949999991
Estimated_sequence_from_DMS_I83Y,111.54932167099992
Estimated_sequence_from_DMS_D84A,111.4528848389999
Estimated_sequence_from_DMS_D84C,111.48307064699992
Estimated_sequence_from_DMS_D84E,111.46030531099991
Estimated_sequence_from_DMS_D84F,111.45501822599991
Estimated_sequence_from_DMS_D84G,111.46095319999992
Estimated_sequence_from_DMS_D84H,111.45255263299991
Estimated_sequence_from_DMS_D84I,111.45508118199992
Estimated_sequence_from_DMS_D84K,111.45582398599991
Estimated_sequence_from_DMS_D84L,111.44679254099991
Estimated_sequence_from_DMS_D84M,111.47107315099991
Estimated_sequence_from_DMS_D84N,111.46005320799992
Estimated_sequence_from_DMS_D84P,111.45175090499991
Estimated_sequence_from_DMS_D84Q,111.45098502799992
Estimated_sequence_from_DMS_D84R,111.46726124799991
Estimated_sequence_from_DMS_D84S,111.47451548099991
Estimated_sequence_from_DMS_D84T,111.4472319549999
Estimated_sequence_from_DMS_D84V,111.51124520799992
Estimated_sequence_from_DMS_D84W,111.46352174299992
Estimated_sequence_from_DMS_D84Y,111.48165256999991
Estimated_sequence_from_DMS_A85C,111.57993932499991
Estimated_sequence_from_DMS_A85D,111.54813083299992
Estimated_sequence_from_DMS_A85E,111.53397113899992
Estimated_sequence_from_DMS_A85F,111.53534450399991
Estimated_sequence_from_DMS_A85G,111.5359549349999
Estimated_sequence_from_DMS_A85H,111.53544067299991
Estimated_sequence_from_DMS_A85I,111.59969085999991
Estimated_sequence_from_DMS_A85K,111.5431329319999
Estimated_sequence_from_DMS_A85L,111.52714050499992
Estimated_sequence_from_DMS_A85M,111.53657973099992
Estimated_sequence_from_DMS_A85N,111.52662243099991
Estimated_sequence_from_DMS_A85P,111.52640471299992
Estimated_sequence_from_DMS_A85Q,111.53703705999992
Estimated_sequence_from_DMS_A85R,111.55048966299991
Estimated_sequence_from_DMS_A85S,111.58504676399991
Estimated_sequence_from_DMS_A85T,111.58183592899992
Estimated_sequence_from_DMS_A85V,111.53835791299991
Estimated_sequence_from_DMS_A85W,111.53798933799992
Estimated_sequence_from_DMS_A85Y,111.54100807999991
Estimated_sequence_from_DMS_L86A,111.50864157899991
Estimated_sequence_from_DMS_L86C,111.49722331099991
Estimated_sequence_from_DMS_L86D,111.49376891199991
Estimated_sequence_from_DMS_L86E,111.49812978499992
Estimated_sequence_from_DMS_L86F,111.50454066499991
Estimated_sequence_from_DMS_L86G,111.50775519099992
Estimated_sequence_from_DMS_L86H,111.50079443399991
Estimated_sequence_from_DMS_L86I,111.65533266699991
Estimated_sequence_from_DMS_L86K,111.50291615199991
Estimated_sequence_from_DMS_L86M,111.5562673789999
Estimated_sequence_from_DMS_L86N,111.49778749699992
Estimated_sequence_from_DMS_L86P,111.51654332399991
Estimated_sequence_from_DMS_L86Q,111.53238377499991
Estimated_sequence_from_DMS_L86R,111.50308284299992
Estimated_sequence_from_DMS_L86S,111.49654084799991
Estimated_sequence_from_DMS_L86T,111.5050598139999
Estimated_sequence_from_DMS_L86V,111.54163899899991
Estimated_sequence_from_DMS_L86W,111.5032332179999
Estimated_sequence_from_DMS_L86Y,111.50397785299991
Estimated_sequence_from_DMS_L87A,111.52727328499991
Estimated_sequence_from_DMS_L87C,111.52390598099991
Estimated_sequence_from_DMS_L87D,111.52955416799992
Estimated_sequence_from_DMS_L87E,111.53310797999991
Estimated_sequence_from_DMS_L87F,111.54583476899991
Estimated_sequence_from_DMS_L87G,111.53532244299991
Estimated_sequence_from_DMS_L87H,111.58901099299992
Estimated_sequence_from_DMS_L87I,111.57439446599992
Estimated_sequence_from_DMS_L87K,111.56700477099992
Estimated_sequence_from_DMS_L87M,111.53335377899991
Estimated_sequence_from_DMS_L87N,111.54088217099991
Estimated_sequence_from_DMS_L87P,111.52187353099991
Estimated_sequence_from_DMS_L87Q,111.53715312799991
Estimated_sequence_from_DMS_L87R,111.51698806999991
Estimated_sequence_from_DMS_L87S,111.52878429599991
Estimated_sequence_from_DMS_L87T,111.53633778099992
Estimated_sequence_from_DMS_L87V,111.55501783899992
Estimated_sequence_from_DMS_L87W,111.54866830799992
Estimated_sequence_from_DMS_L87Y,111.53062322599992
Estimated_sequence_from_DMS_G88A,111.44729019399992
Estimated_sequence_from_DMS_G88C,111.45508526499991
Estimated_sequence_from_DMS_G88D,111.46641940799991
Estimated_sequence_from_DMS_G88E,111.47327070799992
Estimated_sequence_from_DMS_G88F,111.46127899499992
Estimated_sequence_from_DMS_G88H,111.47137192099991
Estimated_sequence_from_DMS_G88I,111.45886582699991
Estimated_sequence_from_DMS_G88K,111.46725370199991
Estimated_sequence_from_DMS_G88L,111.45716041499992
Estimated_sequence_from_DMS_G88M,111.48528413899992
Estimated_sequence_from_DMS_G88N,111.45960401899991
Estimated_sequence_from_DMS_G88P,111.44325971599993
Estimated_sequence_from_DMS_G88Q,111.46158440699992
Estimated_sequence_from_DMS_G88R,111.47979815299992
Estimated_sequence_from_DMS_G88S,111.44281008799993
Estimated_sequence_from_DMS_G88T,111.45250234199992
Estimated_sequence_from_DMS_G88V,111.50972237399992
Estimated_sequence_from_DMS_G88W,111.46125690399991
Estimated_sequence_from_DMS_G88Y,111.44437862699994
Estimated_sequence_from_DMS_D89A,111.61036132699992
Estimated_sequence_from_DMS_D89C,111.49359585499991
Estimated_sequence_from_DMS_D89E,111.50237229899992
Estimated_sequence_from_DMS_D89F,111.4925074189999
Estimated_sequence_from_DMS_D89G,111.51397907899991
Estimated_sequence_from_DMS_D89H,111.48899639699991
Estimated_sequence_from_DMS_D89I,111.49239897499992
Estimated_sequence_from_DMS_D89K,111.52368847399991
Estimated_sequence_from_DMS_D89L,111.49068022699991
Estimated_sequence_from_DMS_D89M,111.50333057499991
Estimated_sequence_from_DMS_D89N,111.50258882399991
Estimated_sequence_from_DMS_D89P,111.4936988279999
Estimated_sequence_from_DMS_D89Q,111.50125918499991
Estimated_sequence_from_DMS_D89R,111.49587224499992
Estimated_sequence_from_DMS_D89S,111.53538987199991
Estimated_sequence_from_DMS_D89T,111.51461157899992
Estimated_sequence_from_DMS_D89V,111.53637951299991
Estimated_sequence_from_DMS_D89W,111.50530655199991
Estimated_sequence_from_DMS_D89Y,111.49956836099992
Estimated_sequence_from_DMS_P90A,111.48002407499992
Estimated_sequence_from_DMS_P90C,111.47363494499992
Estimated_sequence_from_DMS_P90D,111.50345956599992
Estimated_sequence_from_DMS_P90E,111.48407832399991
Estimated_sequence_from_DMS_P90F,111.50448068999991
Estimated_sequence_from_DMS_P90G,111.47321371899992
Estimated_sequence_from_DMS_P90H,111.50514285899992
Estimated_sequence_from_DMS_P90I,111.50447034499992
Estimated_sequence_from_DMS_P90K,111.48761418099991
Estimated_sequence_from_DMS_P90L,111.47219841599991
Estimated_sequence_from_DMS_P90M,111.46969267699991
Estimated_sequence_from_DMS_P90N,111.47798114199992
Estimated_sequence_from_DMS_P90Q,111.47644474699992
Estimated_sequence_from_DMS_P90R,111.46541979299991
Estimated_sequence_from_DMS_P90S,111.47874438899991
Estimated_sequence_from_DMS_P90T,111.47876655899991
Estimated_sequence_from_DMS_P90V,111.48487923499991
Estimated_sequence_from_DMS_P90W,111.48979711299991
Estimated_sequence_from_DMS_P90Y,111.53981846999991
Estimated_sequence_from_DMS_Q91A,111.74611346099992
Estimated_sequence_from_DMS_Q91C,111.69482137499992
Estimated_sequence_from_DMS_Q91D,111.72450585699991
Estimated_sequence_from_DMS_Q91E,111.72967459299991
Estimated_sequence_from_DMS_Q91F,111.70591012399991
Estimated_sequence_from_DMS_Q91G,111.80365268699991
Estimated_sequence_from_DMS_Q91H,111.82423162699992
Estimated_sequence_from_DMS_Q91I,111.72299364499992
Estimated_sequence_from_DMS_Q91K,111.71170975999992
Estimated_sequence_from_DMS_Q91L,111.74227130699991
Estimated_sequence_from_DMS_Q91M,111.75671183299991
Estimated_sequence_from_DMS_Q91N,111.77791835199992
Estimated_sequence_from_DMS_Q91P,111.69827441099991
Estimated_sequence_from_DMS_Q91R,111.69674636699992
Estimated_sequence_from_DMS_Q91S,111.74340075199991
Estimated_sequence_from_DMS_Q91T,111.71218771999992
Estimated_sequence_from_DMS_Q91V,111.71302700299992
Estimated_sequence_from_DMS_Q91W,111.70243106699992
Estimated_sequence_from_DMS_Q91Y,111.70528056399992
Estimated_sequence_from_DMS_C92A,111.4787795519999
Estimated_sequence_from_DMS_C92D,111.46356642599991
Estimated_sequence_from_DMS_C92E,111.47432364899991
Estimated_sequence_from_DMS_C92F,111.52838865299991
Estimated_sequence_from_DMS_C92G,111.4921112729999
Estimated_sequence_from_DMS_C92H,111.46160964799991
Estimated_sequence_from_DMS_C92I,111.47064852699991
Estimated_sequence_from_DMS_C92K,111.4756975419999
Estimated_sequence_from_DMS_C92L,111.48809642499991
Estimated_sequence_from_DMS_C92M,111.48585947999992
Estimated_sequence_from_DMS_C92N,111.48602370199991
Estimated_sequence_from_DMS_C92P,111.46225250699992
Estimated_sequence_from_DMS_C92Q,111.47749931899992
Estimated_sequence_from_DMS_C92R,111.46970923399991
Estimated_sequence_from_DMS_C92S,111.49424007199991
Estimated_sequence_from_DMS_C92T,111.46133433299991
Estimated_sequence_from_DMS_C92V,111.47677254299991
Estimated_sequence_from_DMS_C92W,111.48485622299991
Estimated_sequence_from_DMS_C92Y,111.46562387599991
Estimated_sequence_from_DMS_D93A,111.49367416699991
Estimated_sequence_from_DMS_D93C,111.48304668099992
Estimated_sequence_from_DMS_D93E,111.58796626199991
Estimated_sequence_from_DMS_D93F,111.49847019899991
Estimated_sequence_from_DMS_D93G,111.52967966899992
Estimated_sequence_from_DMS_D93H,111.49644890099991
Estimated_sequence_from_DMS_D93I,111.48660006899992
Estimated_sequence_from_DMS_D93K,111.48676427999992
Estimated_sequence_from_DMS_D93L,111.50123974799992
Estimated_sequence_from_DMS_D93M,111.51330551599992
Estimated_sequence_from_DMS_D93N,111.50311000999992
Estimated_sequence_from_DMS_D93P,111.50095166699991
Estimated_sequence_from_DMS_D93Q,111.50085460399991
Estimated_sequence_from_DMS_D93R,111.48931577699992
Estimated_sequence_from_DMS_D93S,111.50084533799992
Estimated_sequence_from_DMS_D93T,111.49840958199991
Estimated_sequence_from_DMS_D93V,111.4997581619999
Estimated_sequence_from_DMS_D93W,111.51806308599991
Estimated_sequence_from_DMS_D93Y,111.51886610899992
Estimated_sequence_from_DMS_D94A,111.68415982999991
Estimated_sequence_from_DMS_D94C,111.69236273099992
Estimated_sequence_from_DMS_D94E,111.88766938999991
Estimated_sequence_from_DMS_D94F,111.67160607099991
Estimated_sequence_from_DMS_D94G,111.70866043299992
Estimated_sequence_from_DMS_D94H,111.69562668799992
Estimated_sequence_from_DMS_D94I,111.67353167999991
Estimated_sequence_from_DMS_D94K,111.68569967199991
Estimated_sequence_from_DMS_D94L,111.67983158399991
Estimated_sequence_from_DMS_D94M,111.68235519399991
Estimated_sequence_from_DMS_D94N,111.70207556999992
Estimated_sequence_from_DMS_D94P,111.67634357799992
Estimated_sequence_from_DMS_D94Q,111.69445672099991
Estimated_sequence_from_DMS_D94R,111.67673530699992
Estimated_sequence_from_DMS_D94S,111.69958167799992
Estimated_sequence_from_DMS_D94T,111.68688096899992
Estimated_sequence_from_DMS_D94V,111.81461472699992
Estimated_sequence_from_DMS_D94W,111.68358280799991
Estimated_sequence_from_DMS_D94Y,111.70510937599991
Estimated_sequence_from_DMS_F95A,111.62006266699991
Estimated_sequence_from_DMS_F95C,111.62169372499991
Estimated_sequence_from_DMS_F95D,111.62910003599991
Estimated_sequence_from_DMS_F95E,111.61190146699991
Estimated_sequence_from_DMS_F95G,111.60844311899992
Estimated_sequence_from_DMS_F95H,111.63784772799991
Estimated_sequence_from_DMS_F95I,111.70086128999992
Estimated_sequence_from_DMS_F95K,111.64985621799991
Estimated_sequence_from_DMS_F95L,111.86321868099992
Estimated_sequence_from_DMS_F95M,111.66812555899992
Estimated_sequence_from_DMS_F95N,111.61888776499991
Estimated_sequence_from_DMS_F95P,111.61287426199992
Estimated_sequence_from_DMS_F95Q,111.62410412499992
Estimated_sequence_from_DMS_F95R,111.61697515799992
Estimated_sequence_from_DMS_F95S,111.61897849099992
Estimated_sequence_from_DMS_F95T,111.63434193799992
Estimated_sequence_from_DMS_F95V,111.65428628599992
Estimated_sequence_from_DMS_F95W,111.61302146899992
Estimated_sequence_from_DMS_F95Y,111.62282794099991
Estimated_sequence_from_DMS_Q96A,111.73262130999991
Estimated_sequence_from_DMS_Q96C,111.65001472599991
Estimated_sequence_from_DMS_Q96D,111.67979986199991
Estimated_sequence_from_DMS_Q96E,111.72090871099992
Estimated_sequence_from_DMS_Q96F,111.64550557799991
Estimated_sequence_from_DMS_Q96G,111.66803584699991
Estimated_sequence_from_DMS_Q96H,111.68709602299991
Estimated_sequence_from_DMS_Q96I,111.67951777799992
Estimated_sequence_from_DMS_Q96K,111.68940219299992
Estimated_sequence_from_DMS_Q96L,111.66351000699991
Estimated_sequence_from_DMS_Q96M,111.72703627399991
Estimated_sequence_from_DMS_Q96N,111.68621832899991
Estimated_sequence_from_DMS_Q96P,111.64541861199992
Estimated_sequence_from_DMS_Q96R,111.66623454999991
Estimated_sequence_from_DMS_Q96S,111.68931218199991
Estimated_sequence_from_DMS_Q96T,111.67709877899992
Estimated_sequence_from_DMS_Q96V,111.66506542999991
Estimated_sequence_from_DMS_Q96W,111.64662732099991
Estimated_sequence_from_DMS_Q96Y,111.66157731599992
Estimated_sequence_from_DMS_N97A,111.60046946299991
Estimated_sequence_from_DMS_N97C,111.60024387599991
Estimated_sequence_from_DMS_N97D,111.73614461099992
Estimated_sequence_from_DMS_N97E,111.63159832199992
Estimated_sequence_from_DMS_N97F,111.60317343599992
Estimated_sequence_from_DMS_N97G,111.71575924999992
Estimated_sequence_from_DMS_N97H,111.61909837099992
Estimated_sequence_from_DMS_N97I,111.59003004999991
Estimated_sequence_from_DMS_N97K,111.60118485599992
Estimated_sequence_from_DMS_N97L,111.60630682299991
Estimated_sequence_from_DMS_N97M,111.60308524399991
Estimated_sequence_from_DMS_N97P,111.58799056799991
Estimated_sequence_from_DMS_N97Q,111.63250094199991
Estimated_sequence_from_DMS_N97R,111.59650942999991
Estimated_sequence_from_DMS_N97S,111.61418784799991
Estimated_sequence_from_DMS_N97T,111.59455080199992
Estimated_sequence_from_DMS_N97V,111.59259823199992
Estimated_sequence_from_DMS_N97W,111.58944464799991
Estimated_sequence_from_DMS_N97Y,111.59686731299992
Estimated_sequence_from_DMS_K98A,111.85752157099992
Estimated_sequence_from_DMS_K98C,111.68710248099991
Estimated_sequence_from_DMS_K98D,111.68687643699991
Estimated_sequence_from_DMS_K98E,111.72422220899992
Estimated_sequence_from_DMS_K98F,111.68728920899991
Estimated_sequence_from_DMS_K98G,111.69975495799991
Estimated_sequence_from_DMS_K98H,111.68986389499992
Estimated_sequence_from_DMS_K98I,111.70059348099991
Estimated_sequence_from_DMS_K98L,111.71754841799992
Estimated_sequence_from_DMS_K98M,111.70991156699992
Estimated_sequence_from_DMS_K98N,111.70014552799991
Estimated_sequence_from_DMS_K98P,111.68015388999991
Estimated_sequence_from_DMS_K98Q,111.74941515299992
Estimated_sequence_from_DMS_K98R,111.70603829199992
Estimated_sequence_from_DMS_K98S,111.80966295299991
Estimated_sequence_from_DMS_K98T,111.71818515499992
Estimated_sequence_from_DMS_K98V,111.75138516699991
Estimated_sequence_from_DMS_K98W,111.69113604799992
Estimated_sequence_from_DMS_K98Y,111.68971875499992
Estimated_sequence_from_DMS_K99A,111.72911923499991
Estimated_sequence_from_DMS_K99C,111.71938296199991
Estimated_sequence_from_DMS_K99D,111.72338794999992
Estimated_sequence_from_DMS_K99E,111.82175976599991
Estimated_sequence_from_DMS_K99F,111.70055189599991
Estimated_sequence_from_DMS_K99G,111.70557712199991
Estimated_sequence_from_DMS_K99H,111.74206123899991
Estimated_sequence_from_DMS_K99I,111.70406064499991
Estimated_sequence_from_DMS_K99L,111.69309404499991
Estimated_sequence_from_DMS_K99M,111.70621406599992
Estimated_sequence_from_DMS_K99N,111.73693840599991
Estimated_sequence_from_DMS_K99P,111.69806736799991
Estimated_sequence_from_DMS_K99Q,111.78092103399992
Estimated_sequence_from_DMS_K99R,111.7837695079999
Estimated_sequence_from_DMS_K99S,111.77395749199991
Estimated_sequence_from_DMS_K99T,111.7852792549999
Estimated_sequence_from_DMS_K99V,111.7119888719999
Estimated_sequence_from_DMS_K99W,111.71059934399992
Estimated_sequence_from_DMS_K99Y,111.7061357199999
Estimated_sequence_from_DMS_W100A,111.46618027899991
Estimated_sequence_from_DMS_W100C,111.49741561499991
Estimated_sequence_from_DMS_W100D,111.46886867599991
Estimated_sequence_from_DMS_W100E,111.4832035949999
Estimated_sequence_from_DMS_W100F,111.61223956499991
Estimated_sequence_from_DMS_W100G,111.46957588299992
Estimated_sequence_from_DMS_W100H,111.46324884299992
Estimated_sequence_from_DMS_W100I,111.47785399999991
Estimated_sequence_from_DMS_W100K,111.48408443499991
Estimated_sequence_from_DMS_W100L,111.46552020599991
Estimated_sequence_from_DMS_W100M,111.48753859999991
Estimated_sequence_from_DMS_W100N,111.47176677999991
Estimated_sequence_from_DMS_W100P,111.46357656399991
Estimated_sequence_from_DMS_W100Q,111.48202089299991
Estimated_sequence_from_DMS_W100R,111.47333508099992
Estimated_sequence_from_DMS_W100S,111.47671956999991
Estimated_sequence_from_DMS_W100T,111.48653723999992
Estimated_sequence_from_DMS_W100V,111.47627348899991
Estimated_sequence_from_DMS_W100Y,111.47424897099991
Estimated_sequence_from_DMS_D101A,111.49708157099991
Estimated_sequence_from_DMS_D101C,111.51485782899991
Estimated_sequence_from_DMS_D101E,111.55004309699991
Estimated_sequence_from_DMS_D101F,111.50053505099991
Estimated_sequence_from_DMS_D101G,111.53109617999992
Estimated_sequence_from_DMS_D101H,111.50003008899992
Estimated_sequence_from_DMS_D101I,111.58489679399992
Estimated_sequence_from_DMS_D101K,111.50945811599992
Estimated_sequence_from_DMS_D101L,111.50611731399991
Estimated_sequence_from_DMS_D101M,111.50296636699991
Estimated_sequence_from_DMS_D101N,111.51285711299991
Estimated_sequence_from_DMS_D101P,111.49653927399991
Estimated_sequence_from_DMS_D101Q,111.50532824499992
Estimated_sequence_from_DMS_D101R,111.50174303799992
Estimated_sequence_from_DMS_D101S,111.50971256699991
Estimated_sequence_from_DMS_D101T,111.50984860599992
Estimated_sequence_from_DMS_D101V,111.49151247699992
Estimated_sequence_from_DMS_D101W,111.50676484399992
Estimated_sequence_from_DMS_D101Y,111.52523481399992
Estimated_sequence_from_DMS_L102A,111.51883810699991
Estimated_sequence_from_DMS_L102C,111.51773188899992
Estimated_sequence_from_DMS_L102D,111.53005553499992
Estimated_sequence_from_DMS_L102E,111.52150031799991
Estimated_sequence_from_DMS_L102F,111.51958592499992
Estimated_sequence_from_DMS_L102G,111.50235808699992
Estimated_sequence_from_DMS_L102H,111.52613084599992
Estimated_sequence_from_DMS_L102I,111.59547561099991
Estimated_sequence_from_DMS_L102K,111.51646454899992
Estimated_sequence_from_DMS_L102M,111.52947469799992
Estimated_sequence_from_DMS_L102N,111.51653562699991
Estimated_sequence_from_DMS_L102P,111.53649239899991
Estimated_sequence_from_DMS_L102Q,111.51771753999991
Estimated_sequence_from_DMS_L102R,111.53871199399991
Estimated_sequence_from_DMS_L102S,111.51072285699992
Estimated_sequence_from_DMS_L102T,111.51235239999991
Estimated_sequence_from_DMS_L102V,111.60262281399991
Estimated_sequence_from_DMS_L102W,111.53579766799992
Estimated_sequence_from_DMS_L102Y,111.53294376299992
Estimated_sequence_from_DMS_F103A,111.48959662799992
Estimated_sequence_from_DMS_F103C,111.50378891299991
Estimated_sequence_from_DMS_F103D,111.48723013099992
Estimated_sequence_from_DMS_F103E,111.47663259899991
Estimated_sequence_from_DMS_F103G,111.48149245299992
Estimated_sequence_from_DMS_F103H,111.48206673999991
Estimated_sequence_from_DMS_F103I,111.50813173199991
Estimated_sequence_from_DMS_F103K,111.48821626899992
Estimated_sequence_from_DMS_F103L,111.48788176499991
Estimated_sequence_from_DMS_F103M,111.4999116669999
Estimated_sequence_from_DMS_F103N,111.48197261099992
Estimated_sequence_from_DMS_F103P,111.49204456899992
Estimated_sequence_from_DMS_F103Q,111.47926856299992
Estimated_sequence_from_DMS_F103R,111.48842947199991
Estimated_sequence_from_DMS_F103S,111.49383187699992
Estimated_sequence_from_DMS_F103T,111.47748201999991
Estimated_sequence_from_DMS_F103V,111.47999547299992
Estimated_sequence_from_DMS_F103W,111.50603528299992
Estimated_sequence_from_DMS_F103Y,111.64456199999991
Estimated_sequence_from_DMS_V104A,111.55637189899991
Estimated_sequence_from_DMS_V104C,111.53507556699992
Estimated_sequence_from_DMS_V104D,111.52649195999992
Estimated_sequence_from_DMS_V104E,111.51942219499992
Estimated_sequence_from_DMS_V104F,111.53030628299992
Estimated_sequence_from_DMS_V104G,111.50936942499992
Estimated_sequence_from_DMS_V104H,111.50885236999991
Estimated_sequence_from_DMS_V104I,111.57284743899991
Estimated_sequence_from_DMS_V104K,111.51053508499992
Estimated_sequence_from_DMS_V104L,111.61509912199992
Estimated_sequence_from_DMS_V104M,111.52994456299992
Estimated_sequence_from_DMS_V104N,111.51698519099992
Estimated_sequence_from_DMS_V104P,111.50950245899992
Estimated_sequence_from_DMS_V104Q,111.50831584099991
Estimated_sequence_from_DMS_V104R,111.52023407199991
Estimated_sequence_from_DMS_V104S,111.50428548999992
Estimated_sequence_from_DMS_V104T,111.51657657499992
Estimated_sequence_from_DMS_V104W,111.52517550599991
Estimated_sequence_from_DMS_V104Y,111.51459978399991
Estimated_sequence_from_DMS_E105A,111.40705957799993
Estimated_sequence_from_DMS_E105C,111.43819748399993
Estimated_sequence_from_DMS_E105D,111.42107490099993
Estimated_sequence_from_DMS_E105F,111.42293449099994
Estimated_sequence_from_DMS_E105G,111.44001192999993
Estimated_sequence_from_DMS_E105H,111.42203187299992
Estimated_sequence_from_DMS_E105I,111.45151850599991
Estimated_sequence_from_DMS_E105K,111.44120865499993
Estimated_sequence_from_DMS_E105L,111.41667321199994
Estimated_sequence_from_DMS_E105M,111.44252770199994
Estimated_sequence_from_DMS_E105N,111.43665927599993
Estimated_sequence_from_DMS_E105P,111.40995380699994
Estimated_sequence_from_DMS_E105Q,111.42405772299993
Estimated_sequence_from_DMS_E105R,111.41759911999993
Estimated_sequence_from_DMS_E105S,111.42402837599992
Estimated_sequence_from_DMS_E105T,111.42764183499993
Estimated_sequence_from_DMS_E105V,111.41960642899993
Estimated_sequence_from_DMS_E105W,111.42701811499992
Estimated_sequence_from_DMS_E105Y,111.42938947099994
Estimated_sequence_from_DMS_R106A,111.40382512099993
Estimated_sequence_from_DMS_R106C,111.39551378799993
Estimated_sequence_from_DMS_R106D,111.40098534499992
Estimated_sequence_from_DMS_R106E,111.41258835499993
Estimated_sequence_from_DMS_R106F,111.39306560699993
Estimated_sequence_from_DMS_R106G,111.42215048799993
Estimated_sequence_from_DMS_R106H,111.39561868899993
Estimated_sequence_from_DMS_R106I,111.39521842699993
Estimated_sequence_from_DMS_R106K,111.40841570699993
Estimated_sequence_from_DMS_R106L,111.42138001099993
Estimated_sequence_from_DMS_R106M,111.42254227799992
Estimated_sequence_from_DMS_R106N,111.39950800199993
Estimated_sequence_from_DMS_R106P,111.40114452899992
Estimated_sequence_from_DMS_R106Q,111.39218830199992
Estimated_sequence_from_DMS_R106S,111.38939435699993
Estimated_sequence_from_DMS_R106T,111.39427735499993
Estimated_sequence_from_DMS_R106V,111.38784688399993
Estimated_sequence_from_DMS_R106W,111.40212214799993
Estimated_sequence_from_DMS_R106Y,111.42016563499993
Estimated_sequence_from_DMS_S107A,111.65699527599992
Estimated_sequence_from_DMS_S107C,111.64318130399991
Estimated_sequence_from_DMS_S107D,111.67045137099991
Estimated_sequence_from_DMS_S107E,111.70257976099991
Estimated_sequence_from_DMS_S107F,111.65071964199991
Estimated_sequence_from_DMS_S107G,111.68064949899991
Estimated_sequence_from_DMS_S107H,111.66073721199992
Estimated_sequence_from_DMS_S107I,111.64306801999992
Estimated_sequence_from_DMS_S107K,111.66388947699991
Estimated_sequence_from_DMS_S107L,111.63947811399991
Estimated_sequence_from_DMS_S107M,111.66037157999992
Estimated_sequence_from_DMS_S107N,111.65066099499991
Estimated_sequence_from_DMS_S107P,111.74550633699991
Estimated_sequence_from_DMS_S107Q,111.67609994199991
Estimated_sequence_from_DMS_S107R,111.66248190099992
Estimated_sequence_from_DMS_S107T,111.77548062399991
Estimated_sequence_from_DMS_S107V,111.64362496299991
Estimated_sequence_from_DMS_S107W,111.65262967299992
Estimated_sequence_from_DMS_S107Y,111.67794869499991
Estimated_sequence_from_DMS_K108A,111.79187135699992
Estimated_sequence_from_DMS_K108C,111.7614293829999
Estimated_sequence_from_DMS_K108D,111.77027259699992
Estimated_sequence_from_DMS_K108E,111.78079529299991
Estimated_sequence_from_DMS_K108F,111.81006005699992
Estimated_sequence_from_DMS_K108G,111.82188033399991
Estimated_sequence_from_DMS_K108H,111.84144922899992
Estimated_sequence_from_DMS_K108I,111.77710514599991
Estimated_sequence_from_DMS_K108L,111.7663732239999
Estimated_sequence_from_DMS_K108M,111.78092570199992
Estimated_sequence_from_DMS_K108N,111.81340567299992
Estimated_sequence_from_DMS_K108P,111.75965453299992
Estimated_sequence_from_DMS_K108Q,111.79543099499992
Estimated_sequence_from_DMS_K108R,111.78440826599991
Estimated_sequence_from_DMS_K108S,111.81408802499992
Estimated_sequence_from_DMS_K108T,111.86584314799991
Estimated_sequence_from_DMS_K108V,111.76948699399992
Estimated_sequence_from_DMS_K108W,111.83325067799991
Estimated_sequence_from_DMS_K108Y,111.93777793499991
Estimated_sequence_from_DMS_A109C,111.62492901399992
Estimated_sequence_from_DMS_A109D,111.64394850299992
Estimated_sequence_from_DMS_A109E,111.62944786999991
Estimated_sequence_from_DMS_A109F,111.62313223799991
Estimated_sequence_from_DMS_A109G,111.6379253819999
Estimated_sequence_from_DMS_A109H,111.64679855299991
Estimated_sequence_from_DMS_A109I,111.6183051989999
Estimated_sequence_from_DMS_A109K,111.61757894399992
Estimated_sequence_from_DMS_A109L,111.62543297899991
Estimated_sequence_from_DMS_A109M,111.6265682619999
Estimated_sequence_from_DMS_A109N,111.61778512799991
Estimated_sequence_from_DMS_A109P,111.62354245699991
Estimated_sequence_from_DMS_A109Q,111.61317527399991
Estimated_sequence_from_DMS_A109R,111.64492259599992
Estimated_sequence_from_DMS_A109S,111.70152455799992
Estimated_sequence_from_DMS_A109T,111.79134526699991
Estimated_sequence_from_DMS_A109V,111.6785565719999
Estimated_sequence_from_DMS_A109W,111.62539757299992
Estimated_sequence_from_DMS_A109Y,111.61668569799991
Estimated_sequence_from_DMS_Y110A,111.78211844599991
Estimated_sequence_from_DMS_Y110C,111.75531524799992
Estimated_sequence_from_DMS_Y110D,111.75987498699992
Estimated_sequence_from_DMS_Y110E,111.83464152399992
Estimated_sequence_from_DMS_Y110F,111.77373287699992
Estimated_sequence_from_DMS_Y110G,111.77113922099991
Estimated_sequence_from_DMS_Y110H,111.81074405799991
Estimated_sequence_from_DMS_Y110I,111.76748703099992
Estimated_sequence_from_DMS_Y110K,111.85036933199991
Estimated_sequence_from_DMS_Y110L,111.75891832399992
Estimated_sequence_from_DMS_Y110M,111.77247239299992
Estimated_sequence_from_DMS_Y110N,111.78920068599992
Estimated_sequence_from_DMS_Y110P,111.74794670699991
Estimated_sequence_from_DMS_Y110Q,111.81658469699991
Estimated_sequence_from_DMS_Y110R,111.80617166999991
Estimated_sequence_from_DMS_Y110S,111.81726066599991
Estimated_sequence_from_DMS_Y110T,111.82593894999991
Estimated_sequence_from_DMS_Y110V,111.81141090499992
Estimated_sequence_from_DMS_Y110W,111.76601940299992
Estimated_sequence_from_DMS_S111A,111.57644222299992
Estimated_sequence_from_DMS_S111C,111.57093635399991
Estimated_sequence_from_DMS_S111D,111.55957531199992
Estimated_sequence_from_DMS_S111E,111.57955267199992
Estimated_sequence_from_DMS_S111F,111.56264184599992
Estimated_sequence_from_DMS_S111G,111.63291466599992
Estimated_sequence_from_DMS_S111H,111.64020215099991
Estimated_sequence_from_DMS_S111I,111.57053889299992
Estimated_sequence_from_DMS_S111K,111.57760701899991
Estimated_sequence_from_DMS_S111L,111.56521268999991
Estimated_sequence_from_DMS_S111M,111.57905838699992
Estimated_sequence_from_DMS_S111N,111.57378038999991
Estimated_sequence_from_DMS_S111P,111.63549166499992
Estimated_sequence_from_DMS_S111Q,111.61895246499992
Estimated_sequence_from_DMS_S111R,111.56719870799992
Estimated_sequence_from_DMS_S111T,111.56828221199991
Estimated_sequence_from_DMS_S111V,111.57563602899991
Estimated_sequence_from_DMS_S111W,111.56383474499991
Estimated_sequence_from_DMS_S111Y,111.56785037999991
Estimated_sequence_from_DMS_N112A,111.81407871399992
Estimated_sequence_from_DMS_N112C,111.73424414899992
Estimated_sequence_from_DMS_N112D,111.74685796299991
Estimated_sequence_from_DMS_N112E,111.73617003899992
Estimated_sequence_from_DMS_N112F,111.73279749799991
Estimated_sequence_from_DMS_N112G,111.77338815599991
Estimated_sequence_from_DMS_N112H,111.73989876599991
Estimated_sequence_from_DMS_N112I,111.74098997599991
Estimated_sequence_from_DMS_N112K,111.72774952299991
Estimated_sequence_from_DMS_N112L,111.73635342999991
Estimated_sequence_from_DMS_N112M,111.74968155199991
Estimated_sequence_from_DMS_N112P,111.72254953699992
Estimated_sequence_from_DMS_N112Q,111.75136626099992
Estimated_sequence_from_DMS_N112R,111.74125078399992
Estimated_sequence_from_DMS_N112S,111.94033564099992
Estimated_sequence_from_DMS_N112T,111.94066507799991
Estimated_sequence_from_DMS_N112V,111.73591876399992
Estimated_sequence_from_DMS_N112W,111.73022871699992
Estimated_sequence_from_DMS_N112Y,111.74740865899992
Estimated_sequence_from_DMS_C113A,111.42870265999993
Estimated_sequence_from_DMS_C113D,111.40803619499992
Estimated_sequence_from_DMS_C113E,111.41740933399993
Estimated_sequence_from_DMS_C113F,111.46892539199992
Estimated_sequence_from_DMS_C113G,111.42559667799993
Estimated_sequence_from_DMS_C113H,111.44883940099992
Estimated_sequence_from_DMS_C113I,111.41219229099993
Estimated_sequence_from_DMS_C113K,111.41985375399993
Estimated_sequence_from_DMS_C113L,111.42630832399993
Estimated_sequence_from_DMS_C113M,111.43100801199992
Estimated_sequence_from_DMS_C113N,111.42563571999993
Estimated_sequence_from_DMS_C113P,111.41526209199992
Estimated_sequence_from_DMS_C113Q,111.42088596499993
Estimated_sequence_from_DMS_C113R,111.43007517699992
Estimated_sequence_from_DMS_C113S,111.42392480999993
Estimated_sequence_from_DMS_C113T,111.42507259799993
Estimated_sequence_from_DMS_C113V,111.41613840699992
Estimated_sequence_from_DMS_C113W,111.42364556999993
Estimated_sequence_from_DMS_C113Y,111.43132592699993
Estimated_sequence_from_DMS_Y114A,111.52267614999991
Estimated_sequence_from_DMS_Y114C,111.54669772299991
Estimated_sequence_from_DMS_Y114D,111.51961447099991
Estimated_sequence_from_DMS_Y114E,111.53186047499992
Estimated_sequence_from_DMS_Y114F,111.57473701599992
Estimated_sequence_from_DMS_Y114G,111.51509278199991
Estimated_sequence_from_DMS_Y114H,111.53800443299991
Estimated_sequence_from_DMS_Y114I,111.52297963399991
Estimated_sequence_from_DMS_Y114K,111.51274513999992
Estimated_sequence_from_DMS_Y114L,111.53536461399992
Estimated_sequence_from_DMS_Y114M,111.53170799699991
Estimated_sequence_from_DMS_Y114N,111.53993304999992
Estimated_sequence_from_DMS_Y114P,111.50119205099992
Estimated_sequence_from_DMS_Y114Q,111.53109855799991
Estimated_sequence_from_DMS_Y114R,111.51031807299991
Estimated_sequence_from_DMS_Y114S,111.51532810899991
Estimated_sequence_from_DMS_Y114T,111.50748690699992
Estimated_sequence_from_DMS_Y114V,111.54453901799991
Estimated_sequence_from_DMS_Y114W,111.51121162499992
Estimated_sequence_from_DMS_P115A,111.50170157599992
Estimated_sequence_from_DMS_P115C,111.45830490299991
Estimated_sequence_from_DMS_P115D,111.48266435899991
Estimated_sequence_from_DMS_P115E,111.48154616999992
Estimated_sequence_from_DMS_P115F,111.46780329299992
Estimated_sequence_from_DMS_P115G,111.45734010299992
Estimated_sequence_from_DMS_P115H,111.47225924799992
Estimated_sequence_from_DMS_P115I,111.46391856499991
Estimated_sequence_from_DMS_P115K,111.46126379899991
Estimated_sequence_from_DMS_P115L,111.47073945199992
Estimated_sequence_from_DMS_P115M,111.46705215199991
Estimated_sequence_from_DMS_P115N,111.46126698499991
Estimated_sequence_from_DMS_P115Q,111.45883818799992
Estimated_sequence_from_DMS_P115R,111.46420314099991
Estimated_sequence_from_DMS_P115S,111.46970266499991
Estimated_sequence_from_DMS_P115T,111.46096683399992
Estimated_sequence_from_DMS_P115V,111.46305537299992
Estimated_sequence_from_DMS_P115W,111.46260758899992
Estimated_sequence_from_DMS_P115Y,111.46481433099991
Estimated_sequence_from_DMS_Y116A,111.44072362499993
Estimated_sequence_from_DMS_Y116C,111.46107640599992
Estimated_sequence_from_DMS_Y116D,111.45194905299991
Estimated_sequence_from_DMS_Y116E,111.45578154399992
Estimated_sequence_from_DMS_Y116F,111.45613777699991
Estimated_sequence_from_DMS_Y116G,111.46627243699992
Estimated_sequence_from_DMS_Y116H,111.48212921199992
Estimated_sequence_from_DMS_Y116I,111.46777590599991
Estimated_sequence_from_DMS_Y116K,111.44811503899992
Estimated_sequence_from_DMS_Y116L,111.4554687919999
Estimated_sequence_from_DMS_Y116M,111.46349939699991
Estimated_sequence_from_DMS_Y116N,111.47220828099991
Estimated_sequence_from_DMS_Y116P,111.45763326399991
Estimated_sequence_from_DMS_Y116Q,111.43834233899993
Estimated_sequence_from_DMS_Y116R,111.4626029539999
Estimated_sequence_from_DMS_Y116S,111.43504413899993
Estimated_sequence_from_DMS_Y116T,111.45736040699991
Estimated_sequence_from_DMS_Y116V,111.45856379399991
Estimated_sequence_from_DMS_Y116W,111.46366729999991
Estimated_sequence_from_DMS_D117A,111.62999729999991
Estimated_sequence_from_DMS_D117C,111.63163790399992
Estimated_sequence_from_DMS_D117E,111.81459071899991
Estimated_sequence_from_DMS_D117F,111.6635591519999
Estimated_sequence_from_DMS_D117G,111.64225522699991
Estimated_sequence_from_DMS_D117H,111.66791267399991
Estimated_sequence_from_DMS_D117I,111.65746633499991
Estimated_sequence_from_DMS_D117K,111.63561861399991
Estimated_sequence_from_DMS_D117L,111.63871175499992
Estimated_sequence_from_DMS_D117M,111.6567255109999
Estimated_sequence_from_DMS_D117N,111.6444578609999
Estimated_sequence_from_DMS_D117P,111.63393968299991
Estimated_sequence_from_DMS_D117Q,111.64799531499992
Estimated_sequence_from_DMS_D117R,111.63192179499991
Estimated_sequence_from_DMS_D117S,111.65565271499992
Estimated_sequence_from_DMS_D117T,111.66335880099992
Estimated_sequence_from_DMS_D117V,111.77619427899991
Estimated_sequence_from_DMS_D117W,111.64166784099992
Estimated_sequence_from_DMS_D117Y,111.6663409849999
Estimated_sequence_from_DMS_V118A,111.49202974899991
Estimated_sequence_from_DMS_V118C,111.49331256599991
Estimated_sequence_from_DMS_V118D,111.48567647399992
Estimated_sequence_from_DMS_V118E,111.50493164499991
Estimated_sequence_from_DMS_V118F,111.49829042199991
Estimated_sequence_from_DMS_V118G,111.51361359499991
Estimated_sequence_from_DMS_V118H,111.4983410649999
Estimated_sequence_from_DMS_V118I,111.57681004799991
Estimated_sequence_from_DMS_V118K,111.4837054119999
Estimated_sequence_from_DMS_V118L,111.52239988199992
Estimated_sequence_from_DMS_V118M,111.52130694399992
Estimated_sequence_from_DMS_V118N,111.47942691599991
Estimated_sequence_from_DMS_V118P,111.48604869999991
Estimated_sequence_from_DMS_V118Q,111.4877225079999
Estimated_sequence_from_DMS_V118R,111.4976301419999
Estimated_sequence_from_DMS_V118S,111.48849986299992
Estimated_sequence_from_DMS_V118T,111.49034684699991
Estimated_sequence_from_DMS_V118W,111.4963390459999
Estimated_sequence_from_DMS_V118Y,111.47524028199992
Estimated_sequence_from_DMS_P119A,111.77969636599991
Estimated_sequence_from_DMS_P119C,111.74507722299991
Estimated_sequence_from_DMS_P119D,111.86619423299992
Estimated_sequence_from_DMS_P119E,111.84909111699992
Estimated_sequence_from_DMS_P119F,111.77657985499991
Estimated_sequence_from_DMS_P119G,111.74359038599991
Estimated_sequence_from_DMS_P119H,111.81046688599992
Estimated_sequence_from_DMS_P119I,111.7664273199999
Estimated_sequence_from_DMS_P119K,111.76066518499991
Estimated_sequence_from_DMS_P119L,111.75427604599992
Estimated_sequence_from_DMS_P119M,111.78995536999992
Estimated_sequence_from_DMS_P119N,111.79679699599991
Estimated_sequence_from_DMS_P119Q,111.8182282619999
Estimated_sequence_from_DMS_P119R,111.7533633899999
Estimated_sequence_from_DMS_P119S,111.7884099659999
Estimated_sequence_from_DMS_P119T,111.7880010419999
Estimated_sequence_from_DMS_P119V,111.7685505549999
Estimated_sequence_from_DMS_P119W,111.7881458299999
Estimated_sequence_from_DMS_P119Y,111.78065087899991
Estimated_sequence_from_DMS_D120A,111.61757239199991
Estimated_sequence_from_DMS_D120C,111.60271389299992
Estimated_sequence_from_DMS_D120E,111.62569798099992
Estimated_sequence_from_DMS_D120F,111.6172659269999
Estimated_sequence_from_DMS_D120G,111.65382617299991
Estimated_sequence_from_DMS_D120H,111.79371049399991
Estimated_sequence_from_DMS_D120I,111.6031462949999
Estimated_sequence_from_DMS_D120K,111.63356565599992
Estimated_sequence_from_DMS_D120L,111.6168298149999
Estimated_sequence_from_DMS_D120M,111.64511076399991
Estimated_sequence_from_DMS_D120N,111.6099194019999
Estimated_sequence_from_DMS_D120P,111.6077780489999
Estimated_sequence_from_DMS_D120Q,111.6636972169999
Estimated_sequence_from_DMS_D120R,111.6096895129999
Estimated_sequence_from_DMS_D120S,111.6184964329999
Estimated_sequence_from_DMS_D120T,111.60773240099991
Estimated_sequence_from_DMS_D120V,111.6030174909999
Estimated_sequence_from_DMS_D120W,111.61315966999992
Estimated_sequence_from_DMS_D120Y,111.63959051999991
Estimated_sequence_from_DMS_Y121A,111.60773528699991
Estimated_sequence_from_DMS_Y121C,111.6515334079999
Estimated_sequence_from_DMS_Y121D,111.60494765399991
Estimated_sequence_from_DMS_Y121E,111.61584961399991
Estimated_sequence_from_DMS_Y121F,111.61482094999991
Estimated_sequence_from_DMS_Y121G,111.6196822209999
Estimated_sequence_from_DMS_Y121H,111.62323679799991
Estimated_sequence_from_DMS_Y121I,111.61956183399991
Estimated_sequence_from_DMS_Y121K,111.61411996299991
Estimated_sequence_from_DMS_Y121L,111.6531432049999
Estimated_sequence_from_DMS_Y121M,111.63007307899991
Estimated_sequence_from_DMS_Y121N,111.5941191909999
Estimated_sequence_from_DMS_Y121P,111.58394513199991
Estimated_sequence_from_DMS_Y121Q,111.62144984299991
Estimated_sequence_from_DMS_Y121R,111.60655607299991
Estimated_sequence_from_DMS_Y121S,111.60275017799991
Estimated_sequence_from_DMS_Y121T,111.58675170999992
Estimated_sequence_from_DMS_Y121V,111.58534129699991
Estimated_sequence_from_DMS_Y121W,111.60294998999991
Estimated_sequence_from_DMS_A122C,111.7089795869999
Estimated_sequence_from_DMS_A122D,111.7531896169999
Estimated_sequence_from_DMS_A122E,111.8596172829999
Estimated_sequence_from_DMS_A122F,111.71784134599991
Estimated_sequence_from_DMS_A122G,111.72363522199991
Estimated_sequence_from_DMS_A122H,111.7636325479999
Estimated_sequence_from_DMS_A122I,111.7261375219999
Estimated_sequence_from_DMS_A122K,111.72777478999991
Estimated_sequence_from_DMS_A122L,111.7331819509999
Estimated_sequence_from_DMS_A122M,111.75856443399991
Estimated_sequence_from_DMS_A122N,111.7452211019999
Estimated_sequence_from_DMS_A122P,111.72555793599992
Estimated_sequence_from_DMS_A122Q,111.78110926399991
Estimated_sequence_from_DMS_A122R,111.7180045889999
Estimated_sequence_from_DMS_A122S,111.75933229899991
Estimated_sequence_from_DMS_A122T,111.74425897099991
Estimated_sequence_from_DMS_A122V,111.73362491999991
Estimated_sequence_from_DMS_A122W,111.74973388899991
Estimated_sequence_from_DMS_A122Y,111.72615347399991
Estimated_sequence_from_DMS_S123A,111.70249766599991
Estimated_sequence_from_DMS_S123C,111.6770917509999
Estimated_sequence_from_DMS_S123D,111.71601695899992
Estimated_sequence_from_DMS_S123E,111.6711415629999
Estimated_sequence_from_DMS_S123F,111.69112199699991
Estimated_sequence_from_DMS_S123G,111.71994795099991
Estimated_sequence_from_DMS_S123H,111.6602411929999
Estimated_sequence_from_DMS_S123I,111.66235663199991
Estimated_sequence_from_DMS_S123K,111.6594240159999
Estimated_sequence_from_DMS_S123L,111.65056646899991
Estimated_sequence_from_DMS_S123M,111.68697035499991
Estimated_sequence_from_DMS_S123N,111.74201322499991
Estimated_sequence_from_DMS_S123P,111.6769904969999
Estimated_sequence_from_DMS_S123Q,111.67858252499991
Estimated_sequence_from_DMS_S123R,111.6644894729999
Estimated_sequence_from_DMS_S123T,111.72769932699991
Estimated_sequence_from_DMS_S123V,111.68183145199991
Estimated_sequence_from_DMS_S123W,111.7041783179999
Estimated_sequence_from_DMS_S123Y,111.69575613599991
Estimated_sequence_from_DMS_L124A,111.43110152999992
Estimated_sequence_from_DMS_L124C,111.41889759199992
Estimated_sequence_from_DMS_L124D,111.41726510699992
Estimated_sequence_from_DMS_L124E,111.43675649999992
Estimated_sequence_from_DMS_L124F,111.44208369099992
Estimated_sequence_from_DMS_L124G,111.43034133899992
Estimated_sequence_from_DMS_L124H,111.4470896989999
Estimated_sequence_from_DMS_L124I,111.4487285789999
Estimated_sequence_from_DMS_L124K,111.42343028099992
Estimated_sequence_from_DMS_L124M,111.42354885499992
Estimated_sequence_from_DMS_L124N,111.45620635299991
Estimated_sequence_from_DMS_L124P,111.43339218799993
Estimated_sequence_from_DMS_L124Q,111.41436360999992
Estimated_sequence_from_DMS_L124R,111.41714634399992
Estimated_sequence_from_DMS_L124S,111.42571055899992
Estimated_sequence_from_DMS_L124T,111.41425272499993
Estimated_sequence_from_DMS_L124V,111.45418816299991
Estimated_sequence_from_DMS_L124W,111.42669299999993
Estimated_sequence_from_DMS_L124Y,111.42479011099992
Estimated_sequence_from_DMS_R125A,111.4832949549999
Estimated_sequence_from_DMS_R125C,111.48345864499991
Estimated_sequence_from_DMS_R125D,111.48681837899991
Estimated_sequence_from_DMS_R125E,111.53129163899992
Estimated_sequence_from_DMS_R125F,111.48603278999991
Estimated_sequence_from_DMS_R125G,111.48483029199991
Estimated_sequence_from_DMS_R125H,111.4834195569999
Estimated_sequence_from_DMS_R125I,111.50142064999991
Estimated_sequence_from_DMS_R125K,111.55691065199991
Estimated_sequence_from_DMS_R125L,111.49646877399991
Estimated_sequence_from_DMS_R125M,111.50900915099992
Estimated_sequence_from_DMS_R125N,111.48906545699991
Estimated_sequence_from_DMS_R125P,111.48002148199991
Estimated_sequence_from_DMS_R125Q,111.50195341799991
Estimated_sequence_from_DMS_R125S,111.49308303999992
Estimated_sequence_from_DMS_R125T,111.49134289299991
Estimated_sequence_from_DMS_R125V,111.50937507699992
Estimated_sequence_from_DMS_R125W,111.4857179679999
Estimated_sequence_from_DMS_R125Y,111.4943862259999
Estimated_sequence_from_DMS_S126A,111.66915106299992
Estimated_sequence_from_DMS_S126C,111.57047251599991
Estimated_sequence_from_DMS_S126D,111.58924609999991
Estimated_sequence_from_DMS_S126E,111.5789548039999
Estimated_sequence_from_DMS_S126F,111.59414762199991
Estimated_sequence_from_DMS_S126G,111.60256127599992
Estimated_sequence_from_DMS_S126H,111.5795284989999
Estimated_sequence_from_DMS_S126I,111.56554567599991
Estimated_sequence_from_DMS_S126K,111.6183710809999
Estimated_sequence_from_DMS_S126L,111.5937668059999
Estimated_sequence_from_DMS_S126M,111.59830804599991
Estimated_sequence_from_DMS_S126N,111.60652245299991
Estimated_sequence_from_DMS_S126P,111.57402508699991
Estimated_sequence_from_DMS_S126Q,111.6009983559999
Estimated_sequence_from_DMS_S126R,111.6135212849999
Estimated_sequence_from_DMS_S126T,111.58411050199992
Estimated_sequence_from_DMS_S126V,111.56597299199991
Estimated_sequence_from_DMS_S126W,111.59791414799992
Estimated_sequence_from_DMS_S126Y,111.58243007399992
Estimated_sequence_from_DMS_L127A,111.52456022099992
Estimated_sequence_from_DMS_L127C,111.52014780899991
Estimated_sequence_from_DMS_L127D,111.52495997699991
Estimated_sequence_from_DMS_L127E,111.52228530999992
Estimated_sequence_from_DMS_L127F,111.53453323099991
Estimated_sequence_from_DMS_L127G,111.5191574529999
Estimated_sequence_from_DMS_L127H,111.52083421699992
Estimated_sequence_from_DMS_L127I,111.59245319799992
Estimated_sequence_from_DMS_L127K,111.52112174899992
Estimated_sequence_from_DMS_L127M,111.5222840019999
Estimated_sequence_from_DMS_L127N,111.5338197259999
Estimated_sequence_from_DMS_L127P,111.52702043199992
Estimated_sequence_from_DMS_L127Q,111.51441713799991
Estimated_sequence_from_DMS_L127R,111.50791832599991
Estimated_sequence_from_DMS_L127S,111.5162793699999
Estimated_sequence_from_DMS_L127T,111.53150272799991
Estimated_sequence_from_DMS_L127V,111.56242756599991
Estimated_sequence_from_DMS_L127W,111.55838777899991
Estimated_sequence_from_DMS_L127Y,111.5199186959999
Estimated_sequence_from_DMS_V128A,111.48803987099991
Estimated_sequence_from_DMS_V128C,111.4795430029999
Estimated_sequence_from_DMS_V128D,111.49361206999991
Estimated_sequence_from_DMS_V128E,111.46821890499992
Estimated_sequence_from_DMS_V128F,111.47320884799991
Estimated_sequence_from_DMS_V128G,111.47120572299991
Estimated_sequence_from_DMS_V128H,111.48413444499991
Estimated_sequence_from_DMS_V128I,111.51119270899991
Estimated_sequence_from_DMS_V128K,111.4822924509999
Estimated_sequence_from_DMS_V128L,111.5212486269999
Estimated_sequence_from_DMS_V128M,111.48830788899991
Estimated_sequence_from_DMS_V128N,111.47293301599991
Estimated_sequence_from_DMS_V128P,111.46783967899991
Estimated_sequence_from_DMS_V128Q,111.48505952099991
Estimated_sequence_from_DMS_V128R,111.4739740089999
Estimated_sequence_from_DMS_V128S,111.46557991599991
Estimated_sequence_from_DMS_V128T,111.47657996399991
Estimated_sequence_from_DMS_V128W,111.4791663319999
Estimated_sequence_from_DMS_V128Y,111.4802100279999
Estimated_sequence_from_DMS_A129C,111.50703136099992
Estimated_sequence_from_DMS_A129D,111.50163135499992
Estimated_sequence_from_DMS_A129E,111.49796716399992
Estimated_sequence_from_DMS_A129F,111.5113367089999
Estimated_sequence_from_DMS_A129G,111.56581802799991
Estimated_sequence_from_DMS_A129H,111.50009792799992
Estimated_sequence_from_DMS_A129I,111.51302848599991
Estimated_sequence_from_DMS_A129K,111.4984285709999
Estimated_sequence_from_DMS_A129L,111.50096077899991
Estimated_sequence_from_DMS_A129M,111.50080599099991
Estimated_sequence_from_DMS_A129N,111.51804608199991
Estimated_sequence_from_DMS_A129P,111.49729466599992
Estimated_sequence_from_DMS_A129Q,111.50585315799991
Estimated_sequence_from_DMS_A129R,111.4951973989999
Estimated_sequence_from_DMS_A129S,111.54193229999991
Estimated_sequence_from_DMS_A129T,111.49418502899991
Estimated_sequence_from_DMS_A129V,111.5050507999999
Estimated_sequence_from_DMS_A129W,111.4984961259999
Estimated_sequence_from_DMS_A129Y,111.50696435599991
Estimated_sequence_from_DMS_S130A,111.74163754699991
Estimated_sequence_from_DMS_S130C,111.74246692299991
Estimated_sequence_from_DMS_S130D,111.74063380399991
Estimated_sequence_from_DMS_S130E,111.78683805799992
Estimated_sequence_from_DMS_S130F,111.74971716499991
Estimated_sequence_from_DMS_S130G,111.74182420399991
Estimated_sequence_from_DMS_S130H,111.74249885699992
Estimated_sequence_from_DMS_S130I,111.7217235999999
Estimated_sequence_from_DMS_S130K,111.77756148599991
Estimated_sequence_from_DMS_S130L,111.73529173299991
Estimated_sequence_from_DMS_S130M,111.75006158399991
Estimated_sequence_from_DMS_S130N,111.73511220699991
Estimated_sequence_from_DMS_S130P,111.7121273469999
Estimated_sequence_from_DMS_S130Q,111.81277582899992
Estimated_sequence_from_DMS_S130R,111.73618194899991
Estimated_sequence_from_DMS_S130T,111.76070618799992
Estimated_sequence_from_DMS_S130V,111.74363475499992
Estimated_sequence_from_DMS_S130W,111.73281438899991
Estimated_sequence_from_DMS_S130Y,111.72722404299991
Estimated_sequence_from_DMS_S131A,111.6720242719999
Estimated_sequence_from_DMS_S131C,111.63062424999991
Estimated_sequence_from_DMS_S131D,111.63662361299991
Estimated_sequence_from_DMS_S131E,111.6353435549999
Estimated_sequence_from_DMS_S131F,111.6670914509999
Estimated_sequence_from_DMS_S131G,111.6620908159999
Estimated_sequence_from_DMS_S131H,111.64206241899991
Estimated_sequence_from_DMS_S131I,111.68378737299992
Estimated_sequence_from_DMS_S131K,111.63680970199991
Estimated_sequence_from_DMS_S131L,111.70004836899992
Estimated_sequence_from_DMS_S131M,111.6794752679999
Estimated_sequence_from_DMS_S131N,111.6421664379999
Estimated_sequence_from_DMS_S131P,111.64659044299991
Estimated_sequence_from_DMS_S131Q,111.65929310799991
Estimated_sequence_from_DMS_S131R,111.63281437099991
Estimated_sequence_from_DMS_S131T,111.66508251599991
Estimated_sequence_from_DMS_S131V,111.6699023079999
Estimated_sequence_from_DMS_S131W,111.64435383599991
Estimated_sequence_from_DMS_S131Y,111.6704082169999
Estimated_sequence_from_DMS_G132A,111.4710140759999
Estimated_sequence_from_DMS_G132C,111.47546455299991
Estimated_sequence_from_DMS_G132D,111.44629930199991
Estimated_sequence_from_DMS_G132E,111.45248339299991
Estimated_sequence_from_DMS_G132F,111.47450548599991
Estimated_sequence_from_DMS_G132H,111.43681133099993
Estimated_sequence_from_DMS_G132I,111.4496781519999
Estimated_sequence_from_DMS_G132K,111.45429438999992
Estimated_sequence_from_DMS_G132L,111.44973391999991
Estimated_sequence_from_DMS_G132M,111.45858336899991
Estimated_sequence_from_DMS_G132N,111.45074998699991
Estimated_sequence_from_DMS_G132P,111.43277139299992
Estimated_sequence_from_DMS_G132Q,111.4577631689999
Estimated_sequence_from_DMS_G132R,111.4764258279999
Estimated_sequence_from_DMS_G132S,111.45136060699991
Estimated_sequence_from_DMS_G132T,111.45125858399992
Estimated_sequence_from_DMS_G132V,111.47770771499991
Estimated_sequence_from_DMS_G132W,111.46144967199992
Estimated_sequence_from_DMS_G132Y,111.46944135699991
Estimated_sequence_from_DMS_T133A,111.66943175699991
Estimated_sequence_from_DMS_T133C,111.64974851899991
Estimated_sequence_from_DMS_T133D,111.64314727799992
Estimated_sequence_from_DMS_T133E,111.66329577099991
Estimated_sequence_from_DMS_T133F,111.63516841199991
Estimated_sequence_from_DMS_T133G,111.6461843089999
Estimated_sequence_from_DMS_T133H,111.65295000599991
Estimated_sequence_from_DMS_T133I,111.6455029529999
Estimated_sequence_from_DMS_T133K,111.66117247899992
Estimated_sequence_from_DMS_T133L,111.63791912599991
Estimated_sequence_from_DMS_T133M,111.6465200689999
Estimated_sequence_from_DMS_T133N,111.63752489599992
Estimated_sequence_from_DMS_T133P,111.6280400019999
Estimated_sequence_from_DMS_T133Q,111.63466723699992
Estimated_sequence_from_DMS_T133R,111.6481382509999
Estimated_sequence_from_DMS_T133S,111.7541637849999
Estimated_sequence_from_DMS_T133V,111.6480158759999
Estimated_sequence_from_DMS_T133W,111.6384145339999
Estimated_sequence_from_DMS_T133Y,111.65620024599991
Estimated_sequence_from_DMS_L134A,111.53774839599991
Estimated_sequence_from_DMS_L134C,111.54088128999992
Estimated_sequence_from_DMS_L134D,111.5461589999999
Estimated_sequence_from_DMS_L134E,111.53635614399991
Estimated_sequence_from_DMS_L134F,111.57849535299991
Estimated_sequence_from_DMS_L134G,111.59952288799991
Estimated_sequence_from_DMS_L134H,111.53573464399992
Estimated_sequence_from_DMS_L134I,111.5763542999999
Estimated_sequence_from_DMS_L134K,111.53668942699991
Estimated_sequence_from_DMS_L134M,111.56084886999992
Estimated_sequence_from_DMS_L134N,111.5567052879999
Estimated_sequence_from_DMS_L134P,111.5343301149999
Estimated_sequence_from_DMS_L134Q,111.54207741299992
Estimated_sequence_from_DMS_L134R,111.53375746299992
Estimated_sequence_from_DMS_L134S,111.52806643099991
Estimated_sequence_from_DMS_L134T,111.52691450999991
Estimated_sequence_from_DMS_L134V,111.5473424939999
Estimated_sequence_from_DMS_L134W,111.54529222399991
Estimated_sequence_from_DMS_L134Y,111.53170497399991
Estimated_sequence_from_DMS_E135A,111.48486849399991
Estimated_sequence_from_DMS_E135C,111.47544803499991
Estimated_sequence_from_DMS_E135D,111.4872686769999
Estimated_sequence_from_DMS_E135F,111.4912011449999
Estimated_sequence_from_DMS_E135G,111.47978611399991
Estimated_sequence_from_DMS_E135H,111.4585870489999
Estimated_sequence_from_DMS_E135I,111.47845710199991
Estimated_sequence_from_DMS_E135K,111.4856748209999
Estimated_sequence_from_DMS_E135L,111.48013912899991
Estimated_sequence_from_DMS_E135M,111.46241968099991
Estimated_sequence_from_DMS_E135N,111.4720792019999
Estimated_sequence_from_DMS_E135P,111.46909533699991
Estimated_sequence_from_DMS_E135Q,111.4908523249999
Estimated_sequence_from_DMS_E135R,111.4678646919999
Estimated_sequence_from_DMS_E135S,111.4621761339999
Estimated_sequence_from_DMS_E135T,111.47550274699991
Estimated_sequence_from_DMS_E135V,111.49129635699991
Estimated_sequence_from_DMS_E135W,111.47785459599991
Estimated_sequence_from_DMS_E135Y,111.47206606499991
Estimated_sequence_from_DMS_F136A,111.45934809199991
Estimated_sequence_from_DMS_F136C,111.4725602119999
Estimated_sequence_from_DMS_F136D,111.4765116729999
Estimated_sequence_from_DMS_F136E,111.48018543099991
Estimated_sequence_from_DMS_F136G,111.46027624399991
Estimated_sequence_from_DMS_F136H,111.4923483669999
Estimated_sequence_from_DMS_F136I,111.46782636199991
Estimated_sequence_from_DMS_F136K,111.46239551899991
Estimated_sequence_from_DMS_F136L,111.47137036799991
Estimated_sequence_from_DMS_F136M,111.48633800099991
Estimated_sequence_from_DMS_F136N,111.46088281399992
Estimated_sequence_from_DMS_F136P,111.4716315169999
Estimated_sequence_from_DMS_F136Q,111.48122770199991
Estimated_sequence_from_DMS_F136R,111.46385795099991
Estimated_sequence_from_DMS_F136S,111.52835006999992
Estimated_sequence_from_DMS_F136T,111.48280922199991
Estimated_sequence_from_DMS_F136V,111.46219548999991
Estimated_sequence_from_DMS_F136W,111.48129310599991
Estimated_sequence_from_DMS_F136Y,111.49320128599992
Estimated_sequence_from_DMS_N137A,111.78456407799992
Estimated_sequence_from_DMS_N137C,111.75209975699991
Estimated_sequence_from_DMS_N137D,111.77802612499991
Estimated_sequence_from_DMS_N137E,111.85605013399991
Estimated_sequence_from_DMS_N137F,111.84603558999991
Estimated_sequence_from_DMS_N137G,111.7604459889999
Estimated_sequence_from_DMS_N137H,111.8134193739999
Estimated_sequence_from_DMS_N137I,111.81003045799991
Estimated_sequence_from_DMS_N137K,111.79415343799991
Estimated_sequence_from_DMS_N137L,111.76507504399991
Estimated_sequence_from_DMS_N137M,111.79405301799991
Estimated_sequence_from_DMS_N137P,111.75264016099992
Estimated_sequence_from_DMS_N137Q,111.8234598379999
Estimated_sequence_from_DMS_N137R,111.76023733099991
Estimated_sequence_from_DMS_N137S,111.78551531399991
Estimated_sequence_from_DMS_N137T,111.86024320699991
Estimated_sequence_from_DMS_N137V,111.82435395599991
Estimated_sequence_from_DMS_N137W,111.78769373299991
Estimated_sequence_from_DMS_N137Y,111.8456125009999
Estimated_sequence_from_DMS_N138A,111.78457782399991
Estimated_sequence_from_DMS_N138C,111.7254677099999
Estimated_sequence_from_DMS_N138D,111.7655470529999
Estimated_sequence_from_DMS_N138E,111.86187394499991
Estimated_sequence_from_DMS_N138F,111.7571859139999
Estimated_sequence_from_DMS_N138G,111.74127202899992
Estimated_sequence_from_DMS_N138H,111.8249711409999
Estimated_sequence_from_DMS_N138I,111.74879006599991
Estimated_sequence_from_DMS_N138K,111.73930131799992
Estimated_sequence_from_DMS_N138L,111.7445608519999
Estimated_sequence_from_DMS_N138M,111.74892225499991
Estimated_sequence_from_DMS_N138P,111.76181203999991
Estimated_sequence_from_DMS_N138Q,111.79112345799992
Estimated_sequence_from_DMS_N138R,111.73044188799992
Estimated_sequence_from_DMS_N138S,111.80067504299991
Estimated_sequence_from_DMS_N138T,111.79399196199991
Estimated_sequence_from_DMS_N138V,111.7609703799999
Estimated_sequence_from_DMS_N138W,111.73266554399991
Estimated_sequence_from_DMS_N138Y,111.7749929639999
Estimated_sequence_from_DMS_E139A,111.40181420099992
Estimated_sequence_from_DMS_E139C,111.39387671399993
Estimated_sequence_from_DMS_E139D,111.40611931699992
Estimated_sequence_from_DMS_E139F,111.40052965099993
Estimated_sequence_from_DMS_E139G,111.40561919699992
Estimated_sequence_from_DMS_E139H,111.41113752999992
Estimated_sequence_from_DMS_E139I,111.40096066199992
Estimated_sequence_from_DMS_E139K,111.41772423199993
Estimated_sequence_from_DMS_E139L,111.41131001299992
Estimated_sequence_from_DMS_E139M,111.42725819699993
Estimated_sequence_from_DMS_E139N,111.39493040099993
Estimated_sequence_from_DMS_E139P,111.42087851999992
Estimated_sequence_from_DMS_E139Q,111.39918301699993
Estimated_sequence_from_DMS_E139R,111.40530238199992
Estimated_sequence_from_DMS_E139S,111.39132167599992
Estimated_sequence_from_DMS_E139T,111.39899614499993
Estimated_sequence_from_DMS_E139V,111.41061115299992
Estimated_sequence_from_DMS_E139W,111.42544230499992
Estimated_sequence_from_DMS_E139Y,111.39819181499992
Estimated_sequence_from_DMS_S140A,111.79208121899991
Estimated_sequence_from_DMS_S140C,111.73809849499992
Estimated_sequence_from_DMS_S140D,111.78443537799991
Estimated_sequence_from_DMS_S140E,111.81444635299991
Estimated_sequence_from_DMS_S140F,111.8027444109999
Estimated_sequence_from_DMS_S140G,111.75389536999991
Estimated_sequence_from_DMS_S140H,111.7935969489999
Estimated_sequence_from_DMS_S140I,111.76522774699991
Estimated_sequence_from_DMS_S140K,111.75255313799991
Estimated_sequence_from_DMS_S140L,111.75598113099991
Estimated_sequence_from_DMS_S140M,111.75803835799991
Estimated_sequence_from_DMS_S140N,111.85365282399991
Estimated_sequence_from_DMS_S140P,111.77238690999991
Estimated_sequence_from_DMS_S140Q,111.7548747049999
Estimated_sequence_from_DMS_S140R,111.74952147299992
Estimated_sequence_from_DMS_S140T,111.7356913799999
Estimated_sequence_from_DMS_S140V,111.7744804869999
Estimated_sequence_from_DMS_S140W,111.76370967699991
Estimated_sequence_from_DMS_S140Y,111.77991784299991
Estimated_sequence_from_DMS_F141A,111.40487136099992
Estimated_sequence_from_DMS_F141C,111.44478183499992
Estimated_sequence_from_DMS_F141D,111.41123118099992
Estimated_sequence_from_DMS_F141E,111.42436941999992
Estimated_sequence_from_DMS_F141G,111.40805824999993
Estimated_sequence_from_DMS_F141H,111.42680784099993
Estimated_sequence_from_DMS_F141I,111.43774113199993
Estimated_sequence_from_DMS_F141K,111.41549359199992
Estimated_sequence_from_DMS_F141L,111.44261434699992
Estimated_sequence_from_DMS_F141M,111.42611944299992
Estimated_sequence_from_DMS_F141N,111.40836921999993
Estimated_sequence_from_DMS_F141P,111.40494200599993
Estimated_sequence_from_DMS_F141Q,111.41947913499992
Estimated_sequence_from_DMS_F141R,111.41886097099993
Estimated_sequence_from_DMS_F141S,111.42596671399993
Estimated_sequence_from_DMS_F141T,111.42123292699992
Estimated_sequence_from_DMS_F141V,111.42416020799992
Estimated_sequence_from_DMS_F141W,111.44054171199993
Estimated_sequence_from_DMS_F141Y,111.41821693199992
Estimated_sequence_from_DMS_N142A,111.56194688399991
Estimated_sequence_from_DMS_N142C,111.55015367999991
Estimated_sequence_from_DMS_N142D,111.62726010799992
Estimated_sequence_from_DMS_N142E,111.60800376399992
Estimated_sequence_from_DMS_N142F,111.55892600099992
Estimated_sequence_from_DMS_N142G,111.57895047499991
Estimated_sequence_from_DMS_N142H,111.56264434999991
Estimated_sequence_from_DMS_N142I,111.59419429299992
Estimated_sequence_from_DMS_N142K,111.55855080699992
Estimated_sequence_from_DMS_N142L,111.56541435299991
Estimated_sequence_from_DMS_N142M,111.58623417899992
Estimated_sequence_from_DMS_N142P,111.55057784599991
Estimated_sequence_from_DMS_N142Q,111.60190906299991
Estimated_sequence_from_DMS_N142R,111.56135501499992
Estimated_sequence_from_DMS_N142S,111.5829683669999
Estimated_sequence_from_DMS_N142T,111.56893336699991
Estimated_sequence_from_DMS_N142V,111.56428295299992
Estimated_sequence_from_DMS_N142W,111.59049304399991
Estimated_sequence_from_DMS_N142Y,111.57079197599991
Estimated_sequence_from_DMS_W143A,111.49586949699992
Estimated_sequence_from_DMS_W143C,111.54984778499991
Estimated_sequence_from_DMS_W143D,111.4925054249999
Estimated_sequence_from_DMS_W143E,111.49112258399991
Estimated_sequence_from_DMS_W143F,111.54195644399991
Estimated_sequence_from_DMS_W143G,111.49411171799991
Estimated_sequence_from_DMS_W143H,111.51122589299992
Estimated_sequence_from_DMS_W143I,111.5304295489999
Estimated_sequence_from_DMS_W143K,111.51123139199991
Estimated_sequence_from_DMS_W143L,111.5095329099999
Estimated_sequence_from_DMS_W143M,111.52957614199991
Estimated_sequence_from_DMS_W143N,111.49765326199991
Estimated_sequence_from_DMS_W143P,111.4944264689999
Estimated_sequence_from_DMS_W143Q,111.50503086899991
Estimated_sequence_from_DMS_W143R,111.49603459099991
Estimated_sequence_from_DMS_W143S,111.48904703899991
Estimated_sequence_from_DMS_W143T,111.51979711399991
Estimated_sequence_from_DMS_W143V,111.51060978499991
Estimated_sequence_from_DMS_W143Y,111.52861677999991
Estimated_sequence_from_DMS_T144A,111.65849433099991
Estimated_sequence_from_DMS_T144C,111.62703362799991
Estimated_sequence_from_DMS_T144D,111.65208409299991
Estimated_sequence_from_DMS_T144E,111.69028321099991
Estimated_sequence_from_DMS_T144F,111.64812607099991
Estimated_sequence_from_DMS_T144G,111.6349837819999
Estimated_sequence_from_DMS_T144H,111.67416176699992
Estimated_sequence_from_DMS_T144I,111.64725195399991
Estimated_sequence_from_DMS_T144K,111.64084770399991
Estimated_sequence_from_DMS_T144L,111.6474368539999
Estimated_sequence_from_DMS_T144M,111.66536077199991
Estimated_sequence_from_DMS_T144N,111.65454258499992
Estimated_sequence_from_DMS_T144P,111.65934438399991
Estimated_sequence_from_DMS_T144Q,111.65538883899991
Estimated_sequence_from_DMS_T144R,111.64129125799991
Estimated_sequence_from_DMS_T144S,111.64737205199991
Estimated_sequence_from_DMS_T144V,111.6505314819999
Estimated_sequence_from_DMS_T144W,111.64175141699991
Estimated_sequence_from_DMS_T144Y,111.64829594099992
Estimated_sequence_from_DMS_G145A,111.58639994799991
Estimated_sequence_from_DMS_G145C,111.58157016799991
Estimated_sequence_from_DMS_G145D,111.61829609299991
Estimated_sequence_from_DMS_G145E,111.62922277799991
Estimated_sequence_from_DMS_G145F,111.65418982999991
Estimated_sequence_from_DMS_G145H,111.5833811449999
Estimated_sequence_from_DMS_G145I,111.57321896499991
Estimated_sequence_from_DMS_G145K,111.58314784799991
Estimated_sequence_from_DMS_G145L,111.5728173329999
Estimated_sequence_from_DMS_G145M,111.58597894199991
Estimated_sequence_from_DMS_G145N,111.6449884429999
Estimated_sequence_from_DMS_G145P,111.58273263099991
Estimated_sequence_from_DMS_G145Q,111.60153950299991
Estimated_sequence_from_DMS_G145R,111.60049168599991
Estimated_sequence_from_DMS_G145S,111.5968045309999
Estimated_sequence_from_DMS_G145T,111.61663441899991
Estimated_sequence_from_DMS_G145V,111.63529676599991
Estimated_sequence_from_DMS_G145W,111.58416130499991
Estimated_sequence_from_DMS_G145Y,111.58705903199991
Estimated_sequence_from_DMS_V146A,111.54787031899991
Estimated_sequence_from_DMS_V146C,111.53380923699991
Estimated_sequence_from_DMS_V146D,111.5381402939999
Estimated_sequence_from_DMS_V146E,111.52689844299991
Estimated_sequence_from_DMS_V146F,111.53468667299991
Estimated_sequence_from_DMS_V146G,111.5378752199999
Estimated_sequence_from_DMS_V146H,111.57134158899991
Estimated_sequence_from_DMS_V146I,111.55678597499991
Estimated_sequence_from_DMS_V146K,111.5326490229999
Estimated_sequence_from_DMS_V146L,111.53951849999991
Estimated_sequence_from_DMS_V146M,111.54514145199991
Estimated_sequence_from_DMS_V146N,111.55031668499991
Estimated_sequence_from_DMS_V146P,111.51954634599991
Estimated_sequence_from_DMS_V146Q,111.55059730599991
Estimated_sequence_from_DMS_V146R,111.54188829999991
Estimated_sequence_from_DMS_V146S,111.5562391129999
Estimated_sequence_from_DMS_V146T,111.5367932069999
Estimated_sequence_from_DMS_V146W,111.54144388199991
Estimated_sequence_from_DMS_V146Y,111.5680439229999
Estimated_sequence_from_DMS_T147A,111.70264888899992
Estimated_sequence_from_DMS_T147C,111.6745192429999
Estimated_sequence_from_DMS_T147D,111.68555504699991
Estimated_sequence_from_DMS_T147E,111.69086390299991
Estimated_sequence_from_DMS_T147F,111.67327981199992
Estimated_sequence_from_DMS_T147G,111.69062625899991
Estimated_sequence_from_DMS_T147H,111.69761894499992
Estimated_sequence_from_DMS_T147I,111.71847601799992
Estimated_sequence_from_DMS_T147K,111.6823414289999
Estimated_sequence_from_DMS_T147L,111.71620999199992
Estimated_sequence_from_DMS_T147M,111.70453701699991
Estimated_sequence_from_DMS_T147N,111.71409116499991
Estimated_sequence_from_DMS_T147P,111.67862289899992
Estimated_sequence_from_DMS_T147Q,111.8297185289999
Estimated_sequence_from_DMS_T147R,111.67722418899992
Estimated_sequence_from_DMS_T147S,111.72769991899992
Estimated_sequence_from_DMS_T147V,111.70817892399991
Estimated_sequence_from_DMS_T147W,111.68384260499991
Estimated_sequence_from_DMS_T147Y,111.6744162609999
Estimated_sequence_from_DMS_Q148A,111.64885940299992
Estimated_sequence_from_DMS_Q148C,111.70712121499992
Estimated_sequence_from_DMS_Q148D,111.65520269199992
Estimated_sequence_from_DMS_Q148E,111.9430429069999
Estimated_sequence_from_DMS_Q148F,111.64998569999992
Estimated_sequence_from_DMS_Q148G,111.64899840799991
Estimated_sequence_from_DMS_Q148H,111.65729237899991
Estimated_sequence_from_DMS_Q148I,111.66936283699991
Estimated_sequence_from_DMS_Q148K,111.68606691799991
Estimated_sequence_from_DMS_Q148L,111.64412018599991
Estimated_sequence_from_DMS_Q148M,111.65415591999991
Estimated_sequence_from_DMS_Q148N,111.65345681899991
Estimated_sequence_from_DMS_Q148P,111.67087256599991
Estimated_sequence_from_DMS_Q148R,111.6429842209999
Estimated_sequence_from_DMS_Q148S,111.65401122799992
Estimated_sequence_from_DMS_Q148T,111.65528175799992
Estimated_sequence_from_DMS_Q148V,111.69475290799991
Estimated_sequence_from_DMS_Q148W,111.65540609399991
Estimated_sequence_from_DMS_Q148Y,111.65093518699992
Estimated_sequence_from_DMS_N149A,111.5416583149999
Estimated_sequence_from_DMS_N149C,111.5389697649999
Estimated_sequence_from_DMS_N149D,111.75060448899991
Estimated_sequence_from_DMS_N149E,111.57490819399992
Estimated_sequence_from_DMS_N149F,111.55160580699992
Estimated_sequence_from_DMS_N149G,111.56079654399991
Estimated_sequence_from_DMS_N149H,111.5530553529999
Estimated_sequence_from_DMS_N149I,111.53368016699991
Estimated_sequence_from_DMS_N149K,111.5447432289999
Estimated_sequence_from_DMS_N149L,111.54079087899991
Estimated_sequence_from_DMS_N149M,111.56148307499991
Estimated_sequence_from_DMS_N149P,111.53492549199991
Estimated_sequence_from_DMS_N149Q,111.55063105399991
Estimated_sequence_from_DMS_N149R,111.5339582209999
Estimated_sequence_from_DMS_N149S,111.56014184599991
Estimated_sequence_from_DMS_N149T,111.5454842279999
Estimated_sequence_from_DMS_N149V,111.53597351299992
Estimated_sequence_from_DMS_N149W,111.5572240229999
Estimated_sequence_from_DMS_N149Y,111.55109824999991
Estimated_sequence_from_DMS_G150A,111.57258136699991
Estimated_sequence_from_DMS_G150C,111.55268995699991
Estimated_sequence_from_DMS_G150D,111.55703520599991
Estimated_sequence_from_DMS_G150E,111.57985791299991
Estimated_sequence_from_DMS_G150F,111.56289554199991
Estimated_sequence_from_DMS_G150H,111.68464466199991
Estimated_sequence_from_DMS_G150I,111.5654138359999
Estimated_sequence_from_DMS_G150K,111.5587205739999
Estimated_sequence_from_DMS_G150L,111.58069742899991
Estimated_sequence_from_DMS_G150M,111.57359950999991
Estimated_sequence_from_DMS_G150N,111.55650812099991
Estimated_sequence_from_DMS_G150P,111.54810283099991
Estimated_sequence_from_DMS_G150Q,111.58117166899991
Estimated_sequence_from_DMS_G150R,111.56276356099991
Estimated_sequence_from_DMS_G150S,111.55793125099991
Estimated_sequence_from_DMS_G150T,111.61912676999991
Estimated_sequence_from_DMS_G150V,111.57336333099991
Estimated_sequence_from_DMS_G150W,111.56111633299992
Estimated_sequence_from_DMS_G150Y,111.55822752299991
Estimated_sequence_from_DMS_T151A,111.80477572499991
Estimated_sequence_from_DMS_T151C,111.72799723999991
Estimated_sequence_from_DMS_T151D,111.71996556099991
Estimated_sequence_from_DMS_T151E,111.82054673699992
Estimated_sequence_from_DMS_T151F,111.73418781099991
Estimated_sequence_from_DMS_T151G,111.72960708599992
Estimated_sequence_from_DMS_T151H,111.74673373399992
Estimated_sequence_from_DMS_T151I,111.7341739439999
Estimated_sequence_from_DMS_T151K,111.73701349199992
Estimated_sequence_from_DMS_T151L,111.72529982099991
Estimated_sequence_from_DMS_T151M,111.74324890799991
Estimated_sequence_from_DMS_T151N,111.7827119689999
Estimated_sequence_from_DMS_T151P,111.71767011699991
Estimated_sequence_from_DMS_T151Q,111.76166103899992
Estimated_sequence_from_DMS_T151R,111.7210291769999
Estimated_sequence_from_DMS_T151S,111.75642320199991
Estimated_sequence_from_DMS_T151V,112.02296393599991
Estimated_sequence_from_DMS_T151W,111.72109574099991
Estimated_sequence_from_DMS_T151Y,111.72802370599992
Estimated_sequence_from_DMS_S152A,111.60848109899992
Estimated_sequence_from_DMS_S152C,111.6165141469999
Estimated_sequence_from_DMS_S152D,111.6139301979999
Estimated_sequence_from_DMS_S152E,111.60695459699991
Estimated_sequence_from_DMS_S152F,111.60433044899992
Estimated_sequence_from_DMS_S152G,111.62216220199991
Estimated_sequence_from_DMS_S152H,111.6004747499999
Estimated_sequence_from_DMS_S152I,111.61211574899991
Estimated_sequence_from_DMS_S152K,111.60898691299991
Estimated_sequence_from_DMS_S152L,111.59231711899992
Estimated_sequence_from_DMS_S152M,111.59933382399991
Estimated_sequence_from_DMS_S152N,111.64614648399991
Estimated_sequence_from_DMS_S152P,111.58990758399992
Estimated_sequence_from_DMS_S152Q,111.63665085099991
Estimated_sequence_from_DMS_S152R,111.59569162499992
Estimated_sequence_from_DMS_S152T,111.75763585999991
Estimated_sequence_from_DMS_S152V,111.59233517399991
Estimated_sequence_from_DMS_S152W,111.60768695199991
Estimated_sequence_from_DMS_S152Y,111.59657970899991
Estimated_sequence_from_DMS_S153A,111.70845435399991
Estimated_sequence_from_DMS_S153C,111.62974004699991
Estimated_sequence_from_DMS_S153D,111.64609933299991
Estimated_sequence_from_DMS_S153E,111.66174260799991
Estimated_sequence_from_DMS_S153F,111.68484045099991
Estimated_sequence_from_DMS_S153G,111.6893517669999
Estimated_sequence_from_DMS_S153H,111.67022775099991
Estimated_sequence_from_DMS_S153I,111.6398043689999
Estimated_sequence_from_DMS_S153K,111.64664054399991
Estimated_sequence_from_DMS_S153L,111.63773028799991
Estimated_sequence_from_DMS_S153M,111.65243396899992
Estimated_sequence_from_DMS_S153N,111.6564563399999
Estimated_sequence_from_DMS_S153P,111.6407794009999
Estimated_sequence_from_DMS_S153Q,111.64199486699991
Estimated_sequence_from_DMS_S153R,111.6408963179999
Estimated_sequence_from_DMS_S153T,111.66818720099991
Estimated_sequence_from_DMS_S153V,111.65964370499991
Estimated_sequence_from_DMS_S153W,111.64299968599991
Estimated_sequence_from_DMS_S153Y,111.65989518899991
Estimated_sequence_from_DMS_A154C,111.7206885889999
Estimated_sequence_from_DMS_A154D,111.73369006999991
Estimated_sequence_from_DMS_A154E,111.7134213699999
Estimated_sequence_from_DMS_A154F,111.73933762599991
Estimated_sequence_from_DMS_A154G,111.7336058889999
Estimated_sequence_from_DMS_A154H,111.7642820999999
Estimated_sequence_from_DMS_A154I,111.71177081999991
Estimated_sequence_from_DMS_A154K,111.7137812319999
Estimated_sequence_from_DMS_A154L,111.8122167229999
Estimated_sequence_from_DMS_A154M,111.7421830409999
Estimated_sequence_from_DMS_A154N,111.7282460719999
Estimated_sequence_from_DMS_A154P,111.71239952199991
Estimated_sequence_from_DMS_A154Q,111.75778064899991
Estimated_sequence_from_DMS_A154R,111.70975515399991
Estimated_sequence_from_DMS_A154S,111.74312808199991
Estimated_sequence_from_DMS_A154T,111.84649705899992
Estimated_sequence_from_DMS_A154V,111.71286109999991
Estimated_sequence_from_DMS_A154W,111.78468188399991
Estimated_sequence_from_DMS_A154Y,111.85359342399991
Estimated_sequence_from_DMS_C155A,111.4867058849999
Estimated_sequence_from_DMS_C155D,111.48444400299991
Estimated_sequence_from_DMS_C155E,111.49524277299992
Estimated_sequence_from_DMS_C155F,111.54479772699992
Estimated_sequence_from_DMS_C155G,111.4924366389999
Estimated_sequence_from_DMS_C155H,111.5046649379999
Estimated_sequence_from_DMS_C155I,111.5049492329999
Estimated_sequence_from_DMS_C155K,111.49762318299992
Estimated_sequence_from_DMS_C155L,111.48229603999991
Estimated_sequence_from_DMS_C155M,111.4862630109999
Estimated_sequence_from_DMS_C155N,111.50188947599992
Estimated_sequence_from_DMS_C155P,111.48729446199991
Estimated_sequence_from_DMS_C155Q,111.48655047899992
Estimated_sequence_from_DMS_C155R,111.48767869499991
Estimated_sequence_from_DMS_C155S,111.4924235599999
Estimated_sequence_from_DMS_C155T,111.49379621999991
Estimated_sequence_from_DMS_C155V,111.50242155099991
Estimated_sequence_from_DMS_C155W,111.51035139299991
Estimated_sequence_from_DMS_C155Y,111.53449861699991
Estimated_sequence_from_DMS_I156A,111.66312152299992
Estimated_sequence_from_DMS_I156C,111.67796569999992
Estimated_sequence_from_DMS_I156D,111.66843035499991
Estimated_sequence_from_DMS_I156E,111.67030358799991
Estimated_sequence_from_DMS_I156F,111.65964723199991
Estimated_sequence_from_DMS_I156G,111.6623598669999
Estimated_sequence_from_DMS_I156H,111.66861532399992
Estimated_sequence_from_DMS_I156K,111.6570690459999
Estimated_sequence_from_DMS_I156L,111.68514054999991
Estimated_sequence_from_DMS_I156M,111.70973449999991
Estimated_sequence_from_DMS_I156N,111.70483220299991
Estimated_sequence_from_DMS_I156P,111.71275396199991
Estimated_sequence_from_DMS_I156Q,111.75213883799991
Estimated_sequence_from_DMS_I156R,111.66056039699991
Estimated_sequence_from_DMS_I156S,111.66631769399991
Estimated_sequence_from_DMS_I156T,111.69054552699991
Estimated_sequence_from_DMS_I156V,111.66943981399992
Estimated_sequence_from_DMS_I156W,111.67599765199991
Estimated_sequence_from_DMS_I156Y,111.66862815299991
Estimated_sequence_from_DMS_R157A,111.64143267699991
Estimated_sequence_from_DMS_R157C,111.64196182299992
Estimated_sequence_from_DMS_R157D,111.68020989099992
Estimated_sequence_from_DMS_R157E,111.63454497999992
Estimated_sequence_from_DMS_R157F,111.65111377899991
Estimated_sequence_from_DMS_R157G,111.62797185499991
Estimated_sequence_from_DMS_R157H,111.67581062799991
Estimated_sequence_from_DMS_R157I,111.63113207099991
Estimated_sequence_from_DMS_R157K,111.65690226199992
Estimated_sequence_from_DMS_R157L,111.63655990799991
Estimated_sequence_from_DMS_R157M,111.66148891199991
Estimated_sequence_from_DMS_R157N,111.66525609699991
Estimated_sequence_from_DMS_R157P,111.62764156399992
Estimated_sequence_from_DMS_R157Q,111.66176459599991
Estimated_sequence_from_DMS_R157S,111.69149796299992
Estimated_sequence_from_DMS_R157T,111.64447084699991
Estimated_sequence_from_DMS_R157V,111.64613301899992
Estimated_sequence_from_DMS_R157W,111.65799198899991
Estimated_sequence_from_DMS_R157Y,111.6505217059999
Estimated_sequence_from_DMS_R158A,111.81397366599991
Estimated_sequence_from_DMS_R158C,111.7511004289999
Estimated_sequence_from_DMS_R158D,111.88062539699992
Estimated_sequence_from_DMS_R158E,111.83782706199992
Estimated_sequence_from_DMS_R158F,111.76026016599991
Estimated_sequence_from_DMS_R158G,111.8111216499999
Estimated_sequence_from_DMS_R158H,111.7976992879999
Estimated_sequence_from_DMS_R158I,111.7559230649999
Estimated_sequence_from_DMS_R158K,111.7875069689999
Estimated_sequence_from_DMS_R158L,111.75241203199991
Estimated_sequence_from_DMS_R158M,111.77710670599991
Estimated_sequence_from_DMS_R158N,111.88862825799991
Estimated_sequence_from_DMS_R158P,111.74614574499991
Estimated_sequence_from_DMS_R158Q,111.8541067509999
Estimated_sequence_from_DMS_R158S,111.76789310199992
Estimated_sequence_from_DMS_R158T,111.77103636099991
Estimated_sequence_from_DMS_R158V,111.74689632499991
Estimated_sequence_from_DMS_R158W,111.76111114299991
Estimated_sequence_from_DMS_R158Y,111.7513011309999
Estimated_sequence_from_DMS_S159A,111.7912585449999
Estimated_sequence_from_DMS_S159C,111.7395911909999
Estimated_sequence_from_DMS_S159D,111.8102351129999
Estimated_sequence_from_DMS_S159E,111.79587348799991
Estimated_sequence_from_DMS_S159F,111.75469613799991
Estimated_sequence_from_DMS_S159G,112.05655874799992
Estimated_sequence_from_DMS_S159H,111.7660049829999
Estimated_sequence_from_DMS_S159I,111.7412644269999
Estimated_sequence_from_DMS_S159K,111.7656131959999
Estimated_sequence_from_DMS_S159L,111.7459501829999
Estimated_sequence_from_DMS_S159M,111.77638313599991
Estimated_sequence_from_DMS_S159N,111.7879691289999
Estimated_sequence_from_DMS_S159P,111.7434292019999
Estimated_sequence_from_DMS_S159Q,111.79845916599992
Estimated_sequence_from_DMS_S159R,111.74251606699991
Estimated_sequence_from_DMS_S159T,111.76671799099991
Estimated_sequence_from_DMS_S159V,111.74258412699992
Estimated_sequence_from_DMS_S159W,111.76924249299991
Estimated_sequence_from_DMS_S159Y,111.7408136449999
Estimated_sequence_from_DMS_K160A,111.7333451499999
Estimated_sequence_from_DMS_K160C,111.71810149499991
Estimated_sequence_from_DMS_K160D,111.72104868499991
Estimated_sequence_from_DMS_K160E,111.8741548209999
Estimated_sequence_from_DMS_K160F,111.72464697399991
Estimated_sequence_from_DMS_K160G,111.7333676849999
Estimated_sequence_from_DMS_K160H,111.76137275099991
Estimated_sequence_from_DMS_K160I,111.7311731769999
Estimated_sequence_from_DMS_K160L,111.71394185399991
Estimated_sequence_from_DMS_K160M,111.7238958149999
Estimated_sequence_from_DMS_K160N,111.7249408639999
Estimated_sequence_from_DMS_K160P,111.7054357449999
Estimated_sequence_from_DMS_K160Q,111.88867341099991
Estimated_sequence_from_DMS_K160R,111.7369761889999
Estimated_sequence_from_DMS_K160S,111.75480942799992
Estimated_sequence_from_DMS_K160T,111.74951905499991
Estimated_sequence_from_DMS_K160V,111.73080204699991
Estimated_sequence_from_DMS_K160W,111.7113372749999
Estimated_sequence_from_DMS_K160Y,111.7329912239999
Estimated_sequence_from_DMS_N161A,111.79944414999991
Estimated_sequence_from_DMS_N161C,111.71935142599992
Estimated_sequence_from_DMS_N161D,111.72917298999991
Estimated_sequence_from_DMS_N161E,111.74044249099991
Estimated_sequence_from_DMS_N161F,111.72907550199992
Estimated_sequence_from_DMS_N161G,111.74406557099991
Estimated_sequence_from_DMS_N161H,111.74739058399992
Estimated_sequence_from_DMS_N161I,111.73002511199991
Estimated_sequence_from_DMS_N161K,111.72801729399991
Estimated_sequence_from_DMS_N161L,111.72524764999991
Estimated_sequence_from_DMS_N161M,111.71929346799992
Estimated_sequence_from_DMS_N161P,112.01001143999991
Estimated_sequence_from_DMS_N161Q,111.80906202399991
Estimated_sequence_from_DMS_N161R,111.71562961599992
Estimated_sequence_from_DMS_N161S,111.75843971599991
Estimated_sequence_from_DMS_N161T,111.75073451699991
Estimated_sequence_from_DMS_N161V,111.7270187669999
Estimated_sequence_from_DMS_N161W,111.73837412099991
Estimated_sequence_from_DMS_N161Y,111.72896982699991
Estimated_sequence_from_DMS_S162A,111.51688391699992
Estimated_sequence_from_DMS_S162C,111.56661452199991
Estimated_sequence_from_DMS_S162D,111.5321977719999
Estimated_sequence_from_DMS_S162E,111.5121301579999
Estimated_sequence_from_DMS_S162F,111.5442393669999
Estimated_sequence_from_DMS_S162G,111.5383966869999
Estimated_sequence_from_DMS_S162H,111.50103031999991
Estimated_sequence_from_DMS_S162I,111.52943117899991
Estimated_sequence_from_DMS_S162K,111.5065693799999
Estimated_sequence_from_DMS_S162L,111.49828134099991
Estimated_sequence_from_DMS_S162M,111.52211519799991
Estimated_sequence_from_DMS_S162N,111.53102373299991
Estimated_sequence_from_DMS_S162P,111.49048234399991
Estimated_sequence_from_DMS_S162Q,111.51311325199991
Estimated_sequence_from_DMS_S162R,111.50442478799991
Estimated_sequence_from_DMS_S162T,111.49580276999991
Estimated_sequence_from_DMS_S162V,111.52126678599991
Estimated_sequence_from_DMS_S162W,111.5094379409999
Estimated_sequence_from_DMS_S162Y,111.5031958519999
Estimated_sequence_from_DMS_F163A,111.44597844999991
Estimated_sequence_from_DMS_F163C,111.46740434799992
Estimated_sequence_from_DMS_F163D,111.45191359599991
Estimated_sequence_from_DMS_F163E,111.45690415499992
Estimated_sequence_from_DMS_F163G,111.4522090769999
Estimated_sequence_from_DMS_F163H,111.44301351399993
Estimated_sequence_from_DMS_F163I,111.47644678899991
Estimated_sequence_from_DMS_F163K,111.43978820199993
Estimated_sequence_from_DMS_F163L,111.45902905099992
Estimated_sequence_from_DMS_F163M,111.46997240899991
Estimated_sequence_from_DMS_F163N,111.45206936099991
Estimated_sequence_from_DMS_F163P,111.45238656199992
Estimated_sequence_from_DMS_F163Q,111.4505872089999
Estimated_sequence_from_DMS_F163R,111.44108210499992
Estimated_sequence_from_DMS_F163S,111.47547046099992
Estimated_sequence_from_DMS_F163T,111.44116294499993
Estimated_sequence_from_DMS_F163V,111.44989815099991
Estimated_sequence_from_DMS_F163W,111.47981536399992
Estimated_sequence_from_DMS_F163Y,111.48219953799992
Estimated_sequence_from_DMS_F164A,111.43052485799993
Estimated_sequence_from_DMS_F164C,111.42796542999993
Estimated_sequence_from_DMS_F164D,111.44879734899992
Estimated_sequence_from_DMS_F164E,111.43178962699993
Estimated_sequence_from_DMS_F164G,111.42996278999992
Estimated_sequence_from_DMS_F164H,111.42344949099993
Estimated_sequence_from_DMS_F164I,111.42132543299992
Estimated_sequence_from_DMS_F164K,111.43881607499992
Estimated_sequence_from_DMS_F164L,111.42375685599993
Estimated_sequence_from_DMS_F164M,111.43861541599992
Estimated_sequence_from_DMS_F164N,111.42140606299992
Estimated_sequence_from_DMS_F164P,111.4631147509999
Estimated_sequence_from_DMS_F164Q,111.42787195099993
Estimated_sequence_from_DMS_F164R,111.44461213899993
Estimated_sequence_from_DMS_F164S,111.43335547499993
Estimated_sequence_from_DMS_F164T,111.41924355499992
Estimated_sequence_from_DMS_F164V,111.44263501699993
Estimated_sequence_from_DMS_F164W,111.43602156499992
Estimated_sequence_from_DMS_F164Y,111.48072916399991
Estimated_sequence_from_DMS_S165A,111.56362318799991
Estimated_sequence_from_DMS_S165C,111.5242323569999
Estimated_sequence_from_DMS_S165D,111.54830133399992
Estimated_sequence_from_DMS_S165E,111.60428352399991
Estimated_sequence_from_DMS_S165F,111.52787282299991
Estimated_sequence_from_DMS_S165G,111.5223724219999
Estimated_sequence_from_DMS_S165H,111.52486319999991
Estimated_sequence_from_DMS_S165I,111.5063895059999
Estimated_sequence_from_DMS_S165K,111.52573319899992
Estimated_sequence_from_DMS_S165L,111.54157455599992
Estimated_sequence_from_DMS_S165M,111.53504586399991
Estimated_sequence_from_DMS_S165N,111.53659732099992
Estimated_sequence_from_DMS_S165P,111.5214836729999
Estimated_sequence_from_DMS_S165Q,111.53562543299991
Estimated_sequence_from_DMS_S165R,111.5216651229999
Estimated_sequence_from_DMS_S165T,111.53924542599991
Estimated_sequence_from_DMS_S165V,111.5132394779999
Estimated_sequence_from_DMS_S165W,111.54071566299992
Estimated_sequence_from_DMS_S165Y,111.5243586369999
Estimated_sequence_from_DMS_R166A,111.56649903299991
Estimated_sequence_from_DMS_R166C,111.58939879299992
Estimated_sequence_from_DMS_R166D,111.55973051199992
Estimated_sequence_from_DMS_R166E,111.56144408599991
Estimated_sequence_from_DMS_R166F,111.55557990899992
Estimated_sequence_from_DMS_R166G,111.56496270099991
Estimated_sequence_from_DMS_R166H,111.58720555199992
Estimated_sequence_from_DMS_R166I,111.5838479539999
Estimated_sequence_from_DMS_R166K,111.59256428699992
Estimated_sequence_from_DMS_R166L,111.55102026699991
Estimated_sequence_from_DMS_R166M,111.57261042299992
Estimated_sequence_from_DMS_R166N,111.60537195899991
Estimated_sequence_from_DMS_R166P,111.56877460899992
Estimated_sequence_from_DMS_R166Q,111.56403669199992
Estimated_sequence_from_DMS_R166S,111.55711322899991
Estimated_sequence_from_DMS_R166T,111.59722691499991
Estimated_sequence_from_DMS_R166V,111.55699038199991
Estimated_sequence_from_DMS_R166W,111.5921037299999
Estimated_sequence_from_DMS_R166Y,111.57068557499991
Estimated_sequence_from_DMS_L167A,111.50274069699991
Estimated_sequence_from_DMS_L167C,111.48393544299991
Estimated_sequence_from_DMS_L167D,111.50472877899992
Estimated_sequence_from_DMS_L167E,111.4898628179999
Estimated_sequence_from_DMS_L167F,111.51412425099991
Estimated_sequence_from_DMS_L167G,111.49363448399991
Estimated_sequence_from_DMS_L167H,111.49265204099991
Estimated_sequence_from_DMS_L167I,111.51874762399991
Estimated_sequence_from_DMS_L167K,111.54368607599991
Estimated_sequence_from_DMS_L167M,111.50334727699992
Estimated_sequence_from_DMS_L167N,111.47763383799992
Estimated_sequence_from_DMS_L167P,111.4756108959999
Estimated_sequence_from_DMS_L167Q,111.49255929599991
Estimated_sequence_from_DMS_L167R,111.49138245799992
Estimated_sequence_from_DMS_L167S,111.55025318699991
Estimated_sequence_from_DMS_L167T,111.49073499899991
Estimated_sequence_from_DMS_L167V,111.48378267499992
Estimated_sequence_from_DMS_L167W,111.51201234799991
Estimated_sequence_from_DMS_L167Y,111.48300881799992
Estimated_sequence_from_DMS_N168A,111.43629320999993
Estimated_sequence_from_DMS_N168C,111.44554787299991
Estimated_sequence_from_DMS_N168D,111.46896286299992
Estimated_sequence_from_DMS_N168E,111.47111672499992
Estimated_sequence_from_DMS_N168F,111.43338887099992
Estimated_sequence_from_DMS_N168G,111.43116677799992
Estimated_sequence_from_DMS_N168H,111.4453950779999
Estimated_sequence_from_DMS_N168I,111.43213649699993
Estimated_sequence_from_DMS_N168K,111.45875682499991
Estimated_sequence_from_DMS_N168L,111.42786857199992
Estimated_sequence_from_DMS_N168M,111.46095060599991
Estimated_sequence_from_DMS_N168P,111.43448030199993
Estimated_sequence_from_DMS_N168Q,111.43290100299993
Estimated_sequence_from_DMS_N168R,111.4534686189999
Estimated_sequence_from_DMS_N168S,111.44145514399993
Estimated_sequence_from_DMS_N168T,111.45896590399991
Estimated_sequence_from_DMS_N168V,111.4543566959999
Estimated_sequence_from_DMS_N168W,111.45034381799991
Estimated_sequence_from_DMS_N168Y,111.45392888399991
Estimated_sequence_from_DMS_W169A,111.44517177299991
Estimated_sequence_from_DMS_W169C,111.47640985199992
Estimated_sequence_from_DMS_W169D,111.44799711799992
Estimated_sequence_from_DMS_W169E,111.46184658099992
Estimated_sequence_from_DMS_W169F,111.46681343599991
Estimated_sequence_from_DMS_W169G,111.46817853799992
Estimated_sequence_from_DMS_W169H,111.46454679199991
Estimated_sequence_from_DMS_W169I,111.47816628799991
Estimated_sequence_from_DMS_W169K,111.46125414799991
Estimated_sequence_from_DMS_W169L,111.47303919999992
Estimated_sequence_from_DMS_W169M,111.46581259499992
Estimated_sequence_from_DMS_W169N,111.45105660699991
Estimated_sequence_from_DMS_W169P,111.45977916999992
Estimated_sequence_from_DMS_W169Q,111.47024514199991
Estimated_sequence_from_DMS_W169R,111.45992037799991
Estimated_sequence_from_DMS_W169S,111.45456546199992
Estimated_sequence_from_DMS_W169T,111.44879455299991
Estimated_sequence_from_DMS_W169V,111.4455105179999
Estimated_sequence_from_DMS_W169Y,111.45127501399992
Estimated_sequence_from_DMS_L170A,111.54315667599991
Estimated_sequence_from_DMS_L170C,111.52338225699991
Estimated_sequence_from_DMS_L170D,111.54085258999991
Estimated_sequence_from_DMS_L170E,111.55198934899991
Estimated_sequence_from_DMS_L170F,111.55561269299992
Estimated_sequence_from_DMS_L170G,111.53029251799991
Estimated_sequence_from_DMS_L170H,111.54002729499992
Estimated_sequence_from_DMS_L170I,111.60601147299991
Estimated_sequence_from_DMS_L170K,111.52633277199992
Estimated_sequence_from_DMS_L170M,111.54848957299991
Estimated_sequence_from_DMS_L170N,111.5474833729999
Estimated_sequence_from_DMS_L170P,111.53486014699992
Estimated_sequence_from_DMS_L170Q,111.54285157399991
Estimated_sequence_from_DMS_L170R,111.52767291299992
Estimated_sequence_from_DMS_L170S,111.58190441999992
Estimated_sequence_from_DMS_L170T,111.52480118699991
Estimated_sequence_from_DMS_L170V,111.54984528499992
Estimated_sequence_from_DMS_L170W,111.56782587099991
Estimated_sequence_from_DMS_L170Y,111.5307337409999
Estimated_sequence_from_DMS_T171A,111.52235958699991
Estimated_sequence_from_DMS_T171C,111.54436553199992
Estimated_sequence_from_DMS_T171D,111.54547856099991
Estimated_sequence_from_DMS_T171E,111.53630779099991
Estimated_sequence_from_DMS_T171F,111.54060687899991
Estimated_sequence_from_DMS_T171G,111.55108672499992
Estimated_sequence_from_DMS_T171H,111.54398189399991
Estimated_sequence_from_DMS_T171I,111.5445330989999
Estimated_sequence_from_DMS_T171K,111.50883238199991
Estimated_sequence_from_DMS_T171L,111.51308956899992
Estimated_sequence_from_DMS_T171M,111.51785549899991
Estimated_sequence_from_DMS_T171N,111.51177568099992
Estimated_sequence_from_DMS_T171P,111.5165762749999
Estimated_sequence_from_DMS_T171Q,111.55622851499992
Estimated_sequence_from_DMS_T171R,111.52089922799992
Estimated_sequence_from_DMS_T171S,111.61517223699991
Estimated_sequence_from_DMS_T171V,111.52053510299992
Estimated_sequence_from_DMS_T171W,111.51916029399992
Estimated_sequence_from_DMS_T171Y,111.51299003399991
Estimated_sequence_from_DMS_H172A,111.74223328099991
Estimated_sequence_from_DMS_H172C,111.67105104399991
Estimated_sequence_from_DMS_H172D,111.66120157499991
Estimated_sequence_from_DMS_H172E,111.67357837599991
Estimated_sequence_from_DMS_H172F,111.66636354899991
Estimated_sequence_from_DMS_H172G,111.71914218099991
Estimated_sequence_from_DMS_H172I,111.65783529099991
Estimated_sequence_from_DMS_H172K,111.69372691999992
Estimated_sequence_from_DMS_H172L,111.66127228199991
Estimated_sequence_from_DMS_H172M,111.70190557399991
Estimated_sequence_from_DMS_H172N,111.70664159399992
Estimated_sequence_from_DMS_H172P,111.69523273199991
Estimated_sequence_from_DMS_H172Q,111.68996066299991
Estimated_sequence_from_DMS_H172R,111.66062372999991
Estimated_sequence_from_DMS_H172S,111.71593963899991
Estimated_sequence_from_DMS_H172T,111.66711455099991
Estimated_sequence_from_DMS_H172V,111.66109157099991
Estimated_sequence_from_DMS_H172W,111.65242066999991
Estimated_sequence_from_DMS_H172Y,111.66118506099991
Estimated_sequence_from_DMS_L173A,111.79477049399992
Estimated_sequence_from_DMS_L173C,111.74008783299992
Estimated_sequence_from_DMS_L173D,111.82515505499991
Estimated_sequence_from_DMS_L173E,111.93834823999991
Estimated_sequence_from_DMS_L173F,111.75819287499992
Estimated_sequence_from_DMS_L173G,111.75370590999991
Estimated_sequence_from_DMS_L173H,111.79492556899991
Estimated_sequence_from_DMS_L173I,111.75012731899992
Estimated_sequence_from_DMS_L173K,111.75877582899992
Estimated_sequence_from_DMS_L173M,111.77045048499991
Estimated_sequence_from_DMS_L173N,111.78936805799991
Estimated_sequence_from_DMS_L173P,111.74897815699991
Estimated_sequence_from_DMS_L173Q,111.79121659199991
Estimated_sequence_from_DMS_L173R,111.74246206699992
Estimated_sequence_from_DMS_L173S,111.82093645399992
Estimated_sequence_from_DMS_L173T,111.76225289999991
Estimated_sequence_from_DMS_L173V,111.74618925899992
Estimated_sequence_from_DMS_L173W,111.74620340099992
Estimated_sequence_from_DMS_L173Y,111.76502474899992
Estimated_sequence_from_DMS_N174A,111.62494630099991
Estimated_sequence_from_DMS_N174C,111.61540593499991
Estimated_sequence_from_DMS_N174D,111.85824856299992
Estimated_sequence_from_DMS_N174E,111.69464516999992
Estimated_sequence_from_DMS_N174F,111.6216899819999
Estimated_sequence_from_DMS_N174G,111.72840174499991
Estimated_sequence_from_DMS_N174H,111.65098005799992
Estimated_sequence_from_DMS_N174I,111.62003112699992
Estimated_sequence_from_DMS_N174K,111.63493016299991
Estimated_sequence_from_DMS_N174L,111.62268774599991
Estimated_sequence_from_DMS_N174M,111.62965386199991
Estimated_sequence_from_DMS_N174P,111.63421387099991
Estimated_sequence_from_DMS_N174Q,111.64201950699992
Estimated_sequence_from_DMS_N174R,111.62725998099991
Estimated_sequence_from_DMS_N174S,111.64750553099991
Estimated_sequence_from_DMS_N174T,111.64512024999992
Estimated_sequence_from_DMS_N174V,111.62858205699992
Estimated_sequence_from_DMS_N174W,111.64397913699992
Estimated_sequence_from_DMS_N174Y,111.63577555899991
Estimated_sequence_from_DMS_F175A,111.78562822399991
Estimated_sequence_from_DMS_F175C,111.75725421299991
Estimated_sequence_from_DMS_F175D,111.79117788899991
Estimated_sequence_from_DMS_F175E,111.77338597199991
Estimated_sequence_from_DMS_F175G,112.09481725199991
Estimated_sequence_from_DMS_F175H,111.83441383799992
Estimated_sequence_from_DMS_F175I,111.75512444399992
Estimated_sequence_from_DMS_F175K,111.78601361199992
Estimated_sequence_from_DMS_F175L,111.76998066599991
Estimated_sequence_from_DMS_F175M,111.7750228089999
Estimated_sequence_from_DMS_F175N,111.86518579299991
Estimated_sequence_from_DMS_F175P,111.76777005499991
Estimated_sequence_from_DMS_F175Q,111.83982931699991
Estimated_sequence_from_DMS_F175R,111.76628218999991
Estimated_sequence_from_DMS_F175S,111.79610101499992
Estimated_sequence_from_DMS_F175T,111.78009594899991
Estimated_sequence_from_DMS_F175V,111.76878478499991
Estimated_sequence_from_DMS_F175W,111.76701926099992
Estimated_sequence_from_DMS_F175Y,111.77945190099992
Estimated_sequence_from_DMS_K176A,111.75945101799991
Estimated_sequence_from_DMS_K176C,111.73196986399991
Estimated_sequence_from_DMS_K176D,111.80574901399991
Estimated_sequence_from_DMS_K176E,111.85295659499991
Estimated_sequence_from_DMS_K176F,111.73319082999991
Estimated_sequence_from_DMS_K176G,111.75812077199991
Estimated_sequence_from_DMS_K176H,111.76821912799991
Estimated_sequence_from_DMS_K176I,111.73660812999991
Estimated_sequence_from_DMS_K176L,111.74404755199991
Estimated_sequence_from_DMS_K176M,111.75725470099991
Estimated_sequence_from_DMS_K176N,111.7871075969999
Estimated_sequence_from_DMS_K176P,111.7446963279999
Estimated_sequence_from_DMS_K176Q,111.7826015449999
Estimated_sequence_from_DMS_K176R,111.76285908799991
Estimated_sequence_from_DMS_K176S,111.87898268899991
Estimated_sequence_from_DMS_K176T,111.87600780299991
Estimated_sequence_from_DMS_K176V,111.75582482199991
Estimated_sequence_from_DMS_K176W,111.73557737299991
Estimated_sequence_from_DMS_K176Y,111.73912075699991
Estimated_sequence_from_DMS_Y177A,111.72223181099992
Estimated_sequence_from_DMS_Y177C,111.71765263299991
Estimated_sequence_from_DMS_Y177D,111.72668444899992
Estimated_sequence_from_DMS_Y177E,111.73050076899992
Estimated_sequence_from_DMS_Y177F,112.04956678699992
Estimated_sequence_from_DMS_Y177G,111.72081859399991
Estimated_sequence_from_DMS_Y177H,111.74337018199992
Estimated_sequence_from_DMS_Y177I,111.71015310299991
Estimated_sequence_from_DMS_Y177K,111.71332551499991
Estimated_sequence_from_DMS_Y177L,111.71957585399991
Estimated_sequence_from_DMS_Y177M,111.78406363899991
Estimated_sequence_from_DMS_Y177N,111.71601416399992
Estimated_sequence_from_DMS_Y177P,111.72073872699991
Estimated_sequence_from_DMS_Y177Q,111.72084678399992
Estimated_sequence_from_DMS_Y177R,111.71119439199991
Estimated_sequence_from_DMS_Y177S,111.72498607699991
Estimated_sequence_from_DMS_Y177T,111.72332559299991
Estimated_sequence_from_DMS_Y177V,111.71078025299991
Estimated_sequence_from_DMS_Y177W,111.84651909899992
Estimated_sequence_from_DMS_P178A,111.60120661499991
Estimated_sequence_from_DMS_P178C,111.58240650699992
Estimated_sequence_from_DMS_P178D,111.64245226499992
Estimated_sequence_from_DMS_P178E,111.62759552599991
Estimated_sequence_from_DMS_P178F,111.58719398199992
Estimated_sequence_from_DMS_P178G,111.60481275499991
Estimated_sequence_from_DMS_P178H,111.59006727099991
Estimated_sequence_from_DMS_P178I,111.58815612399991
Estimated_sequence_from_DMS_P178K,111.58889845699991
Estimated_sequence_from_DMS_P178L,111.57311078199992
Estimated_sequence_from_DMS_P178M,111.59757438499992
Estimated_sequence_from_DMS_P178N,111.60613954299991
Estimated_sequence_from_DMS_P178Q,111.6089578759999
Estimated_sequence_from_DMS_P178R,111.57139737499992
Estimated_sequence_from_DMS_P178S,111.6162036659999
Estimated_sequence_from_DMS_P178T,111.61229038299992
Estimated_sequence_from_DMS_P178V,111.58801781299991
Estimated_sequence_from_DMS_P178W,111.59904052199991
Estimated_sequence_from_DMS_P178Y,111.5820723779999
Estimated_sequence_from_DMS_A179C,111.7172500109999
Estimated_sequence_from_DMS_A179D,111.7364469189999
Estimated_sequence_from_DMS_A179E,111.78797666699991
Estimated_sequence_from_DMS_A179F,111.75735261299991
Estimated_sequence_from_DMS_A179G,111.7175647139999
Estimated_sequence_from_DMS_A179H,111.74309936599991
Estimated_sequence_from_DMS_A179I,111.7440087879999
Estimated_sequence_from_DMS_A179K,111.70799218199991
Estimated_sequence_from_DMS_A179L,111.7342117469999
Estimated_sequence_from_DMS_A179M,111.75492578099991
Estimated_sequence_from_DMS_A179N,111.72926249499992
Estimated_sequence_from_DMS_A179P,111.78033459499991
Estimated_sequence_from_DMS_A179Q,111.75107189999991
Estimated_sequence_from_DMS_A179R,111.71272451599991
Estimated_sequence_from_DMS_A179S,111.7661378139999
Estimated_sequence_from_DMS_A179T,111.79229606699991
Estimated_sequence_from_DMS_A179V,111.7438317209999
Estimated_sequence_from_DMS_A179W,111.7484194979999
Estimated_sequence_from_DMS_A179Y,111.76442233299991
Estimated_sequence_from_DMS_L180A,111.71765278599992
Estimated_sequence_from_DMS_L180C,111.71580600999991
Estimated_sequence_from_DMS_L180D,111.71713239999991
Estimated_sequence_from_DMS_L180E,111.72517026099992
Estimated_sequence_from_DMS_L180F,111.75335249299991
Estimated_sequence_from_DMS_L180G,111.71698113799991
Estimated_sequence_from_DMS_L180H,111.7420627859999
Estimated_sequence_from_DMS_L180I,111.76415406899991
Estimated_sequence_from_DMS_L180K,111.71663658299991
Estimated_sequence_from_DMS_L180M,111.72605196799991
Estimated_sequence_from_DMS_L180N,111.73370850299992
Estimated_sequence_from_DMS_L180P,111.72559465999991
Estimated_sequence_from_DMS_L180Q,112.26125921699992
Estimated_sequence_from_DMS_L180R,111.71372984099992
Estimated_sequence_from_DMS_L180S,111.71981751299991
Estimated_sequence_from_DMS_L180T,111.7268825709999
Estimated_sequence_from_DMS_L180V,111.73465816499991
Estimated_sequence_from_DMS_L180W,111.72991145199991
Estimated_sequence_from_DMS_L180Y,111.72518647099992
Estimated_sequence_from_DMS_N181A,111.57427751599991
Estimated_sequence_from_DMS_N181C,111.57346167199991
Estimated_sequence_from_DMS_N181D,111.60420040399991
Estimated_sequence_from_DMS_N181E,111.65466609199991
Estimated_sequence_from_DMS_N181F,111.60757162499992
Estimated_sequence_from_DMS_N181G,111.58738969599992
Estimated_sequence_from_DMS_N181H,111.58935149999992
Estimated_sequence_from_DMS_N181I,111.58110917199991
Estimated_sequence_from_DMS_N181K,111.58287898799992
Estimated_sequence_from_DMS_N181L,111.57449264199991
Estimated_sequence_from_DMS_N181M,111.58783315399991
Estimated_sequence_from_DMS_N181P,111.57301644399992
Estimated_sequence_from_DMS_N181Q,111.58201224899992
Estimated_sequence_from_DMS_N181R,111.56185838699992
Estimated_sequence_from_DMS_N181S,111.57910957499992
Estimated_sequence_from_DMS_N181T,111.58392913399992
Estimated_sequence_from_DMS_N181V,111.60279883699991
Estimated_sequence_from_DMS_N181W,111.58886604299991
Estimated_sequence_from_DMS_N181Y,111.57693541499991
Estimated_sequence_from_DMS_V182A,111.61289610299991
Estimated_sequence_from_DMS_V182C,111.55122516899992
Estimated_sequence_from_DMS_V182D,111.53686192799991
Estimated_sequence_from_DMS_V182E,111.57233981799992
Estimated_sequence_from_DMS_V182F,111.54097204099992
Estimated_sequence_from_DMS_V182G,111.54694688199992
Estimated_sequence_from_DMS_V182H,111.54011046899991
Estimated_sequence_from_DMS_V182I,111.58592497399991
Estimated_sequence_from_DMS_V182K,111.53441020799991
Estimated_sequence_from_DMS_V182L,111.57959149799991
Estimated_sequence_from_DMS_V182M,111.57142273599992
Estimated_sequence_from_DMS_V182N,111.54307733499992
Estimated_sequence_from_DMS_V182P,111.57050013999992
Estimated_sequence_from_DMS_V182Q,111.54672558999991
Estimated_sequence_from_DMS_V182R,111.54401116499992
Estimated_sequence_from_DMS_V182S,111.54094399599991
Estimated_sequence_from_DMS_V182T,111.56851423999991
Estimated_sequence_from_DMS_V182W,111.56393494899991
Estimated_sequence_from_DMS_V182Y,111.54446252299992
Estimated_sequence_from_DMS_T183A,111.65022989999991
Estimated_sequence_from_DMS_T183C,111.64162857099991
Estimated_sequence_from_DMS_T183D,111.62956973699991
Estimated_sequence_from_DMS_T183E,111.62761930799991
Estimated_sequence_from_DMS_T183F,111.65623575399991
Estimated_sequence_from_DMS_T183G,111.63041421099992
Estimated_sequence_from_DMS_T183H,111.63508394599991
Estimated_sequence_from_DMS_T183I,111.63528243699992
Estimated_sequence_from_DMS_T183K,111.6259893359999
Estimated_sequence_from_DMS_T183L,111.6263935619999
Estimated_sequence_from_DMS_T183M,111.64055634199991
Estimated_sequence_from_DMS_T183N,111.63574327799991
Estimated_sequence_from_DMS_T183P,111.6335120649999
Estimated_sequence_from_DMS_T183Q,111.6289020219999
Estimated_sequence_from_DMS_T183R,111.62692436699992
Estimated_sequence_from_DMS_T183S,111.9647705089999
Estimated_sequence_from_DMS_T183V,111.6324289149999
Estimated_sequence_from_DMS_T183W,111.63466326699991
Estimated_sequence_from_DMS_T183Y,111.63491199799991
Estimated_sequence_from_DMS_M184A,111.49568861199991
Estimated_sequence_from_DMS_M184C,111.51515727199991
Estimated_sequence_from_DMS_M184D,111.4955807079999
Estimated_sequence_from_DMS_M184E,111.49845555899991
Estimated_sequence_from_DMS_M184F,111.50310502899991
Estimated_sequence_from_DMS_M184G,111.4868219339999
Estimated_sequence_from_DMS_M184H,111.4909188359999
Estimated_sequence_from_DMS_M184I,111.5978725189999
Estimated_sequence_from_DMS_M184K,111.5010024699999
Estimated_sequence_from_DMS_M184L,111.49824612099991
Estimated_sequence_from_DMS_M184N,111.48509129399991
Estimated_sequence_from_DMS_M184P,111.4811472099999
Estimated_sequence_from_DMS_M184Q,111.58561554099991
Estimated_sequence_from_DMS_M184R,111.48767923499992
Estimated_sequence_from_DMS_M184S,111.49510147599992
Estimated_sequence_from_DMS_M184T,111.50159002999992
Estimated_sequence_from_DMS_M184V,111.50471717499991
Estimated_sequence_from_DMS_M184W,111.4856238989999
Estimated_sequence_from_DMS_M184Y,111.4979234659999
Estimated_sequence_from_DMS_P185A,111.59040732299991
Estimated_sequence_from_DMS_P185C,111.56977487999991
Estimated_sequence_from_DMS_P185D,111.5692694339999
Estimated_sequence_from_DMS_P185E,111.61054910199991
Estimated_sequence_from_DMS_P185F,111.5670439359999
Estimated_sequence_from_DMS_P185G,111.56537260499991
Estimated_sequence_from_DMS_P185H,111.58759968399991
Estimated_sequence_from_DMS_P185I,111.59267107499991
Estimated_sequence_from_DMS_P185K,111.5922779709999
Estimated_sequence_from_DMS_P185L,111.6046758419999
Estimated_sequence_from_DMS_P185M,111.5818534829999
Estimated_sequence_from_DMS_P185N,111.5698333249999
Estimated_sequence_from_DMS_P185Q,111.5945843299999
Estimated_sequence_from_DMS_P185R,111.6093099989999
Estimated_sequence_from_DMS_P185S,111.58381728599991
Estimated_sequence_from_DMS_P185T,111.5846916759999
Estimated_sequence_from_DMS_P185V,111.6074894349999
Estimated_sequence_from_DMS_P185W,111.6116582849999
Estimated_sequence_from_DMS_P185Y,111.57123117599991
Estimated_sequence_from_DMS_N186A,111.42890976999993
Estimated_sequence_from_DMS_N186C,111.42608608699993
Estimated_sequence_from_DMS_N186D,111.43768997299992
Estimated_sequence_from_DMS_N186E,111.43390353199993
Estimated_sequence_from_DMS_N186F,111.41153546599993
Estimated_sequence_from_DMS_N186G,111.42974774399993
Estimated_sequence_from_DMS_N186H,111.41180902099993
Estimated_sequence_from_DMS_N186I,111.42578589199992
Estimated_sequence_from_DMS_N186K,111.44361660799993
Estimated_sequence_from_DMS_N186L,111.41470181699992
Estimated_sequence_from_DMS_N186M,111.44606423999991
Estimated_sequence_from_DMS_N186P,111.43005693399992
Estimated_sequence_from_DMS_N186Q,111.42663834199993
Estimated_sequence_from_DMS_N186R,111.41471611899992
Estimated_sequence_from_DMS_N186S,111.44175624799992
Estimated_sequence_from_DMS_N186T,111.43049430099992
Estimated_sequence_from_DMS_N186V,111.42436795299993
Estimated_sequence_from_DMS_N186W,111.46359358599992
Estimated_sequence_from_DMS_N186Y,111.41439353399993
Estimated_sequence_from_DMS_N187A,111.64247309199992
Estimated_sequence_from_DMS_N187C,111.63815367899991
Estimated_sequence_from_DMS_N187D,111.6583171349999
Estimated_sequence_from_DMS_N187E,111.66613587199991
Estimated_sequence_from_DMS_N187F,111.64660924299992
Estimated_sequence_from_DMS_N187G,111.63613668599992
Estimated_sequence_from_DMS_N187H,111.69110023899991
Estimated_sequence_from_DMS_N187I,111.63169439899991
Estimated_sequence_from_DMS_N187K,111.67277452999991
Estimated_sequence_from_DMS_N187L,111.68148044799992
Estimated_sequence_from_DMS_N187M,111.66513179199991
Estimated_sequence_from_DMS_N187P,111.63014870299992
Estimated_sequence_from_DMS_N187Q,111.68168468899991
Estimated_sequence_from_DMS_N187R,111.67976160999991
Estimated_sequence_from_DMS_N187S,111.65637042599991
Estimated_sequence_from_DMS_N187T,111.68684973599991
Estimated_sequence_from_DMS_N187V,111.6486566419999
Estimated_sequence_from_DMS_N187W,111.66219027899992
Estimated_sequence_from_DMS_N187Y,111.70451050399991
Estimated_sequence_from_DMS_E188A,111.59758530199991
Estimated_sequence_from_DMS_E188C,111.59646169599992
Estimated_sequence_from_DMS_E188D,111.66985659199992
Estimated_sequence_from_DMS_E188F,111.59755218499991
Estimated_sequence_from_DMS_E188G,111.62147612899992
Estimated_sequence_from_DMS_E188H,111.60546813999991
Estimated_sequence_from_DMS_E188I,111.58909078899991
Estimated_sequence_from_DMS_E188K,111.62272258599991
Estimated_sequence_from_DMS_E188L,111.60165519899991
Estimated_sequence_from_DMS_E188M,111.62381477799991
Estimated_sequence_from_DMS_E188N,111.6554583859999
Estimated_sequence_from_DMS_E188P,111.58794750299991
Estimated_sequence_from_DMS_E188Q,111.64519847699991
Estimated_sequence_from_DMS_E188R,111.61136356999991
Estimated_sequence_from_DMS_E188S,111.60508561899991
Estimated_sequence_from_DMS_E188T,111.58656537299991
Estimated_sequence_from_DMS_E188V,111.64559004599991
Estimated_sequence_from_DMS_E188W,111.62024799799991
Estimated_sequence_from_DMS_E188Y,111.60821027999991
Estimated_sequence_from_DMS_Q189A,111.78226829599991
Estimated_sequence_from_DMS_Q189C,111.75387919899991
Estimated_sequence_from_DMS_Q189D,111.77792672999992
Estimated_sequence_from_DMS_Q189E,111.79166886299991
Estimated_sequence_from_DMS_Q189F,111.77058457899992
Estimated_sequence_from_DMS_Q189G,111.76390784499992
Estimated_sequence_from_DMS_Q189H,111.76888130399992
Estimated_sequence_from_DMS_Q189I,111.76420373799992
Estimated_sequence_from_DMS_Q189K,111.82766624499992
Estimated_sequence_from_DMS_Q189L,111.76981386399991
Estimated_sequence_from_DMS_Q189M,111.76380751099991
Estimated_sequence_from_DMS_Q189N,111.80535689099992
Estimated_sequence_from_DMS_Q189P,111.78416890999992
Estimated_sequence_from_DMS_Q189R,111.75196385499991
Estimated_sequence_from_DMS_Q189S,111.77638158999991
Estimated_sequence_from_DMS_Q189T,111.77332365299992
Estimated_sequence_from_DMS_Q189V,111.76715474299992
Estimated_sequence_from_DMS_Q189W,111.75398207799991
Estimated_sequence_from_DMS_Q189Y,111.75739735199991
Estimated_sequence_from_DMS_F190A,111.56757121399991
Estimated_sequence_from_DMS_F190C,111.57074391299992
Estimated_sequence_from_DMS_F190D,111.56934612699992
Estimated_sequence_from_DMS_F190E,111.58210558799992
Estimated_sequence_from_DMS_F190G,111.56048073899991
Estimated_sequence_from_DMS_F190H,111.67110602599992
Estimated_sequence_from_DMS_F190I,111.56520573399992
Estimated_sequence_from_DMS_F190K,111.55735369899992
Estimated_sequence_from_DMS_F190L,111.57694295199991
Estimated_sequence_from_DMS_F190M,111.57672002499991
Estimated_sequence_from_DMS_F190N,111.56346514899991
Estimated_sequence_from_DMS_F190P,111.56051973099991
Estimated_sequence_from_DMS_F190Q,111.56753351299992
Estimated_sequence_from_DMS_F190R,111.56051451599991
Estimated_sequence_from_DMS_F190S,111.56555786399991
Estimated_sequence_from_DMS_F190T,111.58468089699991
Estimated_sequence_from_DMS_F190V,111.58028741499992
Estimated_sequence_from_DMS_F190W,111.59297044899992
Estimated_sequence_from_DMS_F190Y,111.66504205599992
Estimated_sequence_from_DMS_D191A,111.62534110799992
Estimated_sequence_from_DMS_D191C,111.62566835399991
Estimated_sequence_from_DMS_D191E,111.64373032199991
Estimated_sequence_from_DMS_D191F,111.63545351899991
Estimated_sequence_from_DMS_D191G,111.61817117299991
Estimated_sequence_from_DMS_D191H,111.61980444099991
Estimated_sequence_from_DMS_D191I,111.62969968699991
Estimated_sequence_from_DMS_D191K,111.6240318989999
Estimated_sequence_from_DMS_D191L,111.6052757779999
Estimated_sequence_from_DMS_D191M,111.6382929179999
Estimated_sequence_from_DMS_D191N,111.6510659389999
Estimated_sequence_from_DMS_D191P,111.66805922899991
Estimated_sequence_from_DMS_D191Q,111.63278449499991
Estimated_sequence_from_DMS_D191R,111.62766394199991
Estimated_sequence_from_DMS_D191S,111.65280149699991
Estimated_sequence_from_DMS_D191T,111.66940064499991
Estimated_sequence_from_DMS_D191V,111.6594797109999
Estimated_sequence_from_DMS_D191W,111.64984348699991
Estimated_sequence_from_DMS_D191Y,111.6469059219999
Estimated_sequence_from_DMS_K192A,111.44187855699992
Estimated_sequence_from_DMS_K192C,111.43110190599992
Estimated_sequence_from_DMS_K192D,111.44049620999992
Estimated_sequence_from_DMS_K192E,111.4547904459999
Estimated_sequence_from_DMS_K192F,111.43563924499992
Estimated_sequence_from_DMS_K192G,111.43313652299993
Estimated_sequence_from_DMS_K192H,111.43572661699993
Estimated_sequence_from_DMS_K192I,111.45656725499991
Estimated_sequence_from_DMS_K192L,111.43481482999992
Estimated_sequence_from_DMS_K192M,111.43165324699993
Estimated_sequence_from_DMS_K192N,111.47817665499991
Estimated_sequence_from_DMS_K192P,111.45731599299991
Estimated_sequence_from_DMS_K192Q,111.44491470699991
Estimated_sequence_from_DMS_K192R,111.45815934399991
Estimated_sequence_from_DMS_K192S,111.43141143599992
Estimated_sequence_from_DMS_K192T,111.44580924499991
Estimated_sequence_from_DMS_K192V,111.43334841399992
Estimated_sequence_from_DMS_K192W,111.43974014699992
Estimated_sequence_from_DMS_K192Y,111.43969871099992
Estimated_sequence_from_DMS_L193A,111.47159103799991
Estimated_sequence_from_DMS_L193C,111.46335187399991
Estimated_sequence_from_DMS_L193D,111.47741095499991
Estimated_sequence_from_DMS_L193E,111.45853644999991
Estimated_sequence_from_DMS_L193F,111.48577520899991
Estimated_sequence_from_DMS_L193G,111.47061290999991
Estimated_sequence_from_DMS_L193H,111.46265371099992
Estimated_sequence_from_DMS_L193I,111.46134518799991
Estimated_sequence_from_DMS_L193K,111.4639661699999
Estimated_sequence_from_DMS_L193M,111.50323083799991
Estimated_sequence_from_DMS_L193N,111.46454531899991
Estimated_sequence_from_DMS_L193P,111.4560330739999
Estimated_sequence_from_DMS_L193Q,111.45335959199991
Estimated_sequence_from_DMS_L193R,111.4490570729999
Estimated_sequence_from_DMS_L193S,111.4794923699999
Estimated_sequence_from_DMS_L193T,111.46549108499991
Estimated_sequence_from_DMS_L193V,111.46598382899991
Estimated_sequence_from_DMS_L193W,111.4724865859999
Estimated_sequence_from_DMS_L193Y,111.4939909329999
Estimated_sequence_from_DMS_Y194A,111.48001428999991
Estimated_sequence_from_DMS_Y194C,111.4744082249999
Estimated_sequence_from_DMS_Y194D,111.47648478599992
Estimated_sequence_from_DMS_Y194E,111.4989758839999
Estimated_sequence_from_DMS_Y194F,111.49470627399991
Estimated_sequence_from_DMS_Y194G,111.47949679299991
Estimated_sequence_from_DMS_Y194H,111.49099909999991
Estimated_sequence_from_DMS_Y194I,111.45646259999991
Estimated_sequence_from_DMS_Y194K,111.47437843299991
Estimated_sequence_from_DMS_Y194L,111.46055664199991
Estimated_sequence_from_DMS_Y194M,111.4732544479999
Estimated_sequence_from_DMS_Y194N,111.46905080299992
Estimated_sequence_from_DMS_Y194P,111.46316934999992
Estimated_sequence_from_DMS_Y194Q,111.52868766499991
Estimated_sequence_from_DMS_Y194R,111.46536409999992
Estimated_sequence_from_DMS_Y194S,111.48289074999991
Estimated_sequence_from_DMS_Y194T,111.45435423199991
Estimated_sequence_from_DMS_Y194V,111.48134009199991
Estimated_sequence_from_DMS_Y194W,111.48954357899991
Estimated_sequence_from_DMS_I195A,111.5162584559999
Estimated_sequence_from_DMS_I195C,111.52822177599991
Estimated_sequence_from_DMS_I195D,111.50564074199991
Estimated_sequence_from_DMS_I195E,111.5237789219999
Estimated_sequence_from_DMS_I195F,111.50865061899991
Estimated_sequence_from_DMS_I195G,111.51679629299991
Estimated_sequence_from_DMS_I195H,111.51743317199991
Estimated_sequence_from_DMS_I195K,111.5067248679999
Estimated_sequence_from_DMS_I195L,111.54760656499991
Estimated_sequence_from_DMS_I195M,111.54486910299991
Estimated_sequence_from_DMS_I195N,111.49730064199991
Estimated_sequence_from_DMS_I195P,111.5101468669999
Estimated_sequence_from_DMS_I195Q,111.50596896599991
Estimated_sequence_from_DMS_I195R,111.50519175199992
Estimated_sequence_from_DMS_I195S,111.51250155499991
Estimated_sequence_from_DMS_I195T,111.5115444539999
Estimated_sequence_from_DMS_I195V,111.6005062169999
Estimated_sequence_from_DMS_I195W,111.50962721999991
Estimated_sequence_from_DMS_I195Y,111.50011971499991
Estimated_sequence_from_DMS_W196A,111.40049566999993
Estimated_sequence_from_DMS_W196C,111.41493811999992
Estimated_sequence_from_DMS_W196D,111.39834342599993
Estimated_sequence_from_DMS_W196E,111.39234960499992
Estimated_sequence_from_DMS_W196F,111.40883824499993
Estimated_sequence_from_DMS_W196G,111.40770693999993
Estimated_sequence_from_DMS_W196H,111.38630279599992
Estimated_sequence_from_DMS_W196I,111.37897534799993
Estimated_sequence_from_DMS_W196K,111.38564502799993
Estimated_sequence_from_DMS_W196L,111.39337315699993
Estimated_sequence_from_DMS_W196M,111.39648928099993
Estimated_sequence_from_DMS_W196N,111.38850942199993
Estimated_sequence_from_DMS_W196P,111.39819970199993
Estimated_sequence_from_DMS_W196Q,111.39986695899992
Estimated_sequence_from_DMS_W196R,111.38982934199993
Estimated_sequence_from_DMS_W196S,111.37841168299992
Estimated_sequence_from_DMS_W196T,111.37796468899992
Estimated_sequence_from_DMS_W196V,111.37951842899993
Estimated_sequence_from_DMS_W196Y,111.38909736399992
Estimated_sequence_from_DMS_G197A,111.39961593799993
Estimated_sequence_from_DMS_G197C,111.40271649799992
Estimated_sequence_from_DMS_G197D,111.42467216099992
Estimated_sequence_from_DMS_G197E,111.42643663699992
Estimated_sequence_from_DMS_G197F,111.40483246099993
Estimated_sequence_from_DMS_G197H,111.39769981799992
Estimated_sequence_from_DMS_G197I,111.39368495299992
Estimated_sequence_from_DMS_G197K,111.41110968399992
Estimated_sequence_from_DMS_G197L,111.40319134699992
Estimated_sequence_from_DMS_G197M,111.41207643699993
Estimated_sequence_from_DMS_G197N,111.40983904299992
Estimated_sequence_from_DMS_G197P,111.40463901899993
Estimated_sequence_from_DMS_G197Q,111.40054816299993
Estimated_sequence_from_DMS_G197R,111.47286594099991
Estimated_sequence_from_DMS_G197S,111.39732911199992
Estimated_sequence_from_DMS_G197T,111.40056083399992
Estimated_sequence_from_DMS_G197V,111.41944874199993
Estimated_sequence_from_DMS_G197W,111.42787285599992
Estimated_sequence_from_DMS_G197Y,111.40404832099992
Estimated_sequence_from_DMS_V198A,111.55489743699991
Estimated_sequence_from_DMS_V198C,111.51605929699991
Estimated_sequence_from_DMS_V198D,111.51272302999992
Estimated_sequence_from_DMS_V198E,111.54412079799991
Estimated_sequence_from_DMS_V198F,111.53922232099991
Estimated_sequence_from_DMS_V198G,111.51365639499991
Estimated_sequence_from_DMS_V198H,111.5072556149999
Estimated_sequence_from_DMS_V198I,111.54845655399991
Estimated_sequence_from_DMS_V198K,111.50958167899991
Estimated_sequence_from_DMS_V198L,111.53557909899992
Estimated_sequence_from_DMS_V198M,111.54863261299991
Estimated_sequence_from_DMS_V198N,111.51510333799992
Estimated_sequence_from_DMS_V198P,111.50069477099991
Estimated_sequence_from_DMS_V198Q,111.50702414099992
Estimated_sequence_from_DMS_V198R,111.50142788599992
Estimated_sequence_from_DMS_V198S,111.50382625199991
Estimated_sequence_from_DMS_V198T,111.51559629899991
Estimated_sequence_from_DMS_V198W,111.51747731499991
Estimated_sequence_from_DMS_V198Y,111.53443630599992
Estimated_sequence_from_DMS_L199A,111.69468734799992
Estimated_sequence_from_DMS_L199C,111.72526326999991
Estimated_sequence_from_DMS_L199D,111.72550267099992
Estimated_sequence_from_DMS_L199E,111.71798756099992
Estimated_sequence_from_DMS_L199F,111.88027969099991
Estimated_sequence_from_DMS_L199G,111.6944570719999
Estimated_sequence_from_DMS_L199H,111.82466747799991
Estimated_sequence_from_DMS_L199I,111.72967291899991
Estimated_sequence_from_DMS_L199K,111.71534980399991
Estimated_sequence_from_DMS_L199M,111.81318895399991
Estimated_sequence_from_DMS_L199N,111.70409042199991
Estimated_sequence_from_DMS_L199P,111.69224569099991
Estimated_sequence_from_DMS_L199Q,111.70076717199991
Estimated_sequence_from_DMS_L199R,111.69746573099991
Estimated_sequence_from_DMS_L199S,111.70296782299991
Estimated_sequence_from_DMS_L199T,111.6932913099999
Estimated_sequence_from_DMS_L199V,111.72612661799991
Estimated_sequence_from_DMS_L199W,111.74050760199991
Estimated_sequence_from_DMS_L199Y,111.70616042899991
Estimated_sequence_from_DMS_H200A,111.60568842999992
Estimated_sequence_from_DMS_H200C,111.59504615299991
Estimated_sequence_from_DMS_H200D,111.6114482569999
Estimated_sequence_from_DMS_H200E,111.67579543399991
Estimated_sequence_from_DMS_H200F,111.62972494799992
Estimated_sequence_from_DMS_H200G,111.59473796499991
Estimated_sequence_from_DMS_H200I,111.61444275999992
Estimated_sequence_from_DMS_H200K,111.61313682199992
Estimated_sequence_from_DMS_H200L,111.61174436599991
Estimated_sequence_from_DMS_H200M,111.65711138899991
Estimated_sequence_from_DMS_H200N,111.70290098499991
Estimated_sequence_from_DMS_H200P,111.60414948099991
Estimated_sequence_from_DMS_H200Q,111.65081340599991
Estimated_sequence_from_DMS_H200R,111.59764127799991
Estimated_sequence_from_DMS_H200S,111.61768671799992
Estimated_sequence_from_DMS_H200T,111.6256562499999
Estimated_sequence_from_DMS_H200V,111.60788574099992
Estimated_sequence_from_DMS_H200W,111.60249520499991
Estimated_sequence_from_DMS_H200Y,111.62998331799992
Estimated_sequence_from_DMS_P201A,111.50232468999991
Estimated_sequence_from_DMS_P201C,111.43621896999993
Estimated_sequence_from_DMS_P201D,111.45222141199991
Estimated_sequence_from_DMS_P201E,111.45255811499992
Estimated_sequence_from_DMS_P201F,111.44706435899991
Estimated_sequence_from_DMS_P201G,111.44661918499992
Estimated_sequence_from_DMS_P201H,111.44120276099993
Estimated_sequence_from_DMS_P201I,111.43497352399993
Estimated_sequence_from_DMS_P201K,111.44976706099992
Estimated_sequence_from_DMS_P201L,111.45771409399991
Estimated_sequence_from_DMS_P201M,111.44888402999992
Estimated_sequence_from_DMS_P201N,111.44826489499991
Estimated_sequence_from_DMS_P201Q,111.4647739879999
Estimated_sequence_from_DMS_P201R,111.43636581999992
Estimated_sequence_from_DMS_P201S,111.45367149699992
Estimated_sequence_from_DMS_P201T,111.47717439299991
Estimated_sequence_from_DMS_P201V,111.45950502599992
Estimated_sequence_from_DMS_P201W,111.44389768999993
Estimated_sequence_from_DMS_P201Y,111.44707039599992
Estimated_sequence_from_DMS_G202A,112.04490830499991
Estimated_sequence_from_DMS_G202C,111.7739380599999
Estimated_sequence_from_DMS_G202D,111.7351669099999
Estimated_sequence_from_DMS_G202E,111.77111368599991
Estimated_sequence_from_DMS_G202F,111.73303261499991
Estimated_sequence_from_DMS_G202H,111.75093797499991
Estimated_sequence_from_DMS_G202I,111.7445318509999
Estimated_sequence_from_DMS_G202K,111.7572732989999
Estimated_sequence_from_DMS_G202L,111.73158750699992
Estimated_sequence_from_DMS_G202M,111.76807261599991
Estimated_sequence_from_DMS_G202N,111.80725091599992
Estimated_sequence_from_DMS_G202P,111.7592987319999
Estimated_sequence_from_DMS_G202Q,111.73918044099992
Estimated_sequence_from_DMS_G202R,111.73355772999992
Estimated_sequence_from_DMS_G202S,111.86339826899992
Estimated_sequence_from_DMS_G202T,111.74777511199991
Estimated_sequence_from_DMS_G202V,111.76346479299991
Estimated_sequence_from_DMS_G202W,111.7440973499999
Estimated_sequence_from_DMS_G202Y,111.73892857899992
Estimated_sequence_from_DMS_T203A,111.73818790699991
Estimated_sequence_from_DMS_T203C,111.69663123599992
Estimated_sequence_from_DMS_T203D,111.75169991699991
Estimated_sequence_from_DMS_T203E,111.78987396999992
Estimated_sequence_from_DMS_T203F,111.73992355199991
Estimated_sequence_from_DMS_T203G,111.7211358369999
Estimated_sequence_from_DMS_T203H,111.71547582799991
Estimated_sequence_from_DMS_T203I,111.71403630299992
Estimated_sequence_from_DMS_T203K,111.71049869799991
Estimated_sequence_from_DMS_T203L,111.7064095699999
Estimated_sequence_from_DMS_T203M,111.7112355749999
Estimated_sequence_from_DMS_T203N,111.75926007699991
Estimated_sequence_from_DMS_T203P,111.69307976999991
Estimated_sequence_from_DMS_T203Q,111.72017403099991
Estimated_sequence_from_DMS_T203R,111.70169405199991
Estimated_sequence_from_DMS_T203S,111.88249174899991
Estimated_sequence_from_DMS_T203V,111.71303764899992
Estimated_sequence_from_DMS_T203W,111.71900704799991
Estimated_sequence_from_DMS_T203Y,111.72051521699991
Estimated_sequence_from_DMS_D204A,111.75469488199991
Estimated_sequence_from_DMS_D204C,111.74403661899991
Estimated_sequence_from_DMS_D204E,111.90689512399992
Estimated_sequence_from_DMS_D204F,111.78281229999992
Estimated_sequence_from_DMS_D204G,111.75247085699992
Estimated_sequence_from_DMS_D204H,111.77173772899991
Estimated_sequence_from_DMS_D204I,111.81275247799991
Estimated_sequence_from_DMS_D204K,111.75442937999992
Estimated_sequence_from_DMS_D204L,111.86733428799991
Estimated_sequence_from_DMS_D204M,111.87008402099991
Estimated_sequence_from_DMS_D204N,111.76109378299992
Estimated_sequence_from_DMS_D204P,111.75612352599991
Estimated_sequence_from_DMS_D204Q,111.79548617399992
Estimated_sequence_from_DMS_D204R,111.74412607399991
Estimated_sequence_from_DMS_D204S,111.75655929299991
Estimated_sequence_from_DMS_D204T,111.78193482099991
Estimated_sequence_from_DMS_D204V,111.80808327699991
Estimated_sequence_from_DMS_D204W,111.80520548599992
Estimated_sequence_from_DMS_D204Y,111.78057769099992
Estimated_sequence_from_DMS_K205A,111.7864228179999
Estimated_sequence_from_DMS_K205C,111.74061356599991
Estimated_sequence_from_DMS_K205D,111.8096373509999
Estimated_sequence_from_DMS_K205E,111.90257679399991
Estimated_sequence_from_DMS_K205F,111.81332096999991
Estimated_sequence_from_DMS_K205G,111.76120990299991
Estimated_sequence_from_DMS_K205H,111.7772058539999
Estimated_sequence_from_DMS_K205I,111.7785484189999
Estimated_sequence_from_DMS_K205L,111.75691376999991
Estimated_sequence_from_DMS_K205M,111.7708773889999
Estimated_sequence_from_DMS_K205N,111.78078650999991
Estimated_sequence_from_DMS_K205P,111.7473539379999
Estimated_sequence_from_DMS_K205Q,111.7770265979999
Estimated_sequence_from_DMS_K205R,111.7544064109999
Estimated_sequence_from_DMS_K205S,111.7707595689999
Estimated_sequence_from_DMS_K205T,111.8129002949999
Estimated_sequence_from_DMS_K205V,111.84861750699991
Estimated_sequence_from_DMS_K205W,111.75532578899991
Estimated_sequence_from_DMS_K205Y,111.7928996949999
Estimated_sequence_from_DMS_D206A,111.48556242499991
Estimated_sequence_from_DMS_D206C,111.47896191999992
Estimated_sequence_from_DMS_D206E,111.50325915599991
Estimated_sequence_from_DMS_D206F,111.48175453999991
Estimated_sequence_from_DMS_D206G,111.47818433599991
Estimated_sequence_from_DMS_D206H,111.50236198699992
Estimated_sequence_from_DMS_D206I,111.49755718399992
Estimated_sequence_from_DMS_D206K,111.47222033099992
Estimated_sequence_from_DMS_D206L,111.47438924099991
Estimated_sequence_from_DMS_D206M,111.50172388499992
Estimated_sequence_from_DMS_D206N,111.55140480899992
Estimated_sequence_from_DMS_D206P,111.48647602399991
Estimated_sequence_from_DMS_D206Q,111.48032298199992
Estimated_sequence_from_DMS_D206R,111.48004488099991
Estimated_sequence_from_DMS_D206S,111.47642587399991
Estimated_sequence_from_DMS_D206T,111.49004014499991
Estimated_sequence_from_DMS_D206V,111.47337949999992
Estimated_sequence_from_DMS_D206W,111.50591715799992
Estimated_sequence_from_DMS_D206Y,111.56345762699992
Estimated_sequence_from_DMS_Q207A,111.64235593899991
Estimated_sequence_from_DMS_Q207C,111.58708019799991
Estimated_sequence_from_DMS_Q207D,111.60630553599991
Estimated_sequence_from_DMS_Q207E,111.63339896999992
Estimated_sequence_from_DMS_Q207F,111.58538773199992
Estimated_sequence_from_DMS_Q207G,111.62842500499991
Estimated_sequence_from_DMS_Q207H,111.62229216099992
Estimated_sequence_from_DMS_Q207I,111.59448362699992
Estimated_sequence_from_DMS_Q207K,111.62123519499991
Estimated_sequence_from_DMS_Q207L,111.58787183199992
Estimated_sequence_from_DMS_Q207M,111.59044814699992
Estimated_sequence_from_DMS_Q207N,111.66037063999991
Estimated_sequence_from_DMS_Q207P,111.60282489299992
Estimated_sequence_from_DMS_Q207R,111.5810231419999
Estimated_sequence_from_DMS_Q207S,111.68570348299991
Estimated_sequence_from_DMS_Q207T,111.59675120399991
Estimated_sequence_from_DMS_Q207V,111.58911928399992
Estimated_sequence_from_DMS_Q207W,111.59334994699991
Estimated_sequence_from_DMS_Q207Y,111.59414921099992
Estimated_sequence_from_DMS_I208A,111.80107454399992
Estimated_sequence_from_DMS_I208C,111.7561151869999
Estimated_sequence_from_DMS_I208D,111.82978632099992
Estimated_sequence_from_DMS_I208E,111.8295346239999
Estimated_sequence_from_DMS_I208F,111.80000763299991
Estimated_sequence_from_DMS_I208G,111.77140394999991
Estimated_sequence_from_DMS_I208H,111.83995301399992
Estimated_sequence_from_DMS_I208K,111.79097888899992
Estimated_sequence_from_DMS_I208L,111.79440607499991
Estimated_sequence_from_DMS_I208M,111.82043379699991
Estimated_sequence_from_DMS_I208N,111.83398069299992
Estimated_sequence_from_DMS_I208P,111.76406616699991
Estimated_sequence_from_DMS_I208Q,111.88296273599991
Estimated_sequence_from_DMS_I208R,111.78059976799992
Estimated_sequence_from_DMS_I208S,111.78709735299991
Estimated_sequence_from_DMS_I208T,111.7912756229999
Estimated_sequence_from_DMS_I208V,111.78031257499991
Estimated_sequence_from_DMS_I208W,111.7984522049999
Estimated_sequence_from_DMS_I208Y,111.80493203399992
Estimated_sequence_from_DMS_F209A,111.77395179099992
Estimated_sequence_from_DMS_F209C,111.75164408299992
Estimated_sequence_from_DMS_F209D,111.89140333199991
Estimated_sequence_from_DMS_F209E,111.81850022599991
Estimated_sequence_from_DMS_F209G,111.79371069799991
Estimated_sequence_from_DMS_F209H,111.8559311349999
Estimated_sequence_from_DMS_F209I,111.74612692899991
Estimated_sequence_from_DMS_F209K,111.76656608099991
Estimated_sequence_from_DMS_F209L,111.79400704499992
Estimated_sequence_from_DMS_F209M,111.78829706299992
Estimated_sequence_from_DMS_F209N,111.86333725599991
Estimated_sequence_from_DMS_F209P,111.74759715599991
Estimated_sequence_from_DMS_F209Q,111.84557411599991
Estimated_sequence_from_DMS_F209R,111.77936010599991
Estimated_sequence_from_DMS_F209S,111.81461398099991
Estimated_sequence_from_DMS_F209T,111.75940431899991
Estimated_sequence_from_DMS_F209V,111.7494122499999
Estimated_sequence_from_DMS_F209W,111.75017272399991
Estimated_sequence_from_DMS_F209Y,111.7524248559999
Estimated_sequence_from_DMS_L210A,111.62035381799991
Estimated_sequence_from_DMS_L210C,111.5897121759999
Estimated_sequence_from_DMS_L210D,111.60142626699991
Estimated_sequence_from_DMS_L210E,111.59524286399991
Estimated_sequence_from_DMS_L210F,111.59886653099991
Estimated_sequence_from_DMS_L210G,111.6261014689999
Estimated_sequence_from_DMS_L210H,111.61883922699991
Estimated_sequence_from_DMS_L210I,111.63740815799991
Estimated_sequence_from_DMS_L210K,111.60506521099991
Estimated_sequence_from_DMS_L210M,111.61821357099991
Estimated_sequence_from_DMS_L210N,111.58529911199992
Estimated_sequence_from_DMS_L210P,111.5971189839999
Estimated_sequence_from_DMS_L210Q,111.6152218319999
Estimated_sequence_from_DMS_L210R,111.60615239499991
Estimated_sequence_from_DMS_L210S,111.59674743999992
Estimated_sequence_from_DMS_L210T,111.60971305399991
Estimated_sequence_from_DMS_L210V,111.65997639499992
Estimated_sequence_from_DMS_L210W,111.6024160549999
Estimated_sequence_from_DMS_L210Y,111.6117350059999
Estimated_sequence_from_DMS_Y211A,111.69189739699992
Estimated_sequence_from_DMS_Y211C,111.69988204599991
Estimated_sequence_from_DMS_Y211D,111.71179251899991
Estimated_sequence_from_DMS_Y211E,111.72289252399992
Estimated_sequence_from_DMS_Y211F,111.72250988399992
Estimated_sequence_from_DMS_Y211G,111.70941602799992
Estimated_sequence_from_DMS_Y211H,111.72367390099991
Estimated_sequence_from_DMS_Y211I,111.75000890199992
Estimated_sequence_from_DMS_Y211K,111.71424230099991
Estimated_sequence_from_DMS_Y211L,111.68757260599992
Estimated_sequence_from_DMS_Y211M,111.72224845899991
Estimated_sequence_from_DMS_Y211N,111.75185486299992
Estimated_sequence_from_DMS_Y211P,111.71116517299991
Estimated_sequence_from_DMS_Y211Q,111.73482425699991
Estimated_sequence_from_DMS_Y211R,111.71171769499992
Estimated_sequence_from_DMS_Y211S,111.72997590399991
Estimated_sequence_from_DMS_Y211T,111.77583043999992
Estimated_sequence_from_DMS_Y211V,111.68873985499991
Estimated_sequence_from_DMS_Y211W,111.69968455299991
Estimated_sequence_from_DMS_A212C,111.69960486899991
Estimated_sequence_from_DMS_A212D,111.7182303789999
Estimated_sequence_from_DMS_A212E,111.72393146899991
Estimated_sequence_from_DMS_A212F,111.69911734399992
Estimated_sequence_from_DMS_A212G,111.71682399799991
Estimated_sequence_from_DMS_A212H,111.70958139099992
Estimated_sequence_from_DMS_A212I,111.68233498399991
Estimated_sequence_from_DMS_A212K,111.69809256499991
Estimated_sequence_from_DMS_A212L,111.68210766299991
Estimated_sequence_from_DMS_A212M,111.70104124799991
Estimated_sequence_from_DMS_A212N,111.74532145099991
Estimated_sequence_from_DMS_A212P,111.76946422699992
Estimated_sequence_from_DMS_A212Q,111.7366203759999
Estimated_sequence_from_DMS_A212R,111.71164396299991
Estimated_sequence_from_DMS_A212S,111.7582487569999
Estimated_sequence_from_DMS_A212T,111.71203243599992
Estimated_sequence_from_DMS_A212V,111.6919149439999
Estimated_sequence_from_DMS_A212W,111.70989392799991
Estimated_sequence_from_DMS_A212Y,111.69473367299992
Estimated_sequence_from_DMS_Q213A,111.77424958699991
Estimated_sequence_from_DMS_Q213C,111.77358372499991
Estimated_sequence_from_DMS_Q213D,111.77974582399992
Estimated_sequence_from_DMS_Q213E,111.77318670299992
Estimated_sequence_from_DMS_Q213F,111.78438695099992
Estimated_sequence_from_DMS_Q213G,111.78523522599991
Estimated_sequence_from_DMS_Q213H,111.79150599099991
Estimated_sequence_from_DMS_Q213I,111.77441739899992
Estimated_sequence_from_DMS_Q213K,111.77875805399991
Estimated_sequence_from_DMS_Q213L,111.77770231899991
Estimated_sequence_from_DMS_Q213M,111.77433629899991
Estimated_sequence_from_DMS_Q213N,111.77717447399992
Estimated_sequence_from_DMS_Q213P,111.77418039699991
Estimated_sequence_from_DMS_Q213R,111.77311947499992
Estimated_sequence_from_DMS_Q213S,111.77163623299991
Estimated_sequence_from_DMS_Q213T,111.77403707499991
Estimated_sequence_from_DMS_Q213V,111.77418780399992
Estimated_sequence_from_DMS_Q213W,111.76991300199991
Estimated_sequence_from_DMS_Q213Y,111.76995522799992
Estimated_sequence_from_DMS_A214C,111.76849460299991
Estimated_sequence_from_DMS_A214D,111.7814624299999
Estimated_sequence_from_DMS_A214E,111.83074690399991
Estimated_sequence_from_DMS_A214F,111.76399401499991
Estimated_sequence_from_DMS_A214G,111.78345590899991
Estimated_sequence_from_DMS_A214H,111.77349009099991
Estimated_sequence_from_DMS_A214I,111.76884181899992
Estimated_sequence_from_DMS_A214K,111.7685513169999
Estimated_sequence_from_DMS_A214L,111.76485390899991
Estimated_sequence_from_DMS_A214M,111.77336008099991
Estimated_sequence_from_DMS_A214N,111.78120199199991
Estimated_sequence_from_DMS_A214P,111.8230048619999
Estimated_sequence_from_DMS_A214Q,111.77004587999991
Estimated_sequence_from_DMS_A214R,111.7545180199999
Estimated_sequence_from_DMS_A214S,111.7764964479999
Estimated_sequence_from_DMS_A214T,111.73936823399991
Estimated_sequence_from_DMS_A214V,111.74492756099991
Estimated_sequence_from_DMS_A214W,111.7764198839999
Estimated_sequence_from_DMS_A214Y,111.77482462699992
Estimated_sequence_from_DMS_S215A,111.79912951499992
Estimated_sequence_from_DMS_S215C,111.74126168699992
Estimated_sequence_from_DMS_S215D,111.78413907799991
Estimated_sequence_from_DMS_S215E,111.84500521899992
Estimated_sequence_from_DMS_S215F,111.7513893839999
Estimated_sequence_from_DMS_S215G,111.78790888599991
Estimated_sequence_from_DMS_S215H,111.76903416099991
Estimated_sequence_from_DMS_S215I,111.75265011299992
Estimated_sequence_from_DMS_S215K,111.76731405999992
Estimated_sequence_from_DMS_S215L,111.76957539499992
Estimated_sequence_from_DMS_S215M,111.76771579499992
Estimated_sequence_from_DMS_S215N,111.77674722399992
Estimated_sequence_from_DMS_S215P,111.99285195199991
Estimated_sequence_from_DMS_S215Q,111.79343200899991
Estimated_sequence_from_DMS_S215R,111.75138879499991
Estimated_sequence_from_DMS_S215T,111.78160951099991
Estimated_sequence_from_DMS_S215V,111.77239880299992
Estimated_sequence_from_DMS_S215W,111.74994883499991
Estimated_sequence_from_DMS_S215Y,111.7582412249999
Estimated_sequence_from_DMS_G216A,111.71361894699992
Estimated_sequence_from_DMS_G216C,111.65741801999991
Estimated_sequence_from_DMS_G216D,111.6760917629999
Estimated_sequence_from_DMS_G216E,111.68321912499991
Estimated_sequence_from_DMS_G216F,111.65529489899991
Estimated_sequence_from_DMS_G216H,111.6876140569999
Estimated_sequence_from_DMS_G216I,111.65465244399991
Estimated_sequence_from_DMS_G216K,111.64905348499991
Estimated_sequence_from_DMS_G216L,111.64270354399991
Estimated_sequence_from_DMS_G216M,111.68543293899991
Estimated_sequence_from_DMS_G216N,111.69918483499991
Estimated_sequence_from_DMS_G216P,111.70282735099991
Estimated_sequence_from_DMS_G216Q,111.67051235099991
Estimated_sequence_from_DMS_G216R,111.6427056719999
Estimated_sequence_from_DMS_G216S,111.70657422499991
Estimated_sequence_from_DMS_G216T,111.6962492639999
Estimated_sequence_from_DMS_G216V,111.66489211899992
Estimated_sequence_from_DMS_G216W,111.68969244399992
Estimated_sequence_from_DMS_G216Y,111.66417440199992
Estimated_sequence_from_DMS_R217A,111.78388161599992
Estimated_sequence_from_DMS_R217C,111.7560807489999
Estimated_sequence_from_DMS_R217D,111.78950129699992
Estimated_sequence_from_DMS_R217E,111.81725140799992
Estimated_sequence_from_DMS_R217F,111.76306628399992
Estimated_sequence_from_DMS_R217G,111.79457251599992
Estimated_sequence_from_DMS_R217H,111.7920143859999
Estimated_sequence_from_DMS_R217I,111.78057872499991
Estimated_sequence_from_DMS_R217K,111.77922117099992
Estimated_sequence_from_DMS_R217L,111.79318640999992
Estimated_sequence_from_DMS_R217M,111.82299776299992
Estimated_sequence_from_DMS_R217N,111.80992290699992
Estimated_sequence_from_DMS_R217P,111.82664913899991
Estimated_sequence_from_DMS_R217Q,111.82359046499991
Estimated_sequence_from_DMS_R217S,111.83553191399992
Estimated_sequence_from_DMS_R217T,111.82407494999991
Estimated_sequence_from_DMS_R217V,111.79813343799991
Estimated_sequence_from_DMS_R217W,111.76519604599991
Estimated_sequence_from_DMS_R217Y,111.76061722299991
Estimated_sequence_from_DMS_I218A,111.60837721699991
Estimated_sequence_from_DMS_I218C,111.60088703799991
Estimated_sequence_from_DMS_I218D,111.5937842049999
Estimated_sequence_from_DMS_I218E,111.60433138499991
Estimated_sequence_from_DMS_I218F,111.59622446799992
Estimated_sequence_from_DMS_I218G,111.58952200199991
Estimated_sequence_from_DMS_I218H,111.59120453899992
Estimated_sequence_from_DMS_I218K,111.60247128799992
Estimated_sequence_from_DMS_I218L,111.59662360499992
Estimated_sequence_from_DMS_I218M,111.60338972699991
Estimated_sequence_from_DMS_I218N,111.62447793399991
Estimated_sequence_from_DMS_I218P,111.59418440199991
Estimated_sequence_from_DMS_I218Q,111.60626528399992
Estimated_sequence_from_DMS_I218R,111.58772054899991
Estimated_sequence_from_DMS_I218S,111.59466905499991
Estimated_sequence_from_DMS_I218T,111.74937364799992
Estimated_sequence_from_DMS_I218V,111.77160171999991
Estimated_sequence_from_DMS_I218W,111.61599370999991
Estimated_sequence_from_DMS_I218Y,111.58870790999991
Estimated_sequence_from_DMS_T219A,111.71818463899992
Estimated_sequence_from_DMS_T219C,111.70430479699992
Estimated_sequence_from_DMS_T219D,111.70034018899992
Estimated_sequence_from_DMS_T219E,111.76715216999992
Estimated_sequence_from_DMS_T219F,111.68531084199992
Estimated_sequence_from_DMS_T219G,111.67823389699991
Estimated_sequence_from_DMS_T219H,111.73706539499992
Estimated_sequence_from_DMS_T219I,111.74283254699992
Estimated_sequence_from_DMS_T219K,111.67693487999992
Estimated_sequence_from_DMS_T219L,111.67392308199992
Estimated_sequence_from_DMS_T219M,111.71619199299991
Estimated_sequence_from_DMS_T219N,111.68279986199991
Estimated_sequence_from_DMS_T219P,111.66585499599992
Estimated_sequence_from_DMS_T219Q,111.72263315599992
Estimated_sequence_from_DMS_T219R,111.67664229499991
Estimated_sequence_from_DMS_T219S,111.74833670999992
Estimated_sequence_from_DMS_T219V,111.72686126399992
Estimated_sequence_from_DMS_T219W,111.68207820499991
Estimated_sequence_from_DMS_T219Y,111.70195368599991
Estimated_sequence_from_DMS_V220A,111.5046752809999
Estimated_sequence_from_DMS_V220C,111.46612741799991
Estimated_sequence_from_DMS_V220D,111.50888320299991
Estimated_sequence_from_DMS_V220E,111.47782740599992
Estimated_sequence_from_DMS_V220F,111.49086176999991
Estimated_sequence_from_DMS_V220G,111.46226906699991
Estimated_sequence_from_DMS_V220H,111.4918661419999
Estimated_sequence_from_DMS_V220I,111.53928702599991
Estimated_sequence_from_DMS_V220K,111.46815526399992
Estimated_sequence_from_DMS_V220L,111.4810059599999
Estimated_sequence_from_DMS_V220M,111.47174780999991
Estimated_sequence_from_DMS_V220N,111.47526847399992
Estimated_sequence_from_DMS_V220P,111.47003406599991
Estimated_sequence_from_DMS_V220Q,111.47566135099991
Estimated_sequence_from_DMS_V220R,111.46138920899992
Estimated_sequence_from_DMS_V220S,111.46721835299991
Estimated_sequence_from_DMS_V220T,111.46444627299991
Estimated_sequence_from_DMS_V220W,111.4709115559999
Estimated_sequence_from_DMS_V220Y,111.4699321969999
Estimated_sequence_from_DMS_S221A,111.63502849399991
Estimated_sequence_from_DMS_S221C,111.56606489199991
Estimated_sequence_from_DMS_S221D,111.55965189099992
Estimated_sequence_from_DMS_S221E,111.57879431399991
Estimated_sequence_from_DMS_S221F,111.57270764499991
Estimated_sequence_from_DMS_S221G,111.58380773199991
Estimated_sequence_from_DMS_S221H,111.58012282499992
Estimated_sequence_from_DMS_S221I,111.57938688099992
Estimated_sequence_from_DMS_S221K,111.5789970599999
Estimated_sequence_from_DMS_S221L,111.55845799699992
Estimated_sequence_from_DMS_S221M,111.59531502599991
Estimated_sequence_from_DMS_S221N,111.56517617699991
Estimated_sequence_from_DMS_S221P,111.55820481999992
Estimated_sequence_from_DMS_S221Q,111.61532302199991
Estimated_sequence_from_DMS_S221R,111.55586759899991
Estimated_sequence_from_DMS_S221T,111.59428540599991
Estimated_sequence_from_DMS_S221V,111.57477299499992
Estimated_sequence_from_DMS_S221W,111.55694259099991
Estimated_sequence_from_DMS_S221Y,111.57669633899991
Estimated_sequence_from_DMS_T222A,111.42013554099994
Estimated_sequence_from_DMS_T222C,111.40885674099992
Estimated_sequence_from_DMS_T222D,111.40810107599992
Estimated_sequence_from_DMS_T222E,111.40750591699992
Estimated_sequence_from_DMS_T222F,111.41062447899994
Estimated_sequence_from_DMS_T222G,111.40622201499993
Estimated_sequence_from_DMS_T222H,111.40477268599993
Estimated_sequence_from_DMS_T222I,111.41689010199993
Estimated_sequence_from_DMS_T222K,111.41623520399993
Estimated_sequence_from_DMS_T222L,111.42752700599993
Estimated_sequence_from_DMS_T222M,111.42646140399992
Estimated_sequence_from_DMS_T222N,111.42720797499993
Estimated_sequence_from_DMS_T222P,111.42001740999993
Estimated_sequence_from_DMS_T222Q,111.41613847599993
Estimated_sequence_from_DMS_T222R,111.40357475299993
Estimated_sequence_from_DMS_T222S,111.43003105999993
Estimated_sequence_from_DMS_T222V,111.41232966399993
Estimated_sequence_from_DMS_T222W,111.41537431499992
Estimated_sequence_from_DMS_T222Y,111.42389280399993
Estimated_sequence_from_DMS_K223A,111.74393834199992
Estimated_sequence_from_DMS_K223C,111.68500127199991
Estimated_sequence_from_DMS_K223D,111.67916670099991
Estimated_sequence_from_DMS_K223E,111.68586883599991
Estimated_sequence_from_DMS_K223F,111.68369332299991
Estimated_sequence_from_DMS_K223G,111.72112072399992
Estimated_sequence_from_DMS_K223H,111.70014960499992
Estimated_sequence_from_DMS_K223I,111.67793524499992
Estimated_sequence_from_DMS_K223L,111.68877030599991
Estimated_sequence_from_DMS_K223M,111.74528598899991
Estimated_sequence_from_DMS_K223N,111.70788038599991
Estimated_sequence_from_DMS_K223P,111.67252502699992
Estimated_sequence_from_DMS_K223Q,111.72735482299991
Estimated_sequence_from_DMS_K223R,111.75680840999992
Estimated_sequence_from_DMS_K223S,111.82528412899991
Estimated_sequence_from_DMS_K223T,111.71295704999991
Estimated_sequence_from_DMS_K223V,111.67477719499992
Estimated_sequence_from_DMS_K223W,111.67833620999991
Estimated_sequence_from_DMS_K223Y,111.67758661299992
Estimated_sequence_from_DMS_R224A,111.75630871699991
Estimated_sequence_from_DMS_R224C,111.73706261199992
Estimated_sequence_from_DMS_R224D,111.75266353499991
Estimated_sequence_from_DMS_R224E,111.79292120799991
Estimated_sequence_from_DMS_R224F,111.7875088529999
Estimated_sequence_from_DMS_R224G,111.75142327099991
Estimated_sequence_from_DMS_R224H,111.79466023899991
Estimated_sequence_from_DMS_R224I,111.85467815299991
Estimated_sequence_from_DMS_R224K,111.76068962899991
Estimated_sequence_from_DMS_R224L,111.7804432109999
Estimated_sequence_from_DMS_R224M,111.77377877499991
Estimated_sequence_from_DMS_R224N,111.79167083599991
Estimated_sequence_from_DMS_R224P,111.73196871299992
Estimated_sequence_from_DMS_R224Q,111.7613111749999
Estimated_sequence_from_DMS_R224S,111.76956875099991
Estimated_sequence_from_DMS_R224T,111.78557726799991
Estimated_sequence_from_DMS_R224V,111.78194273099992
Estimated_sequence_from_DMS_R224W,111.7380802909999
Estimated_sequence_from_DMS_R224Y,111.77542493799992
Estimated_sequence_from_DMS_S225A,111.63050966299991
Estimated_sequence_from_DMS_S225C,111.61006338699991
Estimated_sequence_from_DMS_S225D,111.63689768699992
Estimated_sequence_from_DMS_S225E,111.6316271669999
Estimated_sequence_from_DMS_S225F,111.62029154099992
Estimated_sequence_from_DMS_S225G,111.64478559699991
Estimated_sequence_from_DMS_S225H,111.64004489899992
Estimated_sequence_from_DMS_S225I,111.60747818199991
Estimated_sequence_from_DMS_S225K,111.63614775599991
Estimated_sequence_from_DMS_S225L,111.60910827499991
Estimated_sequence_from_DMS_S225M,111.6299513749999
Estimated_sequence_from_DMS_S225N,111.64881534899992
Estimated_sequence_from_DMS_S225P,111.60354770399991
Estimated_sequence_from_DMS_S225Q,111.6341628679999
Estimated_sequence_from_DMS_S225R,111.6247240829999
Estimated_sequence_from_DMS_S225T,111.77539303999991
Estimated_sequence_from_DMS_S225V,111.61516193999991
Estimated_sequence_from_DMS_S225W,111.6106463989999
Estimated_sequence_from_DMS_S225Y,111.61979049399991
Estimated_sequence_from_DMS_Q226A,111.65839265699991
Estimated_sequence_from_DMS_Q226C,111.62585659399991
Estimated_sequence_from_DMS_Q226D,111.6195109069999
Estimated_sequence_from_DMS_Q226E,111.69073259499991
Estimated_sequence_from_DMS_Q226F,111.62304147299992
Estimated_sequence_from_DMS_Q226G,111.61779013999991
Estimated_sequence_from_DMS_Q226H,111.63832995399991
Estimated_sequence_from_DMS_Q226I,111.68559143599991
Estimated_sequence_from_DMS_Q226K,111.65628200499991
Estimated_sequence_from_DMS_Q226L,111.64920670199992
Estimated_sequence_from_DMS_Q226M,111.67587289099991
Estimated_sequence_from_DMS_Q226N,111.63790787099991
Estimated_sequence_from_DMS_Q226P,111.61881914199991
Estimated_sequence_from_DMS_Q226R,111.61841430699991
Estimated_sequence_from_DMS_Q226S,111.65268062099992
Estimated_sequence_from_DMS_Q226T,111.65768512099991
Estimated_sequence_from_DMS_Q226V,111.6932768349999
Estimated_sequence_from_DMS_Q226W,111.63262746999992
Estimated_sequence_from_DMS_Q226Y,111.63312118499991
Estimated_sequence_from_DMS_Q227A,111.4977307349999
Estimated_sequence_from_DMS_Q227C,111.47963213799991
Estimated_sequence_from_DMS_Q227D,111.48596579899991
Estimated_sequence_from_DMS_Q227E,111.48095781399991
Estimated_sequence_from_DMS_Q227F,111.5112793879999
Estimated_sequence_from_DMS_Q227G,111.49406951999991
Estimated_sequence_from_DMS_Q227H,111.48095533999991
Estimated_sequence_from_DMS_Q227I,111.49453931899991
Estimated_sequence_from_DMS_Q227K,111.50226572699991
Estimated_sequence_from_DMS_Q227L,111.4847112349999
Estimated_sequence_from_DMS_Q227M,111.50460892599992
Estimated_sequence_from_DMS_Q227N,111.49881084499991
Estimated_sequence_from_DMS_Q227P,111.4805204279999
Estimated_sequence_from_DMS_Q227R,111.48950156499991
Estimated_sequence_from_DMS_Q227S,111.49024230699992
Estimated_sequence_from_DMS_Q227T,111.55108105499991
Estimated_sequence_from_DMS_Q227V,111.5163990069999
Estimated_sequence_from_DMS_Q227W,111.4843091429999
Estimated_sequence_from_DMS_Q227Y,111.48316783599991
Estimated_sequence_from_DMS_I228A,111.63936866699991
Estimated_sequence_from_DMS_I228C,111.63702062199991
Estimated_sequence_from_DMS_I228D,111.70104853099991
Estimated_sequence_from_DMS_I228E,111.72519115599991
Estimated_sequence_from_DMS_I228F,111.6439973729999
Estimated_sequence_from_DMS_I228G,111.6300809299999
Estimated_sequence_from_DMS_I228H,111.66568514999992
Estimated_sequence_from_DMS_I228K,111.6419760799999
Estimated_sequence_from_DMS_I228L,111.64526529099992
Estimated_sequence_from_DMS_I228M,111.66898922299991
Estimated_sequence_from_DMS_I228N,111.66093381599991
Estimated_sequence_from_DMS_I228P,111.63675706799991
Estimated_sequence_from_DMS_I228Q,111.65403075599991
Estimated_sequence_from_DMS_I228R,111.6530890809999
Estimated_sequence_from_DMS_I228S,111.66102396799991
Estimated_sequence_from_DMS_I228T,111.71205400799991
Estimated_sequence_from_DMS_I228V,111.73236268199992
Estimated_sequence_from_DMS_I228W,111.63926145599991
Estimated_sequence_from_DMS_I228Y,111.63113226699991
Estimated_sequence_from_DMS_V229A,111.55215195099991
Estimated_sequence_from_DMS_V229C,111.53567056799992
Estimated_sequence_from_DMS_V229D,111.53740883199991
Estimated_sequence_from_DMS_V229E,111.51445501899991
Estimated_sequence_from_DMS_V229F,111.53272152699991
Estimated_sequence_from_DMS_V229G,111.52116948299991
Estimated_sequence_from_DMS_V229H,111.51964492299992
Estimated_sequence_from_DMS_V229I,111.63685209099991
Estimated_sequence_from_DMS_V229K,111.52824301999992
Estimated_sequence_from_DMS_V229L,111.54035383899992
Estimated_sequence_from_DMS_V229M,111.53399214799991
Estimated_sequence_from_DMS_V229N,111.53193281899992
Estimated_sequence_from_DMS_V229P,111.52449446399991
Estimated_sequence_from_DMS_V229Q,111.53321482199992
Estimated_sequence_from_DMS_V229R,111.51108181799991
Estimated_sequence_from_DMS_V229S,111.52609160999991
Estimated_sequence_from_DMS_V229T,111.52958522799992
Estimated_sequence_from_DMS_V229W,111.52912479399991
Estimated_sequence_from_DMS_V229Y,111.52970014899991
Estimated_sequence_from_DMS_S230A,111.78139983299991
Estimated_sequence_from_DMS_S230C,111.75583216499992
Estimated_sequence_from_DMS_S230D,111.80103465599991
Estimated_sequence_from_DMS_S230E,111.91963942399991
Estimated_sequence_from_DMS_S230F,111.80143522599991
Estimated_sequence_from_DMS_S230G,111.75967442999992
Estimated_sequence_from_DMS_S230H,111.77376078599991
Estimated_sequence_from_DMS_S230I,111.84271340699992
Estimated_sequence_from_DMS_S230K,111.76809046699991
Estimated_sequence_from_DMS_S230L,111.77783271799991
Estimated_sequence_from_DMS_S230M,111.78432927499992
Estimated_sequence_from_DMS_S230N,111.75402113699991
Estimated_sequence_from_DMS_S230P,111.75235474399992
Estimated_sequence_from_DMS_S230Q,111.78424531799992
Estimated_sequence_from_DMS_S230R,111.76549547499991
Estimated_sequence_from_DMS_S230T,111.82339627999991
Estimated_sequence_from_DMS_S230V,111.80653729599992
Estimated_sequence_from_DMS_S230W,111.78569163299991
Estimated_sequence_from_DMS_S230Y,111.81421971699992
Estimated_sequence_from_DMS_P231A,111.86695771599992
Estimated_sequence_from_DMS_P231C,111.71971992499991
Estimated_sequence_from_DMS_P231D,111.72157218599992
Estimated_sequence_from_DMS_P231E,111.71804530299991
Estimated_sequence_from_DMS_P231F,111.73112306199991
Estimated_sequence_from_DMS_P231G,111.71628592899991
Estimated_sequence_from_DMS_P231H,111.72478498599992
Estimated_sequence_from_DMS_P231I,111.78526211999991
Estimated_sequence_from_DMS_P231K,111.69889718899991
Estimated_sequence_from_DMS_P231L,111.71088846399991
Estimated_sequence_from_DMS_P231M,111.72475529999991
Estimated_sequence_from_DMS_P231N,111.72655361699991
Estimated_sequence_from_DMS_P231Q,111.7270250919999
Estimated_sequence_from_DMS_P231R,111.7018068599999
Estimated_sequence_from_DMS_P231S,111.77216279499991
Estimated_sequence_from_DMS_P231T,111.76177341999991
Estimated_sequence_from_DMS_P231V,111.78463552599992
Estimated_sequence_from_DMS_P231W,111.6962944249999
Estimated_sequence_from_DMS_P231Y,111.70070173099991
Estimated_sequence_from_DMS_N232A,111.75515697299991
Estimated_sequence_from_DMS_N232C,111.75159311199991
Estimated_sequence_from_DMS_N232D,111.83450066099991
Estimated_sequence_from_DMS_N232E,111.8683748129999
Estimated_sequence_from_DMS_N232F,111.7749889959999
Estimated_sequence_from_DMS_N232G,111.74427417299991
Estimated_sequence_from_DMS_N232H,111.7609562679999
Estimated_sequence_from_DMS_N232I,111.83446686599991
Estimated_sequence_from_DMS_N232K,111.7799071829999
Estimated_sequence_from_DMS_N232L,111.7649488839999
Estimated_sequence_from_DMS_N232M,111.7925775999999
Estimated_sequence_from_DMS_N232P,111.74434236899991
Estimated_sequence_from_DMS_N232Q,111.7987097359999
Estimated_sequence_from_DMS_N232R,111.76825355799991
Estimated_sequence_from_DMS_N232S,111.79224462499991
Estimated_sequence_from_DMS_N232T,111.7854032819999
Estimated_sequence_from_DMS_N232V,111.8682545229999
Estimated_sequence_from_DMS_N232W,111.7490480039999
Estimated_sequence_from_DMS_N232Y,111.75892620199991
Estimated_sequence_from_DMS_I233A,111.6877667409999
Estimated_sequence_from_DMS_I233C,111.68430657599991
Estimated_sequence_from_DMS_I233D,111.71977048999992
Estimated_sequence_from_DMS_I233E,111.7521224119999
Estimated_sequence_from_DMS_I233F,111.7168192939999
Estimated_sequence_from_DMS_I233G,111.70035237299992
Estimated_sequence_from_DMS_I233H,111.69255171899991
Estimated_sequence_from_DMS_I233K,111.6789948409999
Estimated_sequence_from_DMS_I233L,111.77899185099992
Estimated_sequence_from_DMS_I233M,111.74114230399991
Estimated_sequence_from_DMS_I233N,111.6881409149999
Estimated_sequence_from_DMS_I233P,111.68446048099992
Estimated_sequence_from_DMS_I233Q,111.73500403499992
Estimated_sequence_from_DMS_I233R,111.67947182299991
Estimated_sequence_from_DMS_I233S,111.6750834979999
Estimated_sequence_from_DMS_I233T,111.69863799899991
Estimated_sequence_from_DMS_I233V,111.7697136979999
Estimated_sequence_from_DMS_I233W,111.69252930499991
Estimated_sequence_from_DMS_I233Y,111.70597893199991
Estimated_sequence_from_DMS_G234A,111.7834629939999
Estimated_sequence_from_DMS_G234C,111.70584795099991
Estimated_sequence_from_DMS_G234D,111.75592593499991
Estimated_sequence_from_DMS_G234E,111.7218036989999
Estimated_sequence_from_DMS_G234F,111.73558416799992
Estimated_sequence_from_DMS_G234H,111.79479032999991
Estimated_sequence_from_DMS_G234I,111.72960195399992
Estimated_sequence_from_DMS_G234K,111.6900701169999
Estimated_sequence_from_DMS_G234L,111.71650578499991
Estimated_sequence_from_DMS_G234M,111.73073644799992
Estimated_sequence_from_DMS_G234N,111.6901000319999
Estimated_sequence_from_DMS_G234P,111.74835803699992
Estimated_sequence_from_DMS_G234Q,111.71010247199992
Estimated_sequence_from_DMS_G234R,111.6887077929999
Estimated_sequence_from_DMS_G234S,111.7978955729999
Estimated_sequence_from_DMS_G234T,111.72796212599991
Estimated_sequence_from_DMS_G234V,111.73590753099991
Estimated_sequence_from_DMS_G234W,111.6955739639999
Estimated_sequence_from_DMS_G234Y,111.73430843699991
Estimated_sequence_from_DMS_S235A,111.78373203999992
Estimated_sequence_from_DMS_S235C,111.75440984599992
Estimated_sequence_from_DMS_S235D,111.86615479499991
Estimated_sequence_from_DMS_S235E,111.86309551799991
Estimated_sequence_from_DMS_S235F,111.77939761299992
Estimated_sequence_from_DMS_S235G,111.76349616799992
Estimated_sequence_from_DMS_S235H,111.78652962199992
Estimated_sequence_from_DMS_S235I,111.79543911799992
Estimated_sequence_from_DMS_S235K,111.75729752599992
Estimated_sequence_from_DMS_S235L,111.80476705199992
Estimated_sequence_from_DMS_S235M,111.81626762499991
Estimated_sequence_from_DMS_S235N,111.78304829199992
Estimated_sequence_from_DMS_S235P,111.80537391899992
Estimated_sequence_from_DMS_S235Q,111.78717422199992
Estimated_sequence_from_DMS_S235R,111.74798154599992
Estimated_sequence_from_DMS_S235T,111.77643743799992
Estimated_sequence_from_DMS_S235V,111.78401360699992
Estimated_sequence_from_DMS_S235W,111.75326666299992
Estimated_sequence_from_DMS_S235Y,111.76755149499992
Estimated_sequence_from_DMS_R236A,111.78885114999991
Estimated_sequence_from_DMS_R236C,111.76507571699992
Estimated_sequence_from_DMS_R236D,111.8216929869999
Estimated_sequence_from_DMS_R236E,111.85150236099992
Estimated_sequence_from_DMS_R236F,111.77885985499991
Estimated_sequence_from_DMS_R236G,111.75690917199991
Estimated_sequence_from_DMS_R236H,111.77573001399992
Estimated_sequence_from_DMS_R236I,111.90201231399992
Estimated_sequence_from_DMS_R236K,111.78578418399991
Estimated_sequence_from_DMS_R236L,111.82712811299992
Estimated_sequence_from_DMS_R236M,111.8037390739999
Estimated_sequence_from_DMS_R236N,111.76574397199991
Estimated_sequence_from_DMS_R236P,111.76243317999992
Estimated_sequence_from_DMS_R236Q,111.77964182799991
Estimated_sequence_from_DMS_R236S,111.80082462899992
Estimated_sequence_from_DMS_R236T,111.80065637899992
Estimated_sequence_from_DMS_R236V,111.82553204299991
Estimated_sequence_from_DMS_R236W,111.87223547899991
Estimated_sequence_from_DMS_R236Y,111.79807065399991
Estimated_sequence_from_DMS_P237A,111.71945794799991
Estimated_sequence_from_DMS_P237C,111.61060870499992
Estimated_sequence_from_DMS_P237D,111.62758342199992
Estimated_sequence_from_DMS_P237E,111.62651840399991
Estimated_sequence_from_DMS_P237F,111.63597424599992
Estimated_sequence_from_DMS_P237G,111.60718308699991
Estimated_sequence_from_DMS_P237H,111.63790193999992
Estimated_sequence_from_DMS_P237I,111.63535634599991
Estimated_sequence_from_DMS_P237K,111.61152497299992
Estimated_sequence_from_DMS_P237L,111.65750342199992
Estimated_sequence_from_DMS_P237M,111.62065747499992
Estimated_sequence_from_DMS_P237N,111.60288247199992
Estimated_sequence_from_DMS_P237Q,111.62008815399992
Estimated_sequence_from_DMS_P237R,111.59965396599992
Estimated_sequence_from_DMS_P237S,111.64577670599991
Estimated_sequence_from_DMS_P237T,111.66934916199992
Estimated_sequence_from_DMS_P237V,111.62828874199991
Estimated_sequence_from_DMS_P237W,111.60955138399991
Estimated_sequence_from_DMS_P237Y,111.61232517299992
Estimated_sequence_from_DMS_R238A,111.82825971099992
Estimated_sequence_from_DMS_R238C,111.75245388599991
Estimated_sequence_from_DMS_R238D,111.86921816399992
Estimated_sequence_from_DMS_R238E,111.77635107299992
Estimated_sequence_from_DMS_R238F,111.77915504699992
Estimated_sequence_from_DMS_R238G,111.79939934399991
Estimated_sequence_from_DMS_R238H,111.77309186399991
Estimated_sequence_from_DMS_R238I,111.78578356199992
Estimated_sequence_from_DMS_R238K,111.75915061499991
Estimated_sequence_from_DMS_R238L,111.78741184999991
Estimated_sequence_from_DMS_R238M,111.76821573599992
Estimated_sequence_from_DMS_R238N,111.81200128299992
Estimated_sequence_from_DMS_R238P,111.81565304599991
Estimated_sequence_from_DMS_R238Q,111.78263554099992
Estimated_sequence_from_DMS_R238S,111.82522318399991
Estimated_sequence_from_DMS_R238T,111.79779401399992
Estimated_sequence_from_DMS_R238V,111.77693805599992
Estimated_sequence_from_DMS_R238W,111.81250424399991
Estimated_sequence_from_DMS_R238Y,111.77560074699991
Estimated_sequence_from_DMS_V239A,111.68734084099991
Estimated_sequence_from_DMS_V239C,111.65035572699992
Estimated_sequence_from_DMS_V239D,111.65503417199992
Estimated_sequence_from_DMS_V239E,111.63970708099991
Estimated_sequence_from_DMS_V239F,111.65513079599991
Estimated_sequence_from_DMS_V239G,111.65243794399991
Estimated_sequence_from_DMS_V239H,111.64320368799991
Estimated_sequence_from_DMS_V239I,111.74488959199991
Estimated_sequence_from_DMS_V239K,111.65289015699992
Estimated_sequence_from_DMS_V239L,111.75069860499991
Estimated_sequence_from_DMS_V239M,111.66345892099991
Estimated_sequence_from_DMS_V239N,111.66096225199992
Estimated_sequence_from_DMS_V239P,111.65121943899992
Estimated_sequence_from_DMS_V239Q,111.67259488499991
Estimated_sequence_from_DMS_V239R,111.71747935299992
Estimated_sequence_from_DMS_V239S,111.65247502599992
Estimated_sequence_from_DMS_V239T,111.64910739099992
Estimated_sequence_from_DMS_V239W,111.65053405599991
Estimated_sequence_from_DMS_V239Y,111.64821265999991
Estimated_sequence_from_DMS_R240A,111.7826261909999
Estimated_sequence_from_DMS_R240C,111.75103570399992
Estimated_sequence_from_DMS_R240D,111.76922081599992
Estimated_sequence_from_DMS_R240E,111.81166052099991
Estimated_sequence_from_DMS_R240F,111.78405661199992
Estimated_sequence_from_DMS_R240G,111.74567576299991
Estimated_sequence_from_DMS_R240H,111.8145816529999
Estimated_sequence_from_DMS_R240I,111.80679781499991
Estimated_sequence_from_DMS_R240K,111.76059881099991
Estimated_sequence_from_DMS_R240L,111.76713901899991
Estimated_sequence_from_DMS_R240M,111.80744970899991
Estimated_sequence_from_DMS_R240N,111.81340388599992
Estimated_sequence_from_DMS_R240P,111.79360457599991
Estimated_sequence_from_DMS_R240Q,111.89533784199992
Estimated_sequence_from_DMS_R240S,111.78053901099992
Estimated_sequence_from_DMS_R240T,111.74696789799991
Estimated_sequence_from_DMS_R240V,111.76899955699992
Estimated_sequence_from_DMS_R240W,111.75772076299991
Estimated_sequence_from_DMS_R240Y,111.77988447799991
Estimated_sequence_from_DMS_N241A,111.66979419699992
Estimated_sequence_from_DMS_N241C,111.65422313499991
Estimated_sequence_from_DMS_N241D,111.69610600099992
Estimated_sequence_from_DMS_N241E,111.70543193099991
Estimated_sequence_from_DMS_N241F,111.65196661299991
Estimated_sequence_from_DMS_N241G,111.84713362099991
Estimated_sequence_from_DMS_N241H,111.6866523229999
Estimated_sequence_from_DMS_N241I,111.65484306599991
Estimated_sequence_from_DMS_N241K,111.67885626099991
Estimated_sequence_from_DMS_N241L,111.65865218199991
Estimated_sequence_from_DMS_N241M,111.66252533799991
Estimated_sequence_from_DMS_N241P,111.65489117899992
Estimated_sequence_from_DMS_N241Q,111.68218207199992
Estimated_sequence_from_DMS_N241R,111.64578847199991
Estimated_sequence_from_DMS_N241S,111.66586503299992
Estimated_sequence_from_DMS_N241T,111.71252401899991
Estimated_sequence_from_DMS_N241V,111.65541198199992
Estimated_sequence_from_DMS_N241W,111.65410941199991
Estimated_sequence_from_DMS_N241Y,111.65439358899991
Estimated_sequence_from_DMS_I242A,111.72440825399991
Estimated_sequence_from_DMS_I242C,111.7350707109999
Estimated_sequence_from_DMS_I242D,111.73184065899991
Estimated_sequence_from_DMS_I242E,111.7341332319999
Estimated_sequence_from_DMS_I242F,111.75888215299992
Estimated_sequence_from_DMS_I242G,111.72976551099991
Estimated_sequence_from_DMS_I242H,111.79451759399991
Estimated_sequence_from_DMS_I242K,111.7257571609999
Estimated_sequence_from_DMS_I242L,111.75113407899991
Estimated_sequence_from_DMS_I242M,111.81254535099991
Estimated_sequence_from_DMS_I242N,111.7566447529999
Estimated_sequence_from_DMS_I242P,111.71877989399991
Estimated_sequence_from_DMS_I242Q,111.84133267299991
Estimated_sequence_from_DMS_I242R,111.72345146899991
Estimated_sequence_from_DMS_I242S,111.8466529529999
Estimated_sequence_from_DMS_I242T,111.85640939499991
Estimated_sequence_from_DMS_I242V,111.8257756169999
Estimated_sequence_from_DMS_I242W,111.73273958799992
Estimated_sequence_from_DMS_I242Y,111.7293222599999
Estimated_sequence_from_DMS_P243A,111.77892433799991
Estimated_sequence_from_DMS_P243C,111.75661401499991
Estimated_sequence_from_DMS_P243D,111.83509846399991
Estimated_sequence_from_DMS_P243E,111.81598654699991
Estimated_sequence_from_DMS_P243F,111.7536477949999
Estimated_sequence_from_DMS_P243G,111.83034028799992
Estimated_sequence_from_DMS_P243H,111.7850000059999
Estimated_sequence_from_DMS_P243I,111.76367984399991
Estimated_sequence_from_DMS_P243K,111.75713021599991
Estimated_sequence_from_DMS_P243L,111.75155320599991
Estimated_sequence_from_DMS_P243M,111.77326745499991
Estimated_sequence_from_DMS_P243N,111.85124047199992
Estimated_sequence_from_DMS_P243Q,111.7881216839999
Estimated_sequence_from_DMS_P243R,111.75088738799991
Estimated_sequence_from_DMS_P243S,111.82037338199991
Estimated_sequence_from_DMS_P243T,112.06992493099992
Estimated_sequence_from_DMS_P243V,111.76164015899991
Estimated_sequence_from_DMS_P243W,111.75701640799991
Estimated_sequence_from_DMS_P243Y,111.75246916699992
Estimated_sequence_from_DMS_S244A,111.62637039499991
Estimated_sequence_from_DMS_S244C,111.48012750299992
Estimated_sequence_from_DMS_S244D,111.49665738099992
Estimated_sequence_from_DMS_S244E,111.50325202699992
Estimated_sequence_from_DMS_S244F,111.50788307099991
Estimated_sequence_from_DMS_S244G,111.53833224999991
Estimated_sequence_from_DMS_S244H,111.49959042799992
Estimated_sequence_from_DMS_S244I,111.51148517799992
Estimated_sequence_from_DMS_S244K,111.48537476799991
Estimated_sequence_from_DMS_S244L,111.48791564999992
Estimated_sequence_from_DMS_S244M,111.51205287499991
Estimated_sequence_from_DMS_S244N,111.50194550699992
Estimated_sequence_from_DMS_S244P,111.49341978699991
Estimated_sequence_from_DMS_S244Q,111.48634306499991
Estimated_sequence_from_DMS_S244R,111.48503328299991
Estimated_sequence_from_DMS_S244T,111.50691327699991
Estimated_sequence_from_DMS_S244V,111.48051570699991
Estimated_sequence_from_DMS_S244W,111.50068035999992
Estimated_sequence_from_DMS_S244Y,111.49401419299991
Estimated_sequence_from_DMS_R245A,111.61803776799991
Estimated_sequence_from_DMS_R245C,111.61739014799991
Estimated_sequence_from_DMS_R245D,111.61287730599992
Estimated_sequence_from_DMS_R245E,111.60840452099991
Estimated_sequence_from_DMS_R245F,111.79356838399991
Estimated_sequence_from_DMS_R245G,111.67863722799991
Estimated_sequence_from_DMS_R245H,111.61253226399991
Estimated_sequence_from_DMS_R245I,111.62397418299992
Estimated_sequence_from_DMS_R245K,111.63735838899991
Estimated_sequence_from_DMS_R245L,111.62778704199991
Estimated_sequence_from_DMS_R245M,111.63122793699992
Estimated_sequence_from_DMS_R245N,111.62074515199991
Estimated_sequence_from_DMS_R245P,111.61157387499992
Estimated_sequence_from_DMS_R245Q,111.62169666899992
Estimated_sequence_from_DMS_R245S,111.63009688699991
Estimated_sequence_from_DMS_R245T,111.61674678999991
Estimated_sequence_from_DMS_R245V,111.61863010799992
Estimated_sequence_from_DMS_R245W,111.64265566299991
Estimated_sequence_from_DMS_R245Y,111.65206427099992
Estimated_sequence_from_DMS_I246A,111.46624297399991
Estimated_sequence_from_DMS_I246C,111.48286326199991
Estimated_sequence_from_DMS_I246D,111.49251428099991
Estimated_sequence_from_DMS_I246E,111.46112313099991
Estimated_sequence_from_DMS_I246F,111.45125074999991
Estimated_sequence_from_DMS_I246G,111.46433430099991
Estimated_sequence_from_DMS_I246H,111.46390033999991
Estimated_sequence_from_DMS_I246K,111.47347878299992
Estimated_sequence_from_DMS_I246L,111.48892495099992
Estimated_sequence_from_DMS_I246M,111.48329737699991
Estimated_sequence_from_DMS_I246N,111.49050206399991
Estimated_sequence_from_DMS_I246P,111.47722917399992
Estimated_sequence_from_DMS_I246Q,111.49284905199991
Estimated_sequence_from_DMS_I246R,111.46087977999991
Estimated_sequence_from_DMS_I246S,111.4623033439999
Estimated_sequence_from_DMS_I246T,111.46074987199991
Estimated_sequence_from_DMS_I246V,111.49759748799991
Estimated_sequence_from_DMS_I246W,111.46408307699991
Estimated_sequence_from_DMS_I246Y,111.46376370399992
Estimated_sequence_from_DMS_S247A,111.6909151639999
Estimated_sequence_from_DMS_S247C,111.6386539689999
Estimated_sequence_from_DMS_S247D,111.6955108849999
Estimated_sequence_from_DMS_S247E,111.69058921099992
Estimated_sequence_from_DMS_S247F,111.65537232299991
Estimated_sequence_from_DMS_S247G,111.6629904329999
Estimated_sequence_from_DMS_S247H,111.69115641099991
Estimated_sequence_from_DMS_S247I,111.7130879389999
Estimated_sequence_from_DMS_S247K,111.64852675999991
Estimated_sequence_from_DMS_S247L,111.68227545499991
Estimated_sequence_from_DMS_S247M,111.65761624899991
Estimated_sequence_from_DMS_S247N,111.65197222999991
Estimated_sequence_from_DMS_S247P,111.6467920589999
Estimated_sequence_from_DMS_S247Q,111.67634476599991
Estimated_sequence_from_DMS_S247R,111.64547924699991
Estimated_sequence_from_DMS_S247T,111.6953978299999
Estimated_sequence_from_DMS_S247V,111.68200902599992
Estimated_sequence_from_DMS_S247W,111.64242802299991
Estimated_sequence_from_DMS_S247Y,111.66832060599991
Estimated_sequence_from_DMS_I248A,111.47592641399991
Estimated_sequence_from_DMS_I248C,111.4749549479999
Estimated_sequence_from_DMS_I248D,111.47640295099991
Estimated_sequence_from_DMS_I248E,111.52175339599991
Estimated_sequence_from_DMS_I248F,111.52542775099991
Estimated_sequence_from_DMS_I248G,111.4722186549999
Estimated_sequence_from_DMS_I248H,111.4763351399999
Estimated_sequence_from_DMS_I248K,111.49371106899991
Estimated_sequence_from_DMS_I248L,111.5099718749999
Estimated_sequence_from_DMS_I248M,111.49851426899991
Estimated_sequence_from_DMS_I248N,111.50095169199992
Estimated_sequence_from_DMS_I248P,111.46921144099991
Estimated_sequence_from_DMS_I248Q,111.49004175499991
Estimated_sequence_from_DMS_I248R,111.48195429199991
Estimated_sequence_from_DMS_I248S,111.48888814199991
Estimated_sequence_from_DMS_I248T,111.49029501799991
Estimated_sequence_from_DMS_I248V,111.55207600999991
Estimated_sequence_from_DMS_I248W,111.4760470379999
Estimated_sequence_from_DMS_I248Y,111.48236180799991
Estimated_sequence_from_DMS_Y249A,111.51888601799992
Estimated_sequence_from_DMS_Y249C,111.55296413899991
Estimated_sequence_from_DMS_Y249D,111.51073294499992
Estimated_sequence_from_DMS_Y249E,111.52352557699992
Estimated_sequence_from_DMS_Y249F,111.57685387399991
Estimated_sequence_from_DMS_Y249G,111.51608292299991
Estimated_sequence_from_DMS_Y249H,111.62627799199991
Estimated_sequence_from_DMS_Y249I,111.51962511099991
Estimated_sequence_from_DMS_Y249K,111.51310112699991
Estimated_sequence_from_DMS_Y249L,111.52980101199992
Estimated_sequence_from_DMS_Y249M,111.53370737599991
Estimated_sequence_from_DMS_Y249N,111.53100594999991
Estimated_sequence_from_DMS_Y249P,111.51267553099991
Estimated_sequence_from_DMS_Y249Q,111.54722010099991
Estimated_sequence_from_DMS_Y249R,111.52535216199992
Estimated_sequence_from_DMS_Y249S,111.51129775299991
Estimated_sequence_from_DMS_Y249T,111.50573549899991
Estimated_sequence_from_DMS_Y249V,111.52669857199992
Estimated_sequence_from_DMS_Y249W,111.51934594499991
Estimated_sequence_from_DMS_W250A,111.61843956699991
Estimated_sequence_from_DMS_W250C,111.62347832399992
Estimated_sequence_from_DMS_W250D,111.62239399199991
Estimated_sequence_from_DMS_W250E,111.6206507249999
Estimated_sequence_from_DMS_W250F,111.71667922999991
Estimated_sequence_from_DMS_W250G,111.62254866099991
Estimated_sequence_from_DMS_W250H,111.74463990499991
Estimated_sequence_from_DMS_W250I,111.61296536599991
Estimated_sequence_from_DMS_W250K,111.61896952999992
Estimated_sequence_from_DMS_W250L,111.61877449099991
Estimated_sequence_from_DMS_W250M,111.63470297799991
Estimated_sequence_from_DMS_W250N,111.61878467899992
Estimated_sequence_from_DMS_W250P,111.6174921309999
Estimated_sequence_from_DMS_W250Q,111.62532972399991
Estimated_sequence_from_DMS_W250R,111.61777180699991
Estimated_sequence_from_DMS_W250S,111.63139581599991
Estimated_sequence_from_DMS_W250T,111.6158938379999
Estimated_sequence_from_DMS_W250V,111.61439012299991
Estimated_sequence_from_DMS_W250Y,111.86859005899991
Estimated_sequence_from_DMS_T251A,111.42175203399992
Estimated_sequence_from_DMS_T251C,111.41707885299992
Estimated_sequence_from_DMS_T251D,111.44631347799991
Estimated_sequence_from_DMS_T251E,111.42272314699993
Estimated_sequence_from_DMS_T251F,111.40777256399993
Estimated_sequence_from_DMS_T251G,111.42664142099993
Estimated_sequence_from_DMS_T251H,111.41934410799993
Estimated_sequence_from_DMS_T251I,111.42356879699993
Estimated_sequence_from_DMS_T251K,111.43634098899993
Estimated_sequence_from_DMS_T251L,111.41534762999993
Estimated_sequence_from_DMS_T251M,111.44391086899992
Estimated_sequence_from_DMS_T251N,111.43757686199993
Estimated_sequence_from_DMS_T251P,111.41012170899992
Estimated_sequence_from_DMS_T251Q,111.40980115499993
Estimated_sequence_from_DMS_T251R,111.42239418599992
Estimated_sequence_from_DMS_T251S,111.43059997399993
Estimated_sequence_from_DMS_T251V,111.4473368909999
Estimated_sequence_from_DMS_T251W,111.43471029099993
Estimated_sequence_from_DMS_T251Y,111.41606244699993
Estimated_sequence_from_DMS_I252A,111.52808027999991
Estimated_sequence_from_DMS_I252C,111.52054497199991
Estimated_sequence_from_DMS_I252D,111.52234332999991
Estimated_sequence_from_DMS_I252E,111.51641377299991
Estimated_sequence_from_DMS_I252F,111.52350521499991
Estimated_sequence_from_DMS_I252G,111.5179273959999
Estimated_sequence_from_DMS_I252H,111.53941328299992
Estimated_sequence_from_DMS_I252K,111.54279909299991
Estimated_sequence_from_DMS_I252L,111.61177868399992
Estimated_sequence_from_DMS_I252M,111.5753982099999
Estimated_sequence_from_DMS_I252N,111.51395703599991
Estimated_sequence_from_DMS_I252P,111.51970491199991
Estimated_sequence_from_DMS_I252Q,111.5570184589999
Estimated_sequence_from_DMS_I252R,111.52568914399991
Estimated_sequence_from_DMS_I252S,111.5312321019999
Estimated_sequence_from_DMS_I252T,111.54979458799991
Estimated_sequence_from_DMS_I252V,111.6295547359999
Estimated_sequence_from_DMS_I252W,111.51870441799991
Estimated_sequence_from_DMS_I252Y,111.51829737699991
Estimated_sequence_from_DMS_V253A,111.50324279499992
Estimated_sequence_from_DMS_V253C,111.44770836699992
Estimated_sequence_from_DMS_V253D,111.46047880099991
Estimated_sequence_from_DMS_V253E,111.45312971899992
Estimated_sequence_from_DMS_V253F,111.42900192399993
Estimated_sequence_from_DMS_V253G,111.44007317399993
Estimated_sequence_from_DMS_V253H,111.45287603299991
Estimated_sequence_from_DMS_V253I,111.43965095299993
Estimated_sequence_from_DMS_V253K,111.44735286899991
Estimated_sequence_from_DMS_V253L,111.44435820999993
Estimated_sequence_from_DMS_V253M,111.44200913999993
Estimated_sequence_from_DMS_V253N,111.43589071999993
Estimated_sequence_from_DMS_V253P,111.44004295099992
Estimated_sequence_from_DMS_V253Q,111.43566270399992
Estimated_sequence_from_DMS_V253R,111.43134928499992
Estimated_sequence_from_DMS_V253S,111.43901219799993
Estimated_sequence_from_DMS_V253T,111.44126826799993
Estimated_sequence_from_DMS_V253W,111.43421745899992
Estimated_sequence_from_DMS_V253Y,111.44264159499993
Estimated_sequence_from_DMS_K254A,111.70459016499991
Estimated_sequence_from_DMS_K254C,111.6754640079999
Estimated_sequence_from_DMS_K254D,111.6520129709999
Estimated_sequence_from_DMS_K254E,111.6946403359999
Estimated_sequence_from_DMS_K254F,111.68079649899991
Estimated_sequence_from_DMS_K254G,111.6573471889999
Estimated_sequence_from_DMS_K254H,111.6774210259999
Estimated_sequence_from_DMS_K254I,111.65116317499991
Estimated_sequence_from_DMS_K254L,111.64639837699991
Estimated_sequence_from_DMS_K254M,111.66530268899992
Estimated_sequence_from_DMS_K254N,111.67014014599991
Estimated_sequence_from_DMS_K254P,111.7749275349999
Estimated_sequence_from_DMS_K254Q,111.7151215499999
Estimated_sequence_from_DMS_K254R,111.71091411599991
Estimated_sequence_from_DMS_K254S,111.6881351369999
Estimated_sequence_from_DMS_K254T,111.6717296739999
Estimated_sequence_from_DMS_K254V,111.66270598399991
Estimated_sequence_from_DMS_K254W,111.68131778199991
Estimated_sequence_from_DMS_K254Y,111.65924420599991
Estimated_sequence_from_DMS_P255A,111.55798354799991
Estimated_sequence_from_DMS_P255C,111.52498388599992
Estimated_sequence_from_DMS_P255D,111.52182900699991
Estimated_sequence_from_DMS_P255E,111.53730845799991
Estimated_sequence_from_DMS_P255F,111.52219312399991
Estimated_sequence_from_DMS_P255G,111.5228514109999
Estimated_sequence_from_DMS_P255H,111.5394571929999
Estimated_sequence_from_DMS_P255I,111.51519299599991
Estimated_sequence_from_DMS_P255K,111.54179794499991
Estimated_sequence_from_DMS_P255L,111.5178899169999
Estimated_sequence_from_DMS_P255M,111.52988710599992
Estimated_sequence_from_DMS_P255N,111.53321679499992
Estimated_sequence_from_DMS_P255Q,111.54322096999991
Estimated_sequence_from_DMS_P255R,111.53532002799992
Estimated_sequence_from_DMS_P255S,111.57822443299992
Estimated_sequence_from_DMS_P255T,111.53481373199992
Estimated_sequence_from_DMS_P255V,111.53014719899991
Estimated_sequence_from_DMS_P255W,111.52356304599991
Estimated_sequence_from_DMS_P255Y,111.52186419299991
Estimated_sequence_from_DMS_G256A,111.50070512799991
Estimated_sequence_from_DMS_G256C,111.49281270299991
Estimated_sequence_from_DMS_G256D,111.52997942899991
Estimated_sequence_from_DMS_G256E,111.52059938599992
Estimated_sequence_from_DMS_G256F,111.49677885399991
Estimated_sequence_from_DMS_G256H,111.55676357299991
Estimated_sequence_from_DMS_G256I,111.49374601999992
Estimated_sequence_from_DMS_G256K,111.50337893999992
Estimated_sequence_from_DMS_G256L,111.49242890399991
Estimated_sequence_from_DMS_G256M,111.51283781799991
Estimated_sequence_from_DMS_G256N,111.55690667999991
Estimated_sequence_from_DMS_G256P,111.50982414799991
Estimated_sequence_from_DMS_G256Q,111.50258325799992
Estimated_sequence_from_DMS_G256R,111.51282287299992
Estimated_sequence_from_DMS_G256S,111.51752337199991
Estimated_sequence_from_DMS_G256T,111.49948006399991
Estimated_sequence_from_DMS_G256V,111.52678945499991
Estimated_sequence_from_DMS_G256W,111.49301401099991
Estimated_sequence_from_DMS_G256Y,111.50175197099992
Estimated_sequence_from_DMS_D257A,111.39887614999992
Estimated_sequence_from_DMS_D257C,111.38864666699992
Estimated_sequence_from_DMS_D257E,111.40454529699993
Estimated_sequence_from_DMS_D257F,111.40538148099992
Estimated_sequence_from_DMS_D257G,111.39139319099992
Estimated_sequence_from_DMS_D257H,111.41755153099993
Estimated_sequence_from_DMS_D257I,111.40122155799992
Estimated_sequence_from_DMS_D257K,111.38784833299992
Estimated_sequence_from_DMS_D257L,111.38553168899992
Estimated_sequence_from_DMS_D257M,111.39868136999992
Estimated_sequence_from_DMS_D257N,111.41130093299992
Estimated_sequence_from_DMS_D257P,111.38846782799992
Estimated_sequence_from_DMS_D257Q,111.40483938499992
Estimated_sequence_from_DMS_D257R,111.38779121999993
Estimated_sequence_from_DMS_D257S,111.41397742299992
Estimated_sequence_from_DMS_D257T,111.38485798499993
Estimated_sequence_from_DMS_D257V,111.39902968099992
Estimated_sequence_from_DMS_D257W,111.38240852699992
Estimated_sequence_from_DMS_D257Y,111.42353677799993
Estimated_sequence_from_DMS_I258A,111.74121773599991
Estimated_sequence_from_DMS_I258C,111.7352896239999
Estimated_sequence_from_DMS_I258D,111.71911839499991
Estimated_sequence_from_DMS_I258E,111.80173799099991
Estimated_sequence_from_DMS_I258F,111.70895934099991
Estimated_sequence_from_DMS_I258G,111.69086763999991
Estimated_sequence_from_DMS_I258H,111.71609768599991
Estimated_sequence_from_DMS_I258K,111.69528962099992
Estimated_sequence_from_DMS_I258L,111.71316092499991
Estimated_sequence_from_DMS_I258M,111.75452923199991
Estimated_sequence_from_DMS_I258N,111.69971702799991
Estimated_sequence_from_DMS_I258P,111.6888295879999
Estimated_sequence_from_DMS_I258Q,111.73870488699991
Estimated_sequence_from_DMS_I258R,111.6910738599999
Estimated_sequence_from_DMS_I258S,111.73567858399991
Estimated_sequence_from_DMS_I258T,111.81092830299991
Estimated_sequence_from_DMS_I258V,111.74113806799991
Estimated_sequence_from_DMS_I258W,111.69300578499991
Estimated_sequence_from_DMS_I258Y,111.71418797499992
Estimated_sequence_from_DMS_L259A,111.37949802999992
Estimated_sequence_from_DMS_L259C,111.38874456199993
Estimated_sequence_from_DMS_L259D,111.39313139899993
Estimated_sequence_from_DMS_L259E,111.39580778999992
Estimated_sequence_from_DMS_L259F,111.42081055999992
Estimated_sequence_from_DMS_L259G,111.38714306099993
Estimated_sequence_from_DMS_L259H,111.39010423199993
Estimated_sequence_from_DMS_L259I,111.40359340599993
Estimated_sequence_from_DMS_L259K,111.37963044199992
Estimated_sequence_from_DMS_L259M,111.38298953399993
Estimated_sequence_from_DMS_L259N,111.39415055199993
Estimated_sequence_from_DMS_L259P,111.40180617799993
Estimated_sequence_from_DMS_L259Q,111.38341701499992
Estimated_sequence_from_DMS_L259R,111.38227857499993
Estimated_sequence_from_DMS_L259S,111.38073154299992
Estimated_sequence_from_DMS_L259T,111.37059749299992
Estimated_sequence_from_DMS_L259V,111.39579093299993
Estimated_sequence_from_DMS_L259W,111.37756263299993
Estimated_sequence_from_DMS_L259Y,111.37889654899993
Estimated_sequence_from_DMS_L260A,111.79432528799991
Estimated_sequence_from_DMS_L260C,111.75108979999992
Estimated_sequence_from_DMS_L260D,111.7358486649999
Estimated_sequence_from_DMS_L260E,111.78902116099991
Estimated_sequence_from_DMS_L260F,111.86125547299991
Estimated_sequence_from_DMS_L260G,111.74316210199991
Estimated_sequence_from_DMS_L260H,111.82496347399992
Estimated_sequence_from_DMS_L260I,111.76179454799991
Estimated_sequence_from_DMS_L260K,111.7368751429999
Estimated_sequence_from_DMS_L260M,111.8493815659999
Estimated_sequence_from_DMS_L260N,111.7854026139999
Estimated_sequence_from_DMS_L260P,111.72679266199991
Estimated_sequence_from_DMS_L260Q,111.82140899999992
Estimated_sequence_from_DMS_L260R,111.72809337799991
Estimated_sequence_from_DMS_L260S,111.78016397899991
Estimated_sequence_from_DMS_L260T,111.74287309299991
Estimated_sequence_from_DMS_L260V,111.74528668899991
Estimated_sequence_from_DMS_L260W,111.73956296999991
Estimated_sequence_from_DMS_L260Y,111.76535405899992
Estimated_sequence_from_DMS_I261A,111.41637610499993
Estimated_sequence_from_DMS_I261C,111.40580344799993
Estimated_sequence_from_DMS_I261D,111.40702285599993
Estimated_sequence_from_DMS_I261E,111.40566706899993
Estimated_sequence_from_DMS_I261F,111.42677874699993
Estimated_sequence_from_DMS_I261G,111.40793964699994
Estimated_sequence_from_DMS_I261H,111.41779206099993
Estimated_sequence_from_DMS_I261K,111.40594049499992
Estimated_sequence_from_DMS_I261L,111.44171236199993
Estimated_sequence_from_DMS_I261M,111.46108787199992
Estimated_sequence_from_DMS_I261N,111.41423472799993
Estimated_sequence_from_DMS_I261P,111.40308990099993
Estimated_sequence_from_DMS_I261Q,111.40202362499993
Estimated_sequence_from_DMS_I261R,111.40926663099992
Estimated_sequence_from_DMS_I261S,111.39716604699993
Estimated_sequence_from_DMS_I261T,111.42735867399993
Estimated_sequence_from_DMS_I261V,111.42020687899993
Estimated_sequence_from_DMS_I261W,111.41135458899993
Estimated_sequence_from_DMS_I261Y,111.41471168899993
Estimated_sequence_from_DMS_N262A,111.46008947099992
Estimated_sequence_from_DMS_N262C,111.44374500299993
Estimated_sequence_from_DMS_N262D,111.43826216299993
Estimated_sequence_from_DMS_N262E,111.47304494399991
Estimated_sequence_from_DMS_N262F,111.44825271499991
Estimated_sequence_from_DMS_N262G,111.43854891299993
Estimated_sequence_from_DMS_N262H,111.45783997599992
Estimated_sequence_from_DMS_N262I,111.46894282999992
Estimated_sequence_from_DMS_N262K,111.44895195599992
Estimated_sequence_from_DMS_N262L,111.43825638699992
Estimated_sequence_from_DMS_N262M,111.45707111299991
Estimated_sequence_from_DMS_N262P,111.45591855699992
Estimated_sequence_from_DMS_N262Q,111.47583018699991
Estimated_sequence_from_DMS_N262R,111.44888384799991
Estimated_sequence_from_DMS_N262S,111.45104101599992
Estimated_sequence_from_DMS_N262T,111.44545778399991
Estimated_sequence_from_DMS_N262V,111.43800792499992
Estimated_sequence_from_DMS_N262W,111.43617586199993
Estimated_sequence_from_DMS_N262Y,111.43601277499992
Estimated_sequence_from_DMS_S263A,111.82842111799991
Estimated_sequence_from_DMS_S263C,111.66216820099991
Estimated_sequence_from_DMS_S263D,111.65817975499992
Estimated_sequence_from_DMS_S263E,111.66853471099992
Estimated_sequence_from_DMS_S263F,111.68811038999992
Estimated_sequence_from_DMS_S263G,111.65293029599991
Estimated_sequence_from_DMS_S263H,111.75172187399991
Estimated_sequence_from_DMS_S263I,111.66192194299991
Estimated_sequence_from_DMS_S263K,111.64224398299991
Estimated_sequence_from_DMS_S263L,111.64377791099992
Estimated_sequence_from_DMS_S263M,111.67763064199991
Estimated_sequence_from_DMS_S263N,111.65106925299992
Estimated_sequence_from_DMS_S263P,111.64458168899992
Estimated_sequence_from_DMS_S263Q,111.65020262399992
Estimated_sequence_from_DMS_S263R,111.65495459299991
Estimated_sequence_from_DMS_S263T,111.74426848099992
Estimated_sequence_from_DMS_S263V,111.66017857499992
Estimated_sequence_from_DMS_S263W,111.68449132999991
Estimated_sequence_from_DMS_S263Y,111.65957114099992
Estimated_sequence_from_DMS_T264A,111.46232639299991
Estimated_sequence_from_DMS_T264C,111.4709719069999
Estimated_sequence_from_DMS_T264D,111.52256469999992
Estimated_sequence_from_DMS_T264E,111.47465335199992
Estimated_sequence_from_DMS_T264F,111.46443262199992
Estimated_sequence_from_DMS_T264G,111.45876217399992
Estimated_sequence_from_DMS_T264H,111.45552213299992
Estimated_sequence_from_DMS_T264I,111.50108262599991
Estimated_sequence_from_DMS_T264K,111.46260121599991
Estimated_sequence_from_DMS_T264L,111.45800706899992
Estimated_sequence_from_DMS_T264M,111.46468827699991
Estimated_sequence_from_DMS_T264N,111.47104600599991
Estimated_sequence_from_DMS_T264P,111.46715372899992
Estimated_sequence_from_DMS_T264Q,111.46964879399991
Estimated_sequence_from_DMS_T264R,111.46541383799992
Estimated_sequence_from_DMS_T264S,111.53308127199992
Estimated_sequence_from_DMS_T264V,111.45798750199991
Estimated_sequence_from_DMS_T264W,111.47391600699991
Estimated_sequence_from_DMS_T264Y,111.45823332899991
Estimated_sequence_from_DMS_G265A,111.51059288199991
Estimated_sequence_from_DMS_G265C,111.48087787599991
Estimated_sequence_from_DMS_G265D,111.48940724099991
Estimated_sequence_from_DMS_G265E,111.48572251399992
Estimated_sequence_from_DMS_G265F,111.47811898199991
Estimated_sequence_from_DMS_G265H,111.48605421499991
Estimated_sequence_from_DMS_G265I,111.47737690299991
Estimated_sequence_from_DMS_G265K,111.46751356199991
Estimated_sequence_from_DMS_G265L,111.48564822299991
Estimated_sequence_from_DMS_G265M,111.47122559599991
Estimated_sequence_from_DMS_G265N,111.48136251099992
Estimated_sequence_from_DMS_G265P,111.4733743819999
Estimated_sequence_from_DMS_G265Q,111.47382172499991
Estimated_sequence_from_DMS_G265R,111.47617672899992
Estimated_sequence_from_DMS_G265S,111.53167690199992
Estimated_sequence_from_DMS_G265T,111.49667996799991
Estimated_sequence_from_DMS_G265V,111.50799482099991
Estimated_sequence_from_DMS_G265W,111.48180443899992
Estimated_sequence_from_DMS_G265Y,111.4644595939999
Estimated_sequence_from_DMS_N266A,111.5734236919999
Estimated_sequence_from_DMS_N266C,111.54399704899991
Estimated_sequence_from_DMS_N266D,111.55623910699991
Estimated_sequence_from_DMS_N266E,111.5657999439999
Estimated_sequence_from_DMS_N266F,111.54797550299992
Estimated_sequence_from_DMS_N266G,111.6336485699999
Estimated_sequence_from_DMS_N266H,111.57572593999991
Estimated_sequence_from_DMS_N266I,111.54505249299991
Estimated_sequence_from_DMS_N266K,111.54353827799991
Estimated_sequence_from_DMS_N266L,111.55023040699992
Estimated_sequence_from_DMS_N266M,111.57158264999991
Estimated_sequence_from_DMS_N266P,111.6264590649999
Estimated_sequence_from_DMS_N266Q,111.56026477899991
Estimated_sequence_from_DMS_N266R,111.55017822499991
Estimated_sequence_from_DMS_N266S,111.5632002999999
Estimated_sequence_from_DMS_N266T,111.58070865899991
Estimated_sequence_from_DMS_N266V,111.55267592699991
Estimated_sequence_from_DMS_N266W,111.55734461199991
Estimated_sequence_from_DMS_N266Y,111.55082944699991
Estimated_sequence_from_DMS_L267A,111.49841259999991
Estimated_sequence_from_DMS_L267C,111.49958624099992
Estimated_sequence_from_DMS_L267D,111.50501418199991
Estimated_sequence_from_DMS_L267E,111.49608857899992
Estimated_sequence_from_DMS_L267F,111.74814551399992
Estimated_sequence_from_DMS_L267G,111.50278061599991
Estimated_sequence_from_DMS_L267H,111.49235116799991
Estimated_sequence_from_DMS_L267I,111.51953467299991
Estimated_sequence_from_DMS_L267K,111.49357336699991
Estimated_sequence_from_DMS_L267M,111.56071437599991
Estimated_sequence_from_DMS_L267N,111.4945145149999
Estimated_sequence_from_DMS_L267P,111.5048152339999
Estimated_sequence_from_DMS_L267Q,111.51124239399991
Estimated_sequence_from_DMS_L267R,111.49478181599991
Estimated_sequence_from_DMS_L267S,111.49269417899991
Estimated_sequence_from_DMS_L267T,111.50171387599991
Estimated_sequence_from_DMS_L267V,111.49977395299992
Estimated_sequence_from_DMS_L267W,111.51198499399992
Estimated_sequence_from_DMS_L267Y,111.5031134509999
Estimated_sequence_from_DMS_I268A,111.45390904599991
Estimated_sequence_from_DMS_I268C,111.44297879499993
Estimated_sequence_from_DMS_I268D,111.44247632999992
Estimated_sequence_from_DMS_I268E,111.44080801899993
Estimated_sequence_from_DMS_I268F,111.4536097089999
Estimated_sequence_from_DMS_I268G,111.44703312199991
Estimated_sequence_from_DMS_I268H,111.44031728699993
Estimated_sequence_from_DMS_I268K,111.45414776299991
Estimated_sequence_from_DMS_I268L,111.48708763099991
Estimated_sequence_from_DMS_I268M,111.46879099299991
Estimated_sequence_from_DMS_I268N,111.4555165909999
Estimated_sequence_from_DMS_I268P,111.43445988899992
Estimated_sequence_from_DMS_I268Q,111.43584976699992
Estimated_sequence_from_DMS_I268R,111.44558126499992
Estimated_sequence_from_DMS_I268S,111.44981352599991
Estimated_sequence_from_DMS_I268T,111.48816077799991
Estimated_sequence_from_DMS_I268V,111.5191036649999
Estimated_sequence_from_DMS_I268W,111.44738993999991
Estimated_sequence_from_DMS_I268Y,111.45760010999992
Estimated_sequence_from_DMS_A269C,111.37929046799992
Estimated_sequence_from_DMS_A269D,111.39144569899992
Estimated_sequence_from_DMS_A269E,111.37802656199992
Estimated_sequence_from_DMS_A269F,111.38708439799993
Estimated_sequence_from_DMS_A269G,111.44327816899992
Estimated_sequence_from_DMS_A269H,111.38905126899992
Estimated_sequence_from_DMS_A269I,111.39012760899992
Estimated_sequence_from_DMS_A269K,111.37875116299992
Estimated_sequence_from_DMS_A269L,111.39302530299992
Estimated_sequence_from_DMS_A269M,111.38789404299992
Estimated_sequence_from_DMS_A269N,111.38675858599993
Estimated_sequence_from_DMS_A269P,111.38470942799992
Estimated_sequence_from_DMS_A269Q,111.39668263299993
Estimated_sequence_from_DMS_A269R,111.38928373999993
Estimated_sequence_from_DMS_A269S,111.39732832699993
Estimated_sequence_from_DMS_A269T,111.39237731099992
Estimated_sequence_from_DMS_A269V,111.37948938399992
Estimated_sequence_from_DMS_A269W,111.39207472499993
Estimated_sequence_from_DMS_A269Y,111.37982622799993
Estimated_sequence_from_DMS_P270A,111.38195540199993
Estimated_sequence_from_DMS_P270C,111.39304389199992
Estimated_sequence_from_DMS_P270D,111.38300987799992
Estimated_sequence_from_DMS_P270E,111.37227750199993
Estimated_sequence_from_DMS_P270F,111.38318932199992
Estimated_sequence_from_DMS_P270G,111.39064616899992
Estimated_sequence_from_DMS_P270H,111.41106275999992
Estimated_sequence_from_DMS_P270I,111.37935065099992
Estimated_sequence_from_DMS_P270K,111.38146972499993
Estimated_sequence_from_DMS_P270L,111.38196459299992
Estimated_sequence_from_DMS_P270M,111.40268417899993
Estimated_sequence_from_DMS_P270N,111.38363532699992
Estimated_sequence_from_DMS_P270Q,111.38950413799992
Estimated_sequence_from_DMS_P270R,111.39037502399992
Estimated_sequence_from_DMS_P270S,111.38325718799993
Estimated_sequence_from_DMS_P270T,111.38909231699992
Estimated_sequence_from_DMS_P270V,111.38180491999992
Estimated_sequence_from_DMS_P270W,111.40210031499993
Estimated_sequence_from_DMS_P270Y,111.38563218099992
Estimated_sequence_from_DMS_R271A,111.40959091699993
Estimated_sequence_from_DMS_R271C,111.41450015599993
Estimated_sequence_from_DMS_R271D,111.39749845399993
Estimated_sequence_from_DMS_R271E,111.40163900199992
Estimated_sequence_from_DMS_R271F,111.39001234799993
Estimated_sequence_from_DMS_R271G,111.39962150299993
Estimated_sequence_from_DMS_R271H,111.42130903199993
Estimated_sequence_from_DMS_R271I,111.41064422599993
Estimated_sequence_from_DMS_R271K,111.40768467499993
Estimated_sequence_from_DMS_R271L,111.41304844499993
Estimated_sequence_from_DMS_R271M,111.42254672299993
Estimated_sequence_from_DMS_R271N,111.41207247099993
Estimated_sequence_from_DMS_R271P,111.41306084099993
Estimated_sequence_from_DMS_R271Q,111.40934098399993
Estimated_sequence_from_DMS_R271S,111.42725246599993
Estimated_sequence_from_DMS_R271T,111.40055417599993
Estimated_sequence_from_DMS_R271V,111.40437571199993
Estimated_sequence_from_DMS_R271W,111.41838255099992
Estimated_sequence_from_DMS_R271Y,111.42276334499992
Estimated_sequence_from_DMS_G272A,111.40210201699992
Estimated_sequence_from_DMS_G272C,111.43140083399992
Estimated_sequence_from_DMS_G272D,111.41258547399993
Estimated_sequence_from_DMS_G272E,111.41828680399992
Estimated_sequence_from_DMS_G272F,111.40530809999993
Estimated_sequence_from_DMS_G272H,111.39939023699992
Estimated_sequence_from_DMS_G272I,111.40096001499992
Estimated_sequence_from_DMS_G272K,111.44440472999992
Estimated_sequence_from_DMS_G272L,111.39610403799992
Estimated_sequence_from_DMS_G272M,111.40958357999992
Estimated_sequence_from_DMS_G272N,111.40271717199992
Estimated_sequence_from_DMS_G272P,111.39973593699992
Estimated_sequence_from_DMS_G272Q,111.41048010099992
Estimated_sequence_from_DMS_G272R,111.39608473299992
Estimated_sequence_from_DMS_G272S,111.40021692899992
Estimated_sequence_from_DMS_G272T,111.41255545199992
Estimated_sequence_from_DMS_G272V,111.42973992399992
Estimated_sequence_from_DMS_G272W,111.41363272399992
Estimated_sequence_from_DMS_G272Y,111.42960370599992
Estimated_sequence_from_DMS_Y273A,111.41007130299992
Estimated_sequence_from_DMS_Y273C,111.41968432999992
Estimated_sequence_from_DMS_Y273D,111.42080873299993
Estimated_sequence_from_DMS_Y273E,111.41980719899992
Estimated_sequence_from_DMS_Y273F,111.4462152719999
Estimated_sequence_from_DMS_Y273G,111.40832203699992
Estimated_sequence_from_DMS_Y273H,111.43240100299992
Estimated_sequence_from_DMS_Y273I,111.41936073799992
Estimated_sequence_from_DMS_Y273K,111.43195397599993
Estimated_sequence_from_DMS_Y273L,111.41133721299992
Estimated_sequence_from_DMS_Y273M,111.43743140199993
Estimated_sequence_from_DMS_Y273N,111.4459349329999
Estimated_sequence_from_DMS_Y273P,111.42390433599992
Estimated_sequence_from_DMS_Y273Q,111.42530919199993
Estimated_sequence_from_DMS_Y273R,111.42299419399993
Estimated_sequence_from_DMS_Y273S,111.4450637659999
Estimated_sequence_from_DMS_Y273T,111.40817149199992
Estimated_sequence_from_DMS_Y273V,111.41484027499993
Estimated_sequence_from_DMS_Y273W,111.42719516999992
Estimated_sequence_from_DMS_F274A,111.54307098699991
Estimated_sequence_from_DMS_F274C,111.57357327799991
Estimated_sequence_from_DMS_F274D,111.55697482799991
Estimated_sequence_from_DMS_F274E,111.5506135209999
Estimated_sequence_from_DMS_F274G,111.55307350799991
Estimated_sequence_from_DMS_F274H,111.56721863799991
Estimated_sequence_from_DMS_F274I,111.5451144819999
Estimated_sequence_from_DMS_F274K,111.55152041199992
Estimated_sequence_from_DMS_F274L,111.5622592909999
Estimated_sequence_from_DMS_F274M,111.55174263899991
Estimated_sequence_from_DMS_F274N,111.54626916899991
Estimated_sequence_from_DMS_F274P,111.55282106599991
Estimated_sequence_from_DMS_F274Q,111.55104147399992
Estimated_sequence_from_DMS_F274R,111.55109651599992
Estimated_sequence_from_DMS_F274S,111.55476950499991
Estimated_sequence_from_DMS_F274T,111.55698424599991
Estimated_sequence_from_DMS_F274V,111.5477533649999
Estimated_sequence_from_DMS_F274W,111.56450223699991
Estimated_sequence_from_DMS_F274Y,111.93864450399991
Estimated_sequence_from_DMS_K275A,111.68112612299991
Estimated_sequence_from_DMS_K275C,111.63824111999992
Estimated_sequence_from_DMS_K275D,111.64569590399992
Estimated_sequence_from_DMS_K275E,111.67249340499991
Estimated_sequence_from_DMS_K275F,111.66696975199991
Estimated_sequence_from_DMS_K275G,111.63846470499992
Estimated_sequence_from_DMS_K275H,111.65335387299992
Estimated_sequence_from_DMS_K275I,111.66857944399992
Estimated_sequence_from_DMS_K275L,111.66455523199991
Estimated_sequence_from_DMS_K275M,111.65782944999991
Estimated_sequence_from_DMS_K275N,111.64614789699992
Estimated_sequence_from_DMS_K275P,111.72804161699992
Estimated_sequence_from_DMS_K275Q,111.64596961199992
Estimated_sequence_from_DMS_K275R,111.76794127399991
Estimated_sequence_from_DMS_K275S,111.66573084699992
Estimated_sequence_from_DMS_K275T,111.65085345899992
Estimated_sequence_from_DMS_K275V,111.68838867699992
Estimated_sequence_from_DMS_K275W,111.66753833899992
Estimated_sequence_from_DMS_K275Y,111.63473331599991
Estimated_sequence_from_DMS_I276A,111.64443298099991
Estimated_sequence_from_DMS_I276C,111.63982439399992
Estimated_sequence_from_DMS_I276D,111.63793269099992
Estimated_sequence_from_DMS_I276E,111.62984410199992
Estimated_sequence_from_DMS_I276F,111.68157340799992
Estimated_sequence_from_DMS_I276G,111.63179302199991
Estimated_sequence_from_DMS_I276H,111.64961454199991
Estimated_sequence_from_DMS_I276K,111.63941302099991
Estimated_sequence_from_DMS_I276L,111.92884958999991
Estimated_sequence_from_DMS_I276M,111.66580233999991
Estimated_sequence_from_DMS_I276N,111.63244649299992
Estimated_sequence_from_DMS_I276P,111.63772163899992
Estimated_sequence_from_DMS_I276Q,111.63792718299992
Estimated_sequence_from_DMS_I276R,111.64090966299992
Estimated_sequence_from_DMS_I276S,111.63492169399991
Estimated_sequence_from_DMS_I276T,111.65002029199992
Estimated_sequence_from_DMS_I276V,111.70801111099992
Estimated_sequence_from_DMS_I276W,111.64377598099992
Estimated_sequence_from_DMS_I276Y,111.66331558099992
Estimated_sequence_from_DMS_R277A,111.75520300099991
Estimated_sequence_from_DMS_R277C,111.72809028999991
Estimated_sequence_from_DMS_R277D,111.73478231299991
Estimated_sequence_from_DMS_R277E,111.73778749699991
Estimated_sequence_from_DMS_R277F,111.73930841799992
Estimated_sequence_from_DMS_R277G,111.97386678799991
Estimated_sequence_from_DMS_R277H,111.74976354399992
Estimated_sequence_from_DMS_R277I,111.75106953299992
Estimated_sequence_from_DMS_R277K,111.76266224399991
Estimated_sequence_from_DMS_R277L,111.75336005399991
Estimated_sequence_from_DMS_R277M,111.75102147099992
Estimated_sequence_from_DMS_R277N,111.77243085499991
Estimated_sequence_from_DMS_R277P,111.73233382299992
Estimated_sequence_from_DMS_R277Q,111.76210626299992
Estimated_sequence_from_DMS_R277S,111.75814232899991
Estimated_sequence_from_DMS_R277T,111.77051709299991
Estimated_sequence_from_DMS_R277V,111.75870468499991
Estimated_sequence_from_DMS_R277W,111.72646883299991
Estimated_sequence_from_DMS_R277Y,111.74158747099992
Estimated_sequence_from_DMS_S278A,111.75881720399991
Estimated_sequence_from_DMS_S278C,111.72365754999991
Estimated_sequence_from_DMS_S278D,111.77208606099991
Estimated_sequence_from_DMS_S278E,111.8169964019999
Estimated_sequence_from_DMS_S278F,111.73356898999991
Estimated_sequence_from_DMS_S278G,111.74430215299992
Estimated_sequence_from_DMS_S278H,111.77785860299991
Estimated_sequence_from_DMS_S278I,111.73341804999991
Estimated_sequence_from_DMS_S278K,111.77067618599992
Estimated_sequence_from_DMS_S278L,111.73480015399991
Estimated_sequence_from_DMS_S278M,111.7796190689999
Estimated_sequence_from_DMS_S278N,111.7944502209999
Estimated_sequence_from_DMS_S278P,111.8046493579999
Estimated_sequence_from_DMS_S278Q,111.77102987699992
Estimated_sequence_from_DMS_S278R,111.77176570899991
Estimated_sequence_from_DMS_S278T,111.80506189199991
Estimated_sequence_from_DMS_S278V,111.73773388799991
Estimated_sequence_from_DMS_S278W,111.73419816099991
Estimated_sequence_from_DMS_S278Y,111.77256883799991
Estimated_sequence_from_DMS_G279A,111.64844051999991
Estimated_sequence_from_DMS_G279C,111.59873340399992
Estimated_sequence_from_DMS_G279D,111.60632923599991
Estimated_sequence_from_DMS_G279E,111.60920405199991
Estimated_sequence_from_DMS_G279F,111.62305699899991
Estimated_sequence_from_DMS_G279H,111.62426393699991
Estimated_sequence_from_DMS_G279I,111.61478620899992
Estimated_sequence_from_DMS_G279K,111.63278988299992
Estimated_sequence_from_DMS_G279L,111.60383067199992
Estimated_sequence_from_DMS_G279M,111.66756043599992
Estimated_sequence_from_DMS_G279N,111.61876059199992
Estimated_sequence_from_DMS_G279P,111.62190604999991
Estimated_sequence_from_DMS_G279Q,111.64428011999992
Estimated_sequence_from_DMS_G279R,111.63781696999992
Estimated_sequence_from_DMS_G279S,111.64671217299991
Estimated_sequence_from_DMS_G279T,111.64940195399991
Estimated_sequence_from_DMS_G279V,111.6377412269999
Estimated_sequence_from_DMS_G279W,111.62342616299992
Estimated_sequence_from_DMS_G279Y,111.62286542799991
Estimated_sequence_from_DMS_K280A,111.73870203899992
Estimated_sequence_from_DMS_K280C,111.69966978499991
Estimated_sequence_from_DMS_K280D,111.7526782039999
Estimated_sequence_from_DMS_K280E,111.71466981999991
Estimated_sequence_from_DMS_K280F,111.71750804499992
Estimated_sequence_from_DMS_K280G,111.72844114799992
Estimated_sequence_from_DMS_K280H,111.77288760099991
Estimated_sequence_from_DMS_K280I,111.71466248999991
Estimated_sequence_from_DMS_K280L,111.71363242599992
Estimated_sequence_from_DMS_K280M,111.72153419299991
Estimated_sequence_from_DMS_K280N,111.8859873139999
Estimated_sequence_from_DMS_K280P,111.71052543499991
Estimated_sequence_from_DMS_K280Q,111.77255511299991
Estimated_sequence_from_DMS_K280R,111.7297445419999
Estimated_sequence_from_DMS_K280S,111.74764942599991
Estimated_sequence_from_DMS_K280T,111.74844015599992
Estimated_sequence_from_DMS_K280V,111.71837305199992
Estimated_sequence_from_DMS_K280W,111.71532800299991
Estimated_sequence_from_DMS_K280Y,111.72376003499991
Estimated_sequence_from_DMS_S281A,111.69001967499992
Estimated_sequence_from_DMS_S281C,111.56845804899991
Estimated_sequence_from_DMS_S281D,111.57210485899991
Estimated_sequence_from_DMS_S281E,111.54968509099992
Estimated_sequence_from_DMS_S281F,111.56761173099991
Estimated_sequence_from_DMS_S281G,111.62734802899992
Estimated_sequence_from_DMS_S281H,111.55885685199992
Estimated_sequence_from_DMS_S281I,111.57132013799992
Estimated_sequence_from_DMS_S281K,111.56032278399991
Estimated_sequence_from_DMS_S281L,111.54411007699991
Estimated_sequence_from_DMS_S281M,111.56227926899992
Estimated_sequence_from_DMS_S281N,111.62011471399991
Estimated_sequence_from_DMS_S281P,111.54658942299992
Estimated_sequence_from_DMS_S281Q,111.54825696999991
Estimated_sequence_from_DMS_S281R,111.54361609799992
Estimated_sequence_from_DMS_S281T,111.5420017289999
Estimated_sequence_from_DMS_S281V,111.55153501899991
Estimated_sequence_from_DMS_S281W,111.55409851899991
Estimated_sequence_from_DMS_S281Y,111.57240431899992
Estimated_sequence_from_DMS_S282A,111.62757615999992
Estimated_sequence_from_DMS_S282C,111.57302602499992
Estimated_sequence_from_DMS_S282D,111.58900193399991
Estimated_sequence_from_DMS_S282E,111.57189528799991
Estimated_sequence_from_DMS_S282F,111.5681388369999
Estimated_sequence_from_DMS_S282G,111.60284959099991
Estimated_sequence_from_DMS_S282H,111.58161956199991
Estimated_sequence_from_DMS_S282I,111.55860312999991
Estimated_sequence_from_DMS_S282K,111.56872070999991
Estimated_sequence_from_DMS_S282L,111.55945929099991
Estimated_sequence_from_DMS_S282M,111.56634499499991
Estimated_sequence_from_DMS_S282N,111.58907429699991
Estimated_sequence_from_DMS_S282P,111.55536243699991
Estimated_sequence_from_DMS_S282Q,111.57179757399992
Estimated_sequence_from_DMS_S282R,111.56770741699991
Estimated_sequence_from_DMS_S282T,111.66573049799992
Estimated_sequence_from_DMS_S282V,111.56820001899992
Estimated_sequence_from_DMS_S282W,111.56620111399991
Estimated_sequence_from_DMS_S282Y,111.58404450899991
Estimated_sequence_from_DMS_I283A,111.54930965199992
Estimated_sequence_from_DMS_I283C,111.53458208199991
Estimated_sequence_from_DMS_I283D,111.51387361499991
Estimated_sequence_from_DMS_I283E,111.50902375999992
Estimated_sequence_from_DMS_I283F,111.53616427199991
Estimated_sequence_from_DMS_I283G,111.50575943699991
Estimated_sequence_from_DMS_I283H,111.51973274099991
Estimated_sequence_from_DMS_I283K,111.51323832299991
Estimated_sequence_from_DMS_I283L,111.54534899899991
Estimated_sequence_from_DMS_I283M,111.54928065799992
Estimated_sequence_from_DMS_I283N,111.51085176099991
Estimated_sequence_from_DMS_I283P,111.50980981399991
Estimated_sequence_from_DMS_I283Q,111.52150057399992
Estimated_sequence_from_DMS_I283R,111.50900480399991
Estimated_sequence_from_DMS_I283S,111.52143066799991
Estimated_sequence_from_DMS_I283T,111.51875452899992
Estimated_sequence_from_DMS_I283V,111.67139399599992
Estimated_sequence_from_DMS_I283W,111.56938984499992
Estimated_sequence_from_DMS_I283Y,111.54606119399992
Estimated_sequence_from_DMS_M284A,111.58607307499992
Estimated_sequence_from_DMS_M284C,111.59796319699991
Estimated_sequence_from_DMS_M284D,111.58850813399991
Estimated_sequence_from_DMS_M284E,111.60974494999992
Estimated_sequence_from_DMS_M284F,111.60991054799992
Estimated_sequence_from_DMS_M284G,111.59223613399992
Estimated_sequence_from_DMS_M284H,111.60282743199991
Estimated_sequence_from_DMS_M284I,111.90221095099992
Estimated_sequence_from_DMS_M284K,111.60234442299992
Estimated_sequence_from_DMS_M284L,111.67418680199991
Estimated_sequence_from_DMS_M284N,111.59001318299991
Estimated_sequence_from_DMS_M284P,111.59078830899992
Estimated_sequence_from_DMS_M284Q,111.60349486499992
Estimated_sequence_from_DMS_M284R,111.59191556799992
Estimated_sequence_from_DMS_M284S,111.60010184899991
Estimated_sequence_from_DMS_M284T,111.59541547299992
Estimated_sequence_from_DMS_M284V,111.65219926999991
Estimated_sequence_from_DMS_M284W,111.60613635999992
Estimated_sequence_from_DMS_M284Y,111.59574876099991
Estimated_sequence_from_DMS_R285A,111.69353439699991
Estimated_sequence_from_DMS_R285C,111.6906194009999
Estimated_sequence_from_DMS_R285D,111.68815730199991
Estimated_sequence_from_DMS_R285E,111.69461232399992
Estimated_sequence_from_DMS_R285F,111.69647616599991
Estimated_sequence_from_DMS_R285G,111.69936515599991
Estimated_sequence_from_DMS_R285H,111.72383809199991
Estimated_sequence_from_DMS_R285I,111.7890729059999
Estimated_sequence_from_DMS_R285K,111.71952913899992
Estimated_sequence_from_DMS_R285L,111.75061808999992
Estimated_sequence_from_DMS_R285M,111.72833456899991
Estimated_sequence_from_DMS_R285N,111.68969704999991
Estimated_sequence_from_DMS_R285P,111.67663334799991
Estimated_sequence_from_DMS_R285Q,111.74702260899991
Estimated_sequence_from_DMS_R285S,111.70179902899991
Estimated_sequence_from_DMS_R285T,111.71926100399992
Estimated_sequence_from_DMS_R285V,111.75062215399991
Estimated_sequence_from_DMS_R285W,111.68803764499991
Estimated_sequence_from_DMS_R285Y,111.68939326599991
Estimated_sequence_from_DMS_S286A,111.5037328029999
Estimated_sequence_from_DMS_S286C,111.47549948099991
Estimated_sequence_from_DMS_S286D,111.48472634099991
Estimated_sequence_from_DMS_S286E,111.47813815099991
Estimated_sequence_from_DMS_S286F,111.48957705999992
Estimated_sequence_from_DMS_S286G,111.47348126199991
Estimated_sequence_from_DMS_S286H,111.48886156899991
Estimated_sequence_from_DMS_S286I,111.48644505699991
Estimated_sequence_from_DMS_S286K,111.47518428799991
Estimated_sequence_from_DMS_S286L,111.47466841899991
Estimated_sequence_from_DMS_S286M,111.4844144859999
Estimated_sequence_from_DMS_S286N,111.47122380599991
Estimated_sequence_from_DMS_S286P,111.48250869199991
Estimated_sequence_from_DMS_S286Q,111.48062290999991
Estimated_sequence_from_DMS_S286R,111.47875300299991
Estimated_sequence_from_DMS_S286T,111.6888857289999
Estimated_sequence_from_DMS_S286V,111.47122234099992
Estimated_sequence_from_DMS_S286W,111.50252956699991
Estimated_sequence_from_DMS_S286Y,111.4747208009999
Estimated_sequence_from_DMS_D287A,111.43459707299992
Estimated_sequence_from_DMS_D287C,111.4448353069999
Estimated_sequence_from_DMS_D287E,111.45196725399991
Estimated_sequence_from_DMS_D287F,111.46045376099991
Estimated_sequence_from_DMS_D287G,111.44885265099991
Estimated_sequence_from_DMS_D287H,111.44026522299991
Estimated_sequence_from_DMS_D287I,111.42479052399992
Estimated_sequence_from_DMS_D287K,111.43440786499991
Estimated_sequence_from_DMS_D287L,111.43786435199992
Estimated_sequence_from_DMS_D287M,111.45588845499991
Estimated_sequence_from_DMS_D287N,111.44266566099992
Estimated_sequence_from_DMS_D287P,111.42668598299991
Estimated_sequence_from_DMS_D287Q,111.46606054599991
Estimated_sequence_from_DMS_D287R,111.45087827499991
Estimated_sequence_from_DMS_D287S,111.44463998199991
Estimated_sequence_from_DMS_D287T,111.45123890999992
Estimated_sequence_from_DMS_D287V,111.43738679699992
Estimated_sequence_from_DMS_D287W,111.43761319699992
Estimated_sequence_from_DMS_D287Y,111.4641071689999
Estimated_sequence_from_DMS_A288C,111.63841467399992
Estimated_sequence_from_DMS_A288D,111.65098755199992
Estimated_sequence_from_DMS_A288E,111.64052996599992
Estimated_sequence_from_DMS_A288F,111.63121046199991
Estimated_sequence_from_DMS_A288G,111.67382002199992
Estimated_sequence_from_DMS_A288H,111.67171029999992
Estimated_sequence_from_DMS_A288I,111.64653374999992
Estimated_sequence_from_DMS_A288K,111.62877923199991
Estimated_sequence_from_DMS_A288L,111.70318317999991
Estimated_sequence_from_DMS_A288M,111.66536391499992
Estimated_sequence_from_DMS_A288N,111.63599149999992
Estimated_sequence_from_DMS_A288P,111.61713228299992
Estimated_sequence_from_DMS_A288Q,111.6608340149999
Estimated_sequence_from_DMS_A288R,111.64103184199992
Estimated_sequence_from_DMS_A288S,111.64983367199991
Estimated_sequence_from_DMS_A288T,111.64158015099991
Estimated_sequence_from_DMS_A288V,111.66179918999991
Estimated_sequence_from_DMS_A288W,111.63380301099991
Estimated_sequence_from_DMS_A288Y,111.64191437199992
Estimated_sequence_from_DMS_P289A,111.64903040799992
Estimated_sequence_from_DMS_P289C,111.61906673299991
Estimated_sequence_from_DMS_P289D,111.63120581799991
Estimated_sequence_from_DMS_P289E,111.64405001399992
Estimated_sequence_from_DMS_P289F,111.65081130199991
Estimated_sequence_from_DMS_P289G,111.6271240059999
Estimated_sequence_from_DMS_P289H,111.65428963499991
Estimated_sequence_from_DMS_P289I,111.6620619059999
Estimated_sequence_from_DMS_P289K,111.7087833659999
Estimated_sequence_from_DMS_P289L,111.6551941439999
Estimated_sequence_from_DMS_P289M,111.64000085799991
Estimated_sequence_from_DMS_P289N,111.64077100999991
Estimated_sequence_from_DMS_P289Q,111.6300593829999
Estimated_sequence_from_DMS_P289R,111.67303582699991
Estimated_sequence_from_DMS_P289S,111.6448166909999
Estimated_sequence_from_DMS_P289T,111.64232727699991
Estimated_sequence_from_DMS_P289V,111.6755225329999
Estimated_sequence_from_DMS_P289W,111.61805414499992
Estimated_sequence_from_DMS_P289Y,111.62610615099992
Estimated_sequence_from_DMS_I290A,111.41671052699992
Estimated_sequence_from_DMS_I290C,111.40626257399992
Estimated_sequence_from_DMS_I290D,111.41004515199992
Estimated_sequence_from_DMS_I290E,111.41406424299993
Estimated_sequence_from_DMS_I290F,111.42508485399992
Estimated_sequence_from_DMS_I290G,111.41153670199992
Estimated_sequence_from_DMS_I290H,111.40730175699993
Estimated_sequence_from_DMS_I290K,111.41006237199993
Estimated_sequence_from_DMS_I290L,111.45293948799991
Estimated_sequence_from_DMS_I290M,111.43868375099991
Estimated_sequence_from_DMS_I290N,111.40810126799992
Estimated_sequence_from_DMS_I290P,111.39831777199993
Estimated_sequence_from_DMS_I290Q,111.40557366299993
Estimated_sequence_from_DMS_I290R,111.40029370199993
Estimated_sequence_from_DMS_I290S,111.41348047999992
Estimated_sequence_from_DMS_I290T,111.40523623399991
Estimated_sequence_from_DMS_I290V,111.47821394299991
Estimated_sequence_from_DMS_I290W,111.42325087099992
Estimated_sequence_from_DMS_I290Y,111.40723957299993
Estimated_sequence_from_DMS_G291A,111.7661921989999
Estimated_sequence_from_DMS_G291C,111.75546885299991
Estimated_sequence_from_DMS_G291D,111.7175441369999
Estimated_sequence_from_DMS_G291E,111.73116350899991
Estimated_sequence_from_DMS_G291F,111.72803388399991
Estimated_sequence_from_DMS_G291H,111.73574965199991
Estimated_sequence_from_DMS_G291I,111.7980505049999
Estimated_sequence_from_DMS_G291K,111.7810133189999
Estimated_sequence_from_DMS_G291L,111.7373202289999
Estimated_sequence_from_DMS_G291M,111.76323140799991
Estimated_sequence_from_DMS_G291N,111.7257608359999
Estimated_sequence_from_DMS_G291P,111.7100815909999
Estimated_sequence_from_DMS_G291Q,111.76698053099992
Estimated_sequence_from_DMS_G291R,111.7807181519999
Estimated_sequence_from_DMS_G291S,111.7617004369999
Estimated_sequence_from_DMS_G291T,111.7750293009999
Estimated_sequence_from_DMS_G291V,111.8374419879999
Estimated_sequence_from_DMS_G291W,111.7286939719999
Estimated_sequence_from_DMS_G291Y,111.72351538399991
Estimated_sequence_from_DMS_K292A,111.71548025999991
Estimated_sequence_from_DMS_K292C,111.69346879799991
Estimated_sequence_from_DMS_K292D,111.7096293629999
Estimated_sequence_from_DMS_K292E,111.7360005749999
Estimated_sequence_from_DMS_K292F,111.69074875799991
Estimated_sequence_from_DMS_K292G,111.71686659399991
Estimated_sequence_from_DMS_K292H,111.78182714899991
Estimated_sequence_from_DMS_K292I,111.73031086699991
Estimated_sequence_from_DMS_K292L,111.71667775999991
Estimated_sequence_from_DMS_K292M,111.72593881699991
Estimated_sequence_from_DMS_K292N,111.71692973999991
Estimated_sequence_from_DMS_K292P,111.71225508499991
Estimated_sequence_from_DMS_K292Q,111.74416356399992
Estimated_sequence_from_DMS_K292R,111.72838314199991
Estimated_sequence_from_DMS_K292S,111.74557222399991
Estimated_sequence_from_DMS_K292T,111.71382696199991
Estimated_sequence_from_DMS_K292V,111.71952580699991
Estimated_sequence_from_DMS_K292W,111.7008881129999
Estimated_sequence_from_DMS_K292Y,111.69747130799992
Estimated_sequence_from_DMS_C293A,111.38142782399993
Estimated_sequence_from_DMS_C293D,111.41370962899992
Estimated_sequence_from_DMS_C293E,111.38586874899993
Estimated_sequence_from_DMS_C293F,111.39634478299992
Estimated_sequence_from_DMS_C293G,111.39902944599991
Estimated_sequence_from_DMS_C293H,111.40312552799992
Estimated_sequence_from_DMS_C293I,111.37997261299992
Estimated_sequence_from_DMS_C293K,111.38336696099992
Estimated_sequence_from_DMS_C293L,111.39606150499992
Estimated_sequence_from_DMS_C293M,111.37634017499992
Estimated_sequence_from_DMS_C293N,111.37765799299991
Estimated_sequence_from_DMS_C293P,111.38307629699992
Estimated_sequence_from_DMS_C293Q,111.37828080999992
Estimated_sequence_from_DMS_C293R,111.38547060199993
Estimated_sequence_from_DMS_C293S,111.41209984699992
Estimated_sequence_from_DMS_C293T,111.38299913499992
Estimated_sequence_from_DMS_C293V,111.38873354299992
Estimated_sequence_from_DMS_C293W,111.38944624599992
Estimated_sequence_from_DMS_C293Y,111.40834500099992
Estimated_sequence_from_DMS_N294A,111.75875097399991
Estimated_sequence_from_DMS_N294C,111.73289790899992
Estimated_sequence_from_DMS_N294D,111.75203636899991
Estimated_sequence_from_DMS_N294E,111.75379287499992
Estimated_sequence_from_DMS_N294F,111.77370848499991
Estimated_sequence_from_DMS_N294G,111.74228273599992
Estimated_sequence_from_DMS_N294H,111.8191979729999
Estimated_sequence_from_DMS_N294I,111.76246774099991
Estimated_sequence_from_DMS_N294K,111.76665480399991
Estimated_sequence_from_DMS_N294L,111.75191097599992
Estimated_sequence_from_DMS_N294M,111.76079182699992
Estimated_sequence_from_DMS_N294P,111.72226267699992
Estimated_sequence_from_DMS_N294Q,111.75683869499991
Estimated_sequence_from_DMS_N294R,111.7807924529999
Estimated_sequence_from_DMS_N294S,111.76384250399991
Estimated_sequence_from_DMS_N294T,111.76909624499991
Estimated_sequence_from_DMS_N294V,111.7880932819999
Estimated_sequence_from_DMS_N294W,111.8174846399999
Estimated_sequence_from_DMS_N294Y,111.83142471899991
Estimated_sequence_from_DMS_S295A,111.8159127449999
Estimated_sequence_from_DMS_S295C,111.76996921699991
Estimated_sequence_from_DMS_S295D,111.78160807899991
Estimated_sequence_from_DMS_S295E,111.7944493789999
Estimated_sequence_from_DMS_S295F,111.75776594499992
Estimated_sequence_from_DMS_S295G,111.75311854299991
Estimated_sequence_from_DMS_S295H,111.7938688249999
Estimated_sequence_from_DMS_S295I,111.77328145999991
Estimated_sequence_from_DMS_S295K,111.77177216699991
Estimated_sequence_from_DMS_S295L,111.8045007779999
Estimated_sequence_from_DMS_S295M,111.8134878199999
Estimated_sequence_from_DMS_S295N,111.76942200999991
Estimated_sequence_from_DMS_S295P,111.73932940899991
Estimated_sequence_from_DMS_S295Q,111.77118011199991
Estimated_sequence_from_DMS_S295R,111.7752891719999
Estimated_sequence_from_DMS_S295T,111.75028517799991
Estimated_sequence_from_DMS_S295V,111.77171700399991
Estimated_sequence_from_DMS_S295W,111.75422932799991
Estimated_sequence_from_DMS_S295Y,111.8991458539999
Estimated_sequence_from_DMS_E296A,111.77026985199991
Estimated_sequence_from_DMS_E296C,111.7148696519999
Estimated_sequence_from_DMS_E296D,111.75461096899991
Estimated_sequence_from_DMS_E296F,111.73896075199991
Estimated_sequence_from_DMS_E296G,111.7355590179999
Estimated_sequence_from_DMS_E296H,111.7843731089999
Estimated_sequence_from_DMS_E296I,111.74291316699991
Estimated_sequence_from_DMS_E296K,111.72924854199991
Estimated_sequence_from_DMS_E296L,111.74978899999991
Estimated_sequence_from_DMS_E296M,111.7955908719999
Estimated_sequence_from_DMS_E296N,111.76415044399991
Estimated_sequence_from_DMS_E296P,111.7960069139999
Estimated_sequence_from_DMS_E296Q,111.7660185939999
Estimated_sequence_from_DMS_E296R,111.7266341599999
Estimated_sequence_from_DMS_E296S,111.76046771799992
Estimated_sequence_from_DMS_E296T,111.76280383299991
Estimated_sequence_from_DMS_E296V,111.7430309649999
Estimated_sequence_from_DMS_E296W,111.7339791909999
Estimated_sequence_from_DMS_E296Y,111.72321249499991
Estimated_sequence_from_DMS_C297A,111.40277770299991
Estimated_sequence_from_DMS_C297D,111.38740774999992
Estimated_sequence_from_DMS_C297E,111.38018032099991
Estimated_sequence_from_DMS_C297F,111.41463259699992
Estimated_sequence_from_DMS_C297G,111.37810214499991
Estimated_sequence_from_DMS_C297H,111.38733955499991
Estimated_sequence_from_DMS_C297I,111.38831812499991
Estimated_sequence_from_DMS_C297K,111.39185074299992
Estimated_sequence_from_DMS_C297L,111.38417237199992
Estimated_sequence_from_DMS_C297M,111.41591978599992
Estimated_sequence_from_DMS_C297N,111.40126920599992
Estimated_sequence_from_DMS_C297P,111.39359891499991
Estimated_sequence_from_DMS_C297Q,111.39316076699991
Estimated_sequence_from_DMS_C297R,111.40470091099992
Estimated_sequence_from_DMS_C297S,111.41087321199991
Estimated_sequence_from_DMS_C297T,111.38870542099991
Estimated_sequence_from_DMS_C297V,111.40445291599991
Estimated_sequence_from_DMS_C297W,111.41969749499992
Estimated_sequence_from_DMS_C297Y,111.40254888499992
Estimated_sequence_from_DMS_I298A,111.57796140799991
Estimated_sequence_from_DMS_I298C,111.5667537389999
Estimated_sequence_from_DMS_I298D,111.5561138429999
Estimated_sequence_from_DMS_I298E,111.55289876299992
Estimated_sequence_from_DMS_I298F,111.58445124699992
Estimated_sequence_from_DMS_I298G,111.55606495299992
Estimated_sequence_from_DMS_I298H,111.64943666699992
Estimated_sequence_from_DMS_I298K,111.56369845599991
Estimated_sequence_from_DMS_I298L,111.61907400899992
Estimated_sequence_from_DMS_I298M,111.5622698809999
Estimated_sequence_from_DMS_I298N,111.54738613599991
Estimated_sequence_from_DMS_I298P,111.55355734099992
Estimated_sequence_from_DMS_I298Q,111.54977000499991
Estimated_sequence_from_DMS_I298R,111.54545015299992
Estimated_sequence_from_DMS_I298S,111.55615019799991
Estimated_sequence_from_DMS_I298T,111.57105579199991
Estimated_sequence_from_DMS_I298V,111.67016544199991
Estimated_sequence_from_DMS_I298W,111.58053212299991
Estimated_sequence_from_DMS_I298Y,111.56946207199991
Estimated_sequence_from_DMS_T299A,111.58162039099992
Estimated_sequence_from_DMS_T299C,111.58889229199991
Estimated_sequence_from_DMS_T299D,111.56657619399991
Estimated_sequence_from_DMS_T299E,111.58388835799991
Estimated_sequence_from_DMS_T299F,111.56848024999991
Estimated_sequence_from_DMS_T299G,111.55606550199991
Estimated_sequence_from_DMS_T299H,111.57041784099991
Estimated_sequence_from_DMS_T299I,111.5860170759999
Estimated_sequence_from_DMS_T299K,111.5734526299999
Estimated_sequence_from_DMS_T299L,111.55842948399992
Estimated_sequence_from_DMS_T299M,111.57959171699991
Estimated_sequence_from_DMS_T299N,111.59068325699991
Estimated_sequence_from_DMS_T299P,111.55728956399992
Estimated_sequence_from_DMS_T299Q,111.5887058839999
Estimated_sequence_from_DMS_T299R,111.57510835999992
Estimated_sequence_from_DMS_T299S,111.66801691299992
Estimated_sequence_from_DMS_T299V,111.58201835499992
Estimated_sequence_from_DMS_T299W,111.58022235099992
Estimated_sequence_from_DMS_T299Y,111.56730448899991
Estimated_sequence_from_DMS_P300A,111.61866106499991
Estimated_sequence_from_DMS_P300C,111.57152687799991
Estimated_sequence_from_DMS_P300D,111.56801957299992
Estimated_sequence_from_DMS_P300E,111.58358080299992
Estimated_sequence_from_DMS_P300F,111.56429155899991
Estimated_sequence_from_DMS_P300G,111.57111270599991
Estimated_sequence_from_DMS_P300H,111.56780171799991
Estimated_sequence_from_DMS_P300I,111.56448315999991
Estimated_sequence_from_DMS_P300K,111.56336920899992
Estimated_sequence_from_DMS_P300L,111.56940532299991
Estimated_sequence_from_DMS_P300M,111.57886383199991
Estimated_sequence_from_DMS_P300N,111.57385942999991
Estimated_sequence_from_DMS_P300Q,111.58639769699991
Estimated_sequence_from_DMS_P300R,111.56362717099991
Estimated_sequence_from_DMS_P300S,111.56813272999992
Estimated_sequence_from_DMS_P300T,111.59861342899991
Estimated_sequence_from_DMS_P300V,111.57927194799991
Estimated_sequence_from_DMS_P300W,111.58199897299991
Estimated_sequence_from_DMS_P300Y,111.58742591999992
Estimated_sequence_from_DMS_N301A,111.64039684199992
Estimated_sequence_from_DMS_N301C,111.64594544199991
Estimated_sequence_from_DMS_N301D,111.65142400899991
Estimated_sequence_from_DMS_N301E,111.64105101399991
Estimated_sequence_from_DMS_N301F,111.62993957399992
Estimated_sequence_from_DMS_N301G,111.64209101399992
Estimated_sequence_from_DMS_N301H,111.64250623099991
Estimated_sequence_from_DMS_N301I,111.62603781899992
Estimated_sequence_from_DMS_N301K,111.64356295099991
Estimated_sequence_from_DMS_N301L,111.65610982799991
Estimated_sequence_from_DMS_N301M,111.65181492799991
Estimated_sequence_from_DMS_N301P,111.62913653599992
Estimated_sequence_from_DMS_N301Q,111.63875380299991
Estimated_sequence_from_DMS_N301R,111.63044985999991
Estimated_sequence_from_DMS_N301S,111.65007525099992
Estimated_sequence_from_DMS_N301T,111.63033906399991
Estimated_sequence_from_DMS_N301V,111.66269173099991
Estimated_sequence_from_DMS_N301W,111.65001800699991
Estimated_sequence_from_DMS_N301Y,111.64735554099991
Estimated_sequence_from_DMS_G302A,111.48397430199991
Estimated_sequence_from_DMS_G302C,111.4748015959999
Estimated_sequence_from_DMS_G302D,111.48169123099991
Estimated_sequence_from_DMS_G302E,111.47117960299991
Estimated_sequence_from_DMS_G302F,111.45966771599991
Estimated_sequence_from_DMS_G302H,111.4790582209999
Estimated_sequence_from_DMS_G302I,111.4463622419999
Estimated_sequence_from_DMS_G302K,111.46942700399991
Estimated_sequence_from_DMS_G302L,111.4563131079999
Estimated_sequence_from_DMS_G302M,111.46076994099991
Estimated_sequence_from_DMS_G302N,111.4780692579999
Estimated_sequence_from_DMS_G302P,111.45730793799991
Estimated_sequence_from_DMS_G302Q,111.4728160459999
Estimated_sequence_from_DMS_G302R,111.4582006989999
Estimated_sequence_from_DMS_G302S,111.4543860839999
Estimated_sequence_from_DMS_G302T,111.45406010999992
Estimated_sequence_from_DMS_G302V,111.4712121319999
Estimated_sequence_from_DMS_G302W,111.45169838899992
Estimated_sequence_from_DMS_G302Y,111.46402996699992
Estimated_sequence_from_DMS_S303A,111.46577252199991
Estimated_sequence_from_DMS_S303C,111.46130563699991
Estimated_sequence_from_DMS_S303D,111.47365472999991
Estimated_sequence_from_DMS_S303E,111.4653433089999
Estimated_sequence_from_DMS_S303F,111.46481107099991
Estimated_sequence_from_DMS_S303G,111.46821811399991
Estimated_sequence_from_DMS_S303H,111.48992653499991
Estimated_sequence_from_DMS_S303I,111.4753675509999
Estimated_sequence_from_DMS_S303K,111.46010701699991
Estimated_sequence_from_DMS_S303L,111.45887948999992
Estimated_sequence_from_DMS_S303M,111.49290305099991
Estimated_sequence_from_DMS_S303N,111.47367317299991
Estimated_sequence_from_DMS_S303P,111.4541794359999
Estimated_sequence_from_DMS_S303Q,111.46460489099991
Estimated_sequence_from_DMS_S303R,111.45779276599991
Estimated_sequence_from_DMS_S303T,111.49780236799991
Estimated_sequence_from_DMS_S303V,111.46531637099991
Estimated_sequence_from_DMS_S303W,111.46239773099991
Estimated_sequence_from_DMS_S303Y,111.45766222499991
Estimated_sequence_from_DMS_I304A,111.54548509299991
Estimated_sequence_from_DMS_I304C,111.54135499199991
Estimated_sequence_from_DMS_I304D,111.53384404099991
Estimated_sequence_from_DMS_I304E,111.5365803249999
Estimated_sequence_from_DMS_I304F,111.55588423899991
Estimated_sequence_from_DMS_I304G,111.52268662999991
Estimated_sequence_from_DMS_I304H,111.53740453599991
Estimated_sequence_from_DMS_I304K,111.52826925599992
Estimated_sequence_from_DMS_I304L,111.67150126199991
Estimated_sequence_from_DMS_I304M,111.63223030599991
Estimated_sequence_from_DMS_I304N,111.54180409699991
Estimated_sequence_from_DMS_I304P,111.5310254669999
Estimated_sequence_from_DMS_I304Q,111.52842747899992
Estimated_sequence_from_DMS_I304R,111.53075201599991
Estimated_sequence_from_DMS_I304S,111.52465709099991
Estimated_sequence_from_DMS_I304T,111.5304791499999
Estimated_sequence_from_DMS_I304V,111.56849326399991
Estimated_sequence_from_DMS_I304W,111.5276676359999
Estimated_sequence_from_DMS_I304Y,111.53742924599992
Estimated_sequence_from_DMS_P305A,111.74516013699991
Estimated_sequence_from_DMS_P305C,111.67264002699991
Estimated_sequence_from_DMS_P305D,111.68252037699992
Estimated_sequence_from_DMS_P305E,111.72136344299992
Estimated_sequence_from_DMS_P305F,111.68389980499991
Estimated_sequence_from_DMS_P305G,111.70291180299992
Estimated_sequence_from_DMS_P305H,111.70644096599992
Estimated_sequence_from_DMS_P305I,111.68745412799991
Estimated_sequence_from_DMS_P305K,111.68335984799991
Estimated_sequence_from_DMS_P305L,111.68450235599991
Estimated_sequence_from_DMS_P305M,111.68261466699991
Estimated_sequence_from_DMS_P305N,111.70107575299991
Estimated_sequence_from_DMS_P305Q,111.69758463799991
Estimated_sequence_from_DMS_P305R,111.68556392099991
Estimated_sequence_from_DMS_P305S,111.70805546499992
Estimated_sequence_from_DMS_P305T,111.70162451099992
Estimated_sequence_from_DMS_P305V,111.69231536499991
Estimated_sequence_from_DMS_P305W,111.69730568699991
Estimated_sequence_from_DMS_P305Y,111.68185870899991
Estimated_sequence_from_DMS_N306A,111.6879288689999
Estimated_sequence_from_DMS_N306C,111.63513923199991
Estimated_sequence_from_DMS_N306D,111.6300192889999
Estimated_sequence_from_DMS_N306E,111.6336323909999
Estimated_sequence_from_DMS_N306F,111.64534439299992
Estimated_sequence_from_DMS_N306G,111.67154655199991
Estimated_sequence_from_DMS_N306H,111.65516519599991
Estimated_sequence_from_DMS_N306I,111.65688699899991
Estimated_sequence_from_DMS_N306K,111.61722660799991
Estimated_sequence_from_DMS_N306L,111.6389255329999
Estimated_sequence_from_DMS_N306M,111.6400578769999
Estimated_sequence_from_DMS_N306P,111.6256069539999
Estimated_sequence_from_DMS_N306Q,111.63742236699991
Estimated_sequence_from_DMS_N306R,111.6397823539999
Estimated_sequence_from_DMS_N306S,111.67284151899992
Estimated_sequence_from_DMS_N306T,111.70904404099991
Estimated_sequence_from_DMS_N306V,111.68633057899991
Estimated_sequence_from_DMS_N306W,111.62936347399992
Estimated_sequence_from_DMS_N306Y,111.6355746599999
Estimated_sequence_from_DMS_D307A,111.73054077499991
Estimated_sequence_from_DMS_D307C,111.6962087369999
Estimated_sequence_from_DMS_D307E,111.75982938199991
Estimated_sequence_from_DMS_D307F,111.71884913899991
Estimated_sequence_from_DMS_D307G,111.72762013699992
Estimated_sequence_from_DMS_D307H,111.7480542959999
Estimated_sequence_from_DMS_D307I,111.72318229899992
Estimated_sequence_from_DMS_D307K,111.70107364999991
Estimated_sequence_from_DMS_D307L,111.7069932559999
Estimated_sequence_from_DMS_D307M,111.71896703699991
Estimated_sequence_from_DMS_D307N,111.74781703899991
Estimated_sequence_from_DMS_D307P,111.68331694499992
Estimated_sequence_from_DMS_D307Q,111.73723834499991
Estimated_sequence_from_DMS_D307R,111.70943530099991
Estimated_sequence_from_DMS_D307S,111.75810792199991
Estimated_sequence_from_DMS_D307T,111.74426339299991
Estimated_sequence_from_DMS_D307V,111.73240584699991
Estimated_sequence_from_DMS_D307W,111.6993651729999
Estimated_sequence_from_DMS_D307Y,111.7356701109999
Estimated_sequence_from_DMS_K308A,111.60696526499991
Estimated_sequence_from_DMS_K308C,111.59534478199991
Estimated_sequence_from_DMS_K308D,111.60339972499992
Estimated_sequence_from_DMS_K308E,111.60928946199992
Estimated_sequence_from_DMS_K308F,111.60164836199992
Estimated_sequence_from_DMS_K308G,111.60191252799991
Estimated_sequence_from_DMS_K308H,111.61061387799991
Estimated_sequence_from_DMS_K308I,111.60480510099991
Estimated_sequence_from_DMS_K308L,111.69306180799991
Estimated_sequence_from_DMS_K308M,111.61356645999992
Estimated_sequence_from_DMS_K308N,111.60796078399991
Estimated_sequence_from_DMS_K308P,111.59406292999992
Estimated_sequence_from_DMS_K308Q,111.59497073799992
Estimated_sequence_from_DMS_K308R,111.73170184899992
Estimated_sequence_from_DMS_K308S,111.59834579299991
Estimated_sequence_from_DMS_K308T,111.64026263599992
Estimated_sequence_from_DMS_K308V,111.63126693599992
Estimated_sequence_from_DMS_K308W,111.59159369199992
Estimated_sequence_from_DMS_K308Y,111.61178603699992
Estimated_sequence_from_DMS_P309A,111.52171576499991
Estimated_sequence_from_DMS_P309C,111.50673776399991
Estimated_sequence_from_DMS_P309D,111.48289525699991
Estimated_sequence_from_DMS_P309E,111.50459903199992
Estimated_sequence_from_DMS_P309F,111.48199970799992
Estimated_sequence_from_DMS_P309G,111.48435643699992
Estimated_sequence_from_DMS_P309H,111.48241923899991
Estimated_sequence_from_DMS_P309I,111.5131688909999
Estimated_sequence_from_DMS_P309K,111.49243676999991
Estimated_sequence_from_DMS_P309L,111.52982864799992
Estimated_sequence_from_DMS_P309M,111.51735863899991
Estimated_sequence_from_DMS_P309N,111.48334083199991
Estimated_sequence_from_DMS_P309Q,111.50770473199991
Estimated_sequence_from_DMS_P309R,111.47056572199992
Estimated_sequence_from_DMS_P309S,111.4759276079999
Estimated_sequence_from_DMS_P309T,111.48102865899992
Estimated_sequence_from_DMS_P309V,111.52480805699992
Estimated_sequence_from_DMS_P309W,111.48641573899991
Estimated_sequence_from_DMS_P309Y,111.49501364699991
Estimated_sequence_from_DMS_F310A,111.47419982499991
Estimated_sequence_from_DMS_F310C,111.47584566099991
Estimated_sequence_from_DMS_F310D,111.4628002309999
Estimated_sequence_from_DMS_F310E,111.4592040989999
Estimated_sequence_from_DMS_F310G,111.4634974059999
Estimated_sequence_from_DMS_F310H,111.4601868709999
Estimated_sequence_from_DMS_F310I,111.46044867199991
Estimated_sequence_from_DMS_F310K,111.46858951599991
Estimated_sequence_from_DMS_F310L,111.49403003899991
Estimated_sequence_from_DMS_F310M,111.45817691799991
Estimated_sequence_from_DMS_F310N,111.45732769799992
Estimated_sequence_from_DMS_F310P,111.45007497199991
Estimated_sequence_from_DMS_F310Q,111.4618425829999
Estimated_sequence_from_DMS_F310R,111.4580925619999
Estimated_sequence_from_DMS_F310S,111.4771044939999
Estimated_sequence_from_DMS_F310T,111.45950797599991
Estimated_sequence_from_DMS_F310V,111.45286065899991
Estimated_sequence_from_DMS_F310W,111.49148349199992
Estimated_sequence_from_DMS_F310Y,111.5061463329999
Estimated_sequence_from_DMS_Q311A,111.39583307099991
Estimated_sequence_from_DMS_Q311C,111.40596666299992
Estimated_sequence_from_DMS_Q311D,111.41139945199991
Estimated_sequence_from_DMS_Q311E,111.40207249499991
Estimated_sequence_from_DMS_Q311F,111.39610666199992
Estimated_sequence_from_DMS_Q311G,111.40653031099993
Estimated_sequence_from_DMS_Q311H,111.43182827699992
Estimated_sequence_from_DMS_Q311I,111.39986141099992
Estimated_sequence_from_DMS_Q311K,111.42702232099992
Estimated_sequence_from_DMS_Q311L,111.41065276099992
Estimated_sequence_from_DMS_Q311M,111.42585189799992
Estimated_sequence_from_DMS_Q311N,111.42963266399993
Estimated_sequence_from_DMS_Q311P,111.39881079499992
Estimated_sequence_from_DMS_Q311R,111.39719900399992
Estimated_sequence_from_DMS_Q311S,111.40335323899991
Estimated_sequence_from_DMS_Q311T,111.41708445199993
Estimated_sequence_from_DMS_Q311V,111.40921384299992
Estimated_sequence_from_DMS_Q311W,111.39799986299992
Estimated_sequence_from_DMS_Q311Y,111.40946482499992
Estimated_sequence_from_DMS_N312A,111.57260320799992
Estimated_sequence_from_DMS_N312C,111.56622793999992
Estimated_sequence_from_DMS_N312D,111.55095878799992
Estimated_sequence_from_DMS_N312E,111.55098088899992
Estimated_sequence_from_DMS_N312F,111.54699680299991
Estimated_sequence_from_DMS_N312G,111.54202236099991
Estimated_sequence_from_DMS_N312H,111.63226028099992
Estimated_sequence_from_DMS_N312I,111.55887797599992
Estimated_sequence_from_DMS_N312K,111.56979332699991
Estimated_sequence_from_DMS_N312L,111.54329918799992
Estimated_sequence_from_DMS_N312M,111.55277922899991
Estimated_sequence_from_DMS_N312P,111.54411692999992
Estimated_sequence_from_DMS_N312Q,111.56912782299992
Estimated_sequence_from_DMS_N312R,111.55766253999991
Estimated_sequence_from_DMS_N312S,111.72115448099991
Estimated_sequence_from_DMS_N312T,111.56093491699991
Estimated_sequence_from_DMS_N312V,111.55267505599991
Estimated_sequence_from_DMS_N312W,111.55127909599992
Estimated_sequence_from_DMS_N312Y,111.55509909299991
Estimated_sequence_from_DMS_V313A,111.54957832899991
Estimated_sequence_from_DMS_V313C,111.55765124399991
Estimated_sequence_from_DMS_V313D,111.54762234599991
Estimated_sequence_from_DMS_V313E,111.54969117299991
Estimated_sequence_from_DMS_V313F,111.54211940099991
Estimated_sequence_from_DMS_V313G,111.55201742399991
Estimated_sequence_from_DMS_V313H,111.54374195499992
Estimated_sequence_from_DMS_V313I,111.71958735399991
Estimated_sequence_from_DMS_V313K,111.55530583499991
Estimated_sequence_from_DMS_V313L,111.65743823499992
Estimated_sequence_from_DMS_V313M,111.60740110799992
Estimated_sequence_from_DMS_V313N,111.55474406999991
Estimated_sequence_from_DMS_V313P,111.54587485699992
Estimated_sequence_from_DMS_V313Q,111.55228152699992
Estimated_sequence_from_DMS_V313R,111.55040699299991
Estimated_sequence_from_DMS_V313S,111.54736407699991
Estimated_sequence_from_DMS_V313T,111.58063825199991
Estimated_sequence_from_DMS_V313W,111.56402460299991
Estimated_sequence_from_DMS_V313Y,111.54545270499992
Estimated_sequence_from_DMS_N314A,111.58547814499991
Estimated_sequence_from_DMS_N314C,111.53518685299991
Estimated_sequence_from_DMS_N314D,111.5700397259999
Estimated_sequence_from_DMS_N314E,111.5373292749999
Estimated_sequence_from_DMS_N314F,111.53787719499991
Estimated_sequence_from_DMS_N314G,111.5404892919999
Estimated_sequence_from_DMS_N314H,111.70756257799991
Estimated_sequence_from_DMS_N314I,111.5352635089999
Estimated_sequence_from_DMS_N314K,111.52889996699992
Estimated_sequence_from_DMS_N314L,111.54467748099991
Estimated_sequence_from_DMS_N314M,111.5357610229999
Estimated_sequence_from_DMS_N314P,111.54833624299991
Estimated_sequence_from_DMS_N314Q,111.53747816099991
Estimated_sequence_from_DMS_N314R,111.5254381049999
Estimated_sequence_from_DMS_N314S,111.54808365099991
Estimated_sequence_from_DMS_N314T,111.53144405499991
Estimated_sequence_from_DMS_N314V,111.52414728099991
Estimated_sequence_from_DMS_N314W,111.55103307999991
Estimated_sequence_from_DMS_N314Y,111.54282828799991
Estimated_sequence_from_DMS_R315A,111.71257556699992
Estimated_sequence_from_DMS_R315C,111.67686013399991
Estimated_sequence_from_DMS_R315D,111.67296913699991
Estimated_sequence_from_DMS_R315E,111.67889020999992
Estimated_sequence_from_DMS_R315F,111.69493860999991
Estimated_sequence_from_DMS_R315G,111.68857910299991
Estimated_sequence_from_DMS_R315H,111.72341937699991
Estimated_sequence_from_DMS_R315I,111.70815785999991
Estimated_sequence_from_DMS_R315K,111.75545375999991
Estimated_sequence_from_DMS_R315L,111.71128820599992
Estimated_sequence_from_DMS_R315M,111.72573086399991
Estimated_sequence_from_DMS_R315N,111.67778233799991
Estimated_sequence_from_DMS_R315P,111.8043845089999
Estimated_sequence_from_DMS_R315Q,111.72594865999991
Estimated_sequence_from_DMS_R315S,111.72179075899992
Estimated_sequence_from_DMS_R315T,111.72532190099992
Estimated_sequence_from_DMS_R315V,111.70702978099992
Estimated_sequence_from_DMS_R315W,111.69119042799991
Estimated_sequence_from_DMS_R315Y,111.70479887999991
Estimated_sequence_from_DMS_I316A,111.73409268499991
Estimated_sequence_from_DMS_I316C,111.67050269699992
Estimated_sequence_from_DMS_I316D,111.70676671899992
Estimated_sequence_from_DMS_I316E,111.67704457299992
Estimated_sequence_from_DMS_I316F,111.69196602799991
Estimated_sequence_from_DMS_I316G,111.66739316199991
Estimated_sequence_from_DMS_I316H,111.72346422599992
Estimated_sequence_from_DMS_I316K,111.67702901699991
Estimated_sequence_from_DMS_I316L,111.67698255599991
Estimated_sequence_from_DMS_I316M,111.70456469099992
Estimated_sequence_from_DMS_I316N,111.6858439969999
Estimated_sequence_from_DMS_I316P,111.69518570999992
Estimated_sequence_from_DMS_I316Q,111.73969543399991
Estimated_sequence_from_DMS_I316R,111.67601057799992
Estimated_sequence_from_DMS_I316S,111.66414851099991
Estimated_sequence_from_DMS_I316T,111.71110715399992
Estimated_sequence_from_DMS_I316V,111.74030910099991
Estimated_sequence_from_DMS_I316W,111.70894742599991
Estimated_sequence_from_DMS_I316Y,111.70367284199992
Estimated_sequence_from_DMS_T317A,111.67348005899991
Estimated_sequence_from_DMS_T317C,111.60740739899991
Estimated_sequence_from_DMS_T317D,111.59598891599991
Estimated_sequence_from_DMS_T317E,111.59328497799991
Estimated_sequence_from_DMS_T317F,111.63966158399991
Estimated_sequence_from_DMS_T317G,111.60194154899992
Estimated_sequence_from_DMS_T317H,111.66626755299991
Estimated_sequence_from_DMS_T317I,111.64709172299992
Estimated_sequence_from_DMS_T317K,111.60124866499991
Estimated_sequence_from_DMS_T317L,111.6135900279999
Estimated_sequence_from_DMS_T317M,111.62679374299991
Estimated_sequence_from_DMS_T317N,111.62406429599991
Estimated_sequence_from_DMS_T317P,111.60054010499991
Estimated_sequence_from_DMS_T317Q,111.60579207899991
Estimated_sequence_from_DMS_T317R,111.60038781199991
Estimated_sequence_from_DMS_T317S,111.71939754999991
Estimated_sequence_from_DMS_T317V,111.65466784599991
Estimated_sequence_from_DMS_T317W,111.60735434599991
Estimated_sequence_from_DMS_T317Y,111.61877269699991
Estimated_sequence_from_DMS_Y318A,111.47295785699991
Estimated_sequence_from_DMS_Y318C,111.49636105099991
Estimated_sequence_from_DMS_Y318D,111.47299881199991
Estimated_sequence_from_DMS_Y318E,111.47456242899992
Estimated_sequence_from_DMS_Y318F,111.59503933399992
Estimated_sequence_from_DMS_Y318G,111.49346489999992
Estimated_sequence_from_DMS_Y318H,111.50116140999991
Estimated_sequence_from_DMS_Y318I,111.49093977299991
Estimated_sequence_from_DMS_Y318K,111.47608061799991
Estimated_sequence_from_DMS_Y318L,111.47105425699992
Estimated_sequence_from_DMS_Y318M,111.48229313799992
Estimated_sequence_from_DMS_Y318N,111.47835108199992
Estimated_sequence_from_DMS_Y318P,111.47469953499991
Estimated_sequence_from_DMS_Y318Q,111.47309297899992
Estimated_sequence_from_DMS_Y318R,111.47945964699991
Estimated_sequence_from_DMS_Y318S,111.48302487899991
Estimated_sequence_from_DMS_Y318T,111.47659765099992
Estimated_sequence_from_DMS_Y318V,111.50041217099991
Estimated_sequence_from_DMS_Y318W,111.51602897999992
Estimated_sequence_from_DMS_G319A,111.36559441299991
Estimated_sequence_from_DMS_G319C,111.36770144599991
Estimated_sequence_from_DMS_G319D,111.3700373379999
Estimated_sequence_from_DMS_G319E,111.38110039999991
Estimated_sequence_from_DMS_G319F,111.3706850649999
Estimated_sequence_from_DMS_G319H,111.4197495539999
Estimated_sequence_from_DMS_G319I,111.35654132599991
Estimated_sequence_from_DMS_G319K,111.36207564299991
Estimated_sequence_from_DMS_G319L,111.3715368559999
Estimated_sequence_from_DMS_G319M,111.39269305999991
Estimated_sequence_from_DMS_G319N,111.37575834999991
Estimated_sequence_from_DMS_G319P,111.37217031299991
Estimated_sequence_from_DMS_G319Q,111.3710921209999
Estimated_sequence_from_DMS_G319R,111.37364178199991
Estimated_sequence_from_DMS_G319S,111.3744430369999
Estimated_sequence_from_DMS_G319T,111.36468690499991
Estimated_sequence_from_DMS_G319V,111.39315501999991
Estimated_sequence_from_DMS_G319W,111.38955496299991
Estimated_sequence_from_DMS_G319Y,111.37226115299991
Estimated_sequence_from_DMS_A320C,111.70362752299991
Estimated_sequence_from_DMS_A320D,111.7642734019999
Estimated_sequence_from_DMS_A320E,111.7300394639999
Estimated_sequence_from_DMS_A320F,111.7470729109999
Estimated_sequence_from_DMS_A320G,111.7366221229999
Estimated_sequence_from_DMS_A320H,111.73763364699991
Estimated_sequence_from_DMS_A320I,111.72311615799991
Estimated_sequence_from_DMS_A320K,111.76825464799991
Estimated_sequence_from_DMS_A320L,111.73541637799991
Estimated_sequence_from_DMS_A320M,111.80584400899991
Estimated_sequence_from_DMS_A320N,111.7980555779999
Estimated_sequence_from_DMS_A320P,111.72138072999991
Estimated_sequence_from_DMS_A320Q,111.7283864509999
Estimated_sequence_from_DMS_A320R,111.77145952399991
Estimated_sequence_from_DMS_A320S,111.77852681899991
Estimated_sequence_from_DMS_A320T,111.74177229199991
Estimated_sequence_from_DMS_A320V,111.72273997099991
Estimated_sequence_from_DMS_A320W,111.7216111459999
Estimated_sequence_from_DMS_A320Y,111.7222754519999
Estimated_sequence_from_DMS_C321A,111.4969969399999
Estimated_sequence_from_DMS_C321D,111.51961260599991
Estimated_sequence_from_DMS_C321E,111.5082908759999
Estimated_sequence_from_DMS_C321F,111.50093321399991
Estimated_sequence_from_DMS_C321G,111.52004363899991
Estimated_sequence_from_DMS_C321H,111.50533064399991
Estimated_sequence_from_DMS_C321I,111.50545500399991
Estimated_sequence_from_DMS_C321K,111.5303424369999
Estimated_sequence_from_DMS_C321L,111.51939333199991
Estimated_sequence_from_DMS_C321M,111.51347410699991
Estimated_sequence_from_DMS_C321N,111.50900020899991
Estimated_sequence_from_DMS_C321P,111.5068040049999
Estimated_sequence_from_DMS_C321Q,111.50182944399991
Estimated_sequence_from_DMS_C321R,111.48761612299991
Estimated_sequence_from_DMS_C321S,111.6086592859999
Estimated_sequence_from_DMS_C321T,111.50142246999991
Estimated_sequence_from_DMS_C321V,111.50826391399991
Estimated_sequence_from_DMS_C321W,111.52142326599991
Estimated_sequence_from_DMS_C321Y,111.52020645199991
Estimated_sequence_from_DMS_P322A,111.35682260199991
Estimated_sequence_from_DMS_P322C,111.35618724699991
Estimated_sequence_from_DMS_P322D,111.35255035699991
Estimated_sequence_from_DMS_P322E,111.34087232199991
Estimated_sequence_from_DMS_P322F,111.35002223599992
Estimated_sequence_from_DMS_P322G,111.38782603799991
Estimated_sequence_from_DMS_P322H,111.36340406099991
Estimated_sequence_from_DMS_P322I,111.34436346499992
Estimated_sequence_from_DMS_P322K,111.33663929099991
Estimated_sequence_from_DMS_P322L,111.3545834029999
Estimated_sequence_from_DMS_P322M,111.35513673299991
Estimated_sequence_from_DMS_P322N,111.34355943899992
Estimated_sequence_from_DMS_P322Q,111.35559532899991
Estimated_sequence_from_DMS_P322R,111.34044383999992
Estimated_sequence_from_DMS_P322S,111.34669724899992
Estimated_sequence_from_DMS_P322T,111.35019905799992
Estimated_sequence_from_DMS_P322V,111.34229678699991
Estimated_sequence_from_DMS_P322W,111.34992517299992
Estimated_sequence_from_DMS_P322Y,111.33493277599992
Estimated_sequence_from_DMS_R323A,111.7312281959999
Estimated_sequence_from_DMS_R323C,111.68674328599991
Estimated_sequence_from_DMS_R323D,111.68949345299991
Estimated_sequence_from_DMS_R323E,111.69343596599991
Estimated_sequence_from_DMS_R323F,111.7400269119999
Estimated_sequence_from_DMS_R323G,111.69001210699992
Estimated_sequence_from_DMS_R323H,111.7416557179999
Estimated_sequence_from_DMS_R323I,111.74042911599992
Estimated_sequence_from_DMS_R323K,111.72493796899991
Estimated_sequence_from_DMS_R323L,111.7517362729999
Estimated_sequence_from_DMS_R323M,111.71725742099991
Estimated_sequence_from_DMS_R323N,111.7088937899999
Estimated_sequence_from_DMS_R323P,111.7145727619999
Estimated_sequence_from_DMS_R323Q,111.72745569999991
Estimated_sequence_from_DMS_R323S,111.7230788609999
Estimated_sequence_from_DMS_R323T,111.7592763529999
Estimated_sequence_from_DMS_R323V,111.7640197889999
Estimated_sequence_from_DMS_R323W,111.74608887799991
Estimated_sequence_from_DMS_R323Y,111.72967563999991
Estimated_sequence_from_DMS_Y324A,111.51671846399991
Estimated_sequence_from_DMS_Y324C,111.5124996369999
Estimated_sequence_from_DMS_Y324D,111.5288614629999
Estimated_sequence_from_DMS_Y324E,111.5206705189999
Estimated_sequence_from_DMS_Y324F,111.6429700649999
Estimated_sequence_from_DMS_Y324G,111.5053515969999
Estimated_sequence_from_DMS_Y324H,111.5039583269999
Estimated_sequence_from_DMS_Y324I,111.5006024889999
Estimated_sequence_from_DMS_Y324K,111.5067682059999
Estimated_sequence_from_DMS_Y324L,111.50268768799991
Estimated_sequence_from_DMS_Y324M,111.4989180619999
Estimated_sequence_from_DMS_Y324N,111.5196485999999
Estimated_sequence_from_DMS_Y324P,111.5336645549999
Estimated_sequence_from_DMS_Y324Q,111.5022090049999
Estimated_sequence_from_DMS_Y324R,111.5079513379999
Estimated_sequence_from_DMS_Y324S,111.49690071899991
Estimated_sequence_from_DMS_Y324T,111.5077849669999
Estimated_sequence_from_DMS_Y324V,111.50226122399991
Estimated_sequence_from_DMS_Y324W,111.5139833819999
Estimated_sequence_from_DMS_V325A,111.4930994979999
Estimated_sequence_from_DMS_V325C,111.4789354569999
Estimated_sequence_from_DMS_V325D,111.4796825769999
Estimated_sequence_from_DMS_V325E,111.4787390159999
Estimated_sequence_from_DMS_V325F,111.49063979099991
Estimated_sequence_from_DMS_V325G,111.4758544739999
Estimated_sequence_from_DMS_V325H,111.48036659499991
Estimated_sequence_from_DMS_V325I,111.6833441169999
Estimated_sequence_from_DMS_V325K,111.4800015349999
Estimated_sequence_from_DMS_V325L,111.49572678299991
Estimated_sequence_from_DMS_V325M,111.4820378419999
Estimated_sequence_from_DMS_V325N,111.46680071199991
Estimated_sequence_from_DMS_V325P,111.4776705049999
Estimated_sequence_from_DMS_V325Q,111.47384018699991
Estimated_sequence_from_DMS_V325R,111.4787846019999
Estimated_sequence_from_DMS_V325S,111.48250652199991
Estimated_sequence_from_DMS_V325T,111.4837733059999
Estimated_sequence_from_DMS_V325W,111.4794236149999
Estimated_sequence_from_DMS_V325Y,111.4884028159999
Estimated_sequence_from_DMS_K326A,111.6854703299999
Estimated_sequence_from_DMS_K326C,111.6840274549999
Estimated_sequence_from_DMS_K326D,111.66950006499991
Estimated_sequence_from_DMS_K326E,111.6894236599999
Estimated_sequence_from_DMS_K326F,111.68767183599991
Estimated_sequence_from_DMS_K326G,111.6716422669999
Estimated_sequence_from_DMS_K326H,111.7399135199999
Estimated_sequence_from_DMS_K326I,111.7217794279999
Estimated_sequence_from_DMS_K326L,111.71423441499991
Estimated_sequence_from_DMS_K326M,111.7013930179999
Estimated_sequence_from_DMS_K326N,111.76563751499991
Estimated_sequence_from_DMS_K326P,111.6923699489999
Estimated_sequence_from_DMS_K326Q,111.7045874789999
Estimated_sequence_from_DMS_K326R,111.74091593599991
Estimated_sequence_from_DMS_K326S,111.6996050859999
Estimated_sequence_from_DMS_K326T,111.7619879989999
Estimated_sequence_from_DMS_K326V,111.73656069099991
Estimated_sequence_from_DMS_K326W,111.6835510709999
Estimated_sequence_from_DMS_K326Y,111.70266380699991
Estimated_sequence_from_DMS_Q327A,111.7246850769999
Estimated_sequence_from_DMS_Q327C,111.6654675269999
Estimated_sequence_from_DMS_Q327D,111.66261509899991
Estimated_sequence_from_DMS_Q327E,111.65500400599991
Estimated_sequence_from_DMS_Q327F,111.6949752949999
Estimated_sequence_from_DMS_Q327G,111.6548473899999
Estimated_sequence_from_DMS_Q327H,111.71461905299991
Estimated_sequence_from_DMS_Q327I,111.6847932389999
Estimated_sequence_from_DMS_Q327K,111.68618409399991
Estimated_sequence_from_DMS_Q327L,111.72833336399991
Estimated_sequence_from_DMS_Q327M,111.71695866599991
Estimated_sequence_from_DMS_Q327N,111.6568468689999
Estimated_sequence_from_DMS_Q327P,111.6607836519999
Estimated_sequence_from_DMS_Q327R,111.68279243499991
Estimated_sequence_from_DMS_Q327S,111.71840041699991
Estimated_sequence_from_DMS_Q327T,111.6870491299999
Estimated_sequence_from_DMS_Q327V,111.70313453999991
Estimated_sequence_from_DMS_Q327W,111.6916669439999
Estimated_sequence_from_DMS_Q327Y,111.6817580079999
Estimated_sequence_from_DMS_N328A,111.7632794059999
Estimated_sequence_from_DMS_N328C,111.7163568429999
Estimated_sequence_from_DMS_N328D,111.7540399839999
Estimated_sequence_from_DMS_N328E,111.7326216669999
Estimated_sequence_from_DMS_N328F,111.7092105699999
Estimated_sequence_from_DMS_N328G,111.7572653869999
Estimated_sequence_from_DMS_N328H,111.72604629599991
Estimated_sequence_from_DMS_N328I,111.71006892299991
Estimated_sequence_from_DMS_N328K,111.7649319829999
Estimated_sequence_from_DMS_N328L,111.7132294649999
Estimated_sequence_from_DMS_N328M,111.7393653399999
Estimated_sequence_from_DMS_N328P,111.76924284899991
Estimated_sequence_from_DMS_N328Q,111.7690225369999
Estimated_sequence_from_DMS_N328R,111.7699837599999
Estimated_sequence_from_DMS_N328S,111.77733327599991
Estimated_sequence_from_DMS_N328T,111.7352040209999
Estimated_sequence_from_DMS_N328V,111.7213158619999
Estimated_sequence_from_DMS_N328W,111.7178521309999
Estimated_sequence_from_DMS_N328Y,111.7292190669999
Estimated_sequence_from_DMS_T329A,111.5681593939999
Estimated_sequence_from_DMS_T329C,111.5638822529999
Estimated_sequence_from_DMS_T329D,111.56104775699991
Estimated_sequence_from_DMS_T329E,111.5620191599999
Estimated_sequence_from_DMS_T329F,111.57912111999991
Estimated_sequence_from_DMS_T329G,111.56589738699991
Estimated_sequence_from_DMS_T329H,111.68179358299992
Estimated_sequence_from_DMS_T329I,111.57006089199992
Estimated_sequence_from_DMS_T329K,111.5833456989999
Estimated_sequence_from_DMS_T329L,111.5554481889999
Estimated_sequence_from_DMS_T329M,111.5663143239999
Estimated_sequence_from_DMS_T329N,111.58499492999991
Estimated_sequence_from_DMS_T329P,111.55974389799991
Estimated_sequence_from_DMS_T329Q,111.59930279299991
Estimated_sequence_from_DMS_T329R,111.5591964629999
Estimated_sequence_from_DMS_T329S,111.7475368189999
Estimated_sequence_from_DMS_T329V,111.56423395299991
Estimated_sequence_from_DMS_T329W,111.56356354499991
Estimated_sequence_from_DMS_T329Y,111.5742653269999
Estimated_sequence_from_DMS_L330A,111.45050041599991
Estimated_sequence_from_DMS_L330C,111.44634890799992
Estimated_sequence_from_DMS_L330D,111.45153020399991
Estimated_sequence_from_DMS_L330E,111.44765133699991
Estimated_sequence_from_DMS_L330F,111.45376257399991
Estimated_sequence_from_DMS_L330G,111.44470523899992
Estimated_sequence_from_DMS_L330H,111.45062368799992
Estimated_sequence_from_DMS_L330I,111.59440268199991
Estimated_sequence_from_DMS_L330K,111.43843602899992
Estimated_sequence_from_DMS_L330M,111.48157394099992
Estimated_sequence_from_DMS_L330N,111.48165689599992
Estimated_sequence_from_DMS_L330P,111.44633619599992
Estimated_sequence_from_DMS_L330Q,111.46447657199991
Estimated_sequence_from_DMS_L330R,111.44970838899991
Estimated_sequence_from_DMS_L330S,111.45217740299992
Estimated_sequence_from_DMS_L330T,111.44040847999992
Estimated_sequence_from_DMS_L330V,111.46900965399992
Estimated_sequence_from_DMS_L330W,111.45032393799991
Estimated_sequence_from_DMS_L330Y,111.44991165999991
Estimated_sequence_from_DMS_K331A,111.6035454279999
Estimated_sequence_from_DMS_K331C,111.5991964999999
Estimated_sequence_from_DMS_K331D,111.58729466699991
Estimated_sequence_from_DMS_K331E,111.5835690829999
Estimated_sequence_from_DMS_K331F,111.5875010399999
Estimated_sequence_from_DMS_K331G,111.5926980959999
Estimated_sequence_from_DMS_K331H,111.5879501149999
Estimated_sequence_from_DMS_K331I,111.5942627989999
Estimated_sequence_from_DMS_K331L,111.7053808719999
Estimated_sequence_from_DMS_K331M,111.64926680499991
Estimated_sequence_from_DMS_K331N,111.59512256499991
Estimated_sequence_from_DMS_K331P,111.59810138499991
Estimated_sequence_from_DMS_K331Q,111.6370821089999
Estimated_sequence_from_DMS_K331R,111.6767028779999
Estimated_sequence_from_DMS_K331S,111.6037557139999
Estimated_sequence_from_DMS_K331T,111.60041422899991
Estimated_sequence_from_DMS_K331V,111.6028061399999
Estimated_sequence_from_DMS_K331W,111.58584926099991
Estimated_sequence_from_DMS_K331Y,111.6067301809999
Estimated_sequence_from_DMS_L332A,111.4525507159999
Estimated_sequence_from_DMS_L332C,111.4616159199999
Estimated_sequence_from_DMS_L332D,111.4726927909999
Estimated_sequence_from_DMS_L332E,111.4690911359999
Estimated_sequence_from_DMS_L332F,111.51758595799991
Estimated_sequence_from_DMS_L332G,111.4518882249999
Estimated_sequence_from_DMS_L332H,111.46161150099991
Estimated_sequence_from_DMS_L332I,111.48633610599991
Estimated_sequence_from_DMS_L332K,111.45691477699991
Estimated_sequence_from_DMS_L332M,111.4967904409999
Estimated_sequence_from_DMS_L332N,111.4570680069999
Estimated_sequence_from_DMS_L332P,111.4556105029999
Estimated_sequence_from_DMS_L332Q,111.4709114059999
Estimated_sequence_from_DMS_L332R,111.4595674749999
Estimated_sequence_from_DMS_L332S,111.4654507849999
Estimated_sequence_from_DMS_L332T,111.46134290099991
Estimated_sequence_from_DMS_L332V,111.4704861029999
Estimated_sequence_from_DMS_L332W,111.4915760029999
Estimated_sequence_from_DMS_L332Y,111.4778601519999
Estimated_sequence_from_DMS_A333C,111.45707139799991
Estimated_sequence_from_DMS_A333D,111.4491219809999
Estimated_sequence_from_DMS_A333E,111.46149707499991
Estimated_sequence_from_DMS_A333F,111.42983221599991
Estimated_sequence_from_DMS_A333G,111.43956522499991
Estimated_sequence_from_DMS_A333H,111.44985885299991
Estimated_sequence_from_DMS_A333I,111.43997286899992
Estimated_sequence_from_DMS_A333K,111.42656512199991
Estimated_sequence_from_DMS_A333L,111.4404815309999
Estimated_sequence_from_DMS_A333M,111.4376416269999
Estimated_sequence_from_DMS_A333N,111.4979661329999
Estimated_sequence_from_DMS_A333P,111.4332020929999
Estimated_sequence_from_DMS_A333Q,111.44871569799992
Estimated_sequence_from_DMS_A333R,111.43533340999991
Estimated_sequence_from_DMS_A333S,111.46053734199991
Estimated_sequence_from_DMS_A333T,111.42974421899991
Estimated_sequence_from_DMS_A333V,111.4559061069999
Estimated_sequence_from_DMS_A333W,111.44191648099991
Estimated_sequence_from_DMS_A333Y,111.43996470699992
Estimated_sequence_from_DMS_T334A,111.62424605199992
Estimated_sequence_from_DMS_T334C,111.62343743099991
Estimated_sequence_from_DMS_T334D,111.59532473499992
Estimated_sequence_from_DMS_T334E,111.59922641799992
Estimated_sequence_from_DMS_T334F,111.62949732399991
Estimated_sequence_from_DMS_T334G,111.59988708599991
Estimated_sequence_from_DMS_T334H,111.60389821499992
Estimated_sequence_from_DMS_T334I,111.64104954799991
Estimated_sequence_from_DMS_T334K,111.60250370099992
Estimated_sequence_from_DMS_T334L,111.70871131099992
Estimated_sequence_from_DMS_T334M,111.69078470199992
Estimated_sequence_from_DMS_T334N,111.61165618199992
Estimated_sequence_from_DMS_T334P,111.59461885999991
Estimated_sequence_from_DMS_T334Q,111.63365482699992
Estimated_sequence_from_DMS_T334R,111.6069522069999
Estimated_sequence_from_DMS_T334S,111.61138773099991
Estimated_sequence_from_DMS_T334V,111.68196642399991
Estimated_sequence_from_DMS_T334W,111.60893943099991
Estimated_sequence_from_DMS_T334Y,111.60903900199992
Estimated_sequence_from_DMS_G335A,111.39426844699992
Estimated_sequence_from_DMS_G335C,111.37500690199991
Estimated_sequence_from_DMS_G335D,111.39754289999992
Estimated_sequence_from_DMS_G335E,111.40662937099991
Estimated_sequence_from_DMS_G335F,111.38735013799992
Estimated_sequence_from_DMS_G335H,111.38503199199991
Estimated_sequence_from_DMS_G335I,111.39371581399992
Estimated_sequence_from_DMS_G335K,111.39302453999991
Estimated_sequence_from_DMS_G335L,111.37251089399992
Estimated_sequence_from_DMS_G335M,111.38618377299991
Estimated_sequence_from_DMS_G335N,111.39232735199991
Estimated_sequence_from_DMS_G335P,111.41634098099992
Estimated_sequence_from_DMS_G335Q,111.39402617999991
Estimated_sequence_from_DMS_G335R,111.39721893599992
Estimated_sequence_from_DMS_G335S,111.38941860599991
Estimated_sequence_from_DMS_G335T,111.38801624399991
Estimated_sequence_from_DMS_G335V,111.38502881299992
Estimated_sequence_from_DMS_G335W,111.41636320999991
Estimated_sequence_from_DMS_G335Y,111.38841217399991
Estimated_sequence_from_DMS_M336A,111.34240904999992
Estimated_sequence_from_DMS_M336C,111.33879616499992
Estimated_sequence_from_DMS_M336D,111.33671290799991
Estimated_sequence_from_DMS_M336E,111.32709946299991
Estimated_sequence_from_DMS_M336F,111.33341694099991
Estimated_sequence_from_DMS_M336G,111.32224628999991
Estimated_sequence_from_DMS_M336H,111.31982533999991
Estimated_sequence_from_DMS_M336I,111.33170919899992
Estimated_sequence_from_DMS_M336K,111.33231268499992
Estimated_sequence_from_DMS_M336L,111.35063148199991
Estimated_sequence_from_DMS_M336N,111.32596255899992
Estimated_sequence_from_DMS_M336P,111.32324365999992
Estimated_sequence_from_DMS_M336Q,111.35727433599992
Estimated_sequence_from_DMS_M336R,111.31474356899992
Estimated_sequence_from_DMS_M336S,111.33484948899991
Estimated_sequence_from_DMS_M336T,111.36406351499991
Estimated_sequence_from_DMS_M336V,111.35604003299991
Estimated_sequence_from_DMS_M336W,111.3331835239999
Estimated_sequence_from_DMS_M336Y,111.32372117499992
Estimated_sequence_from_DMS_R337A,111.50988556199991
Estimated_sequence_from_DMS_R337C,111.48247979699991
Estimated_sequence_from_DMS_R337D,111.5096016299999
Estimated_sequence_from_DMS_R337E,111.49611229699991
Estimated_sequence_from_DMS_R337F,111.51207901299992
Estimated_sequence_from_DMS_R337G,111.49961276699992
Estimated_sequence_from_DMS_R337H,111.50296007199991
Estimated_sequence_from_DMS_R337I,111.50838976499992
Estimated_sequence_from_DMS_R337K,111.58809509799991
Estimated_sequence_from_DMS_R337L,111.53710673899991
Estimated_sequence_from_DMS_R337M,111.49899263599991
Estimated_sequence_from_DMS_R337N,111.54948537799991
Estimated_sequence_from_DMS_R337P,111.49985226999992
Estimated_sequence_from_DMS_R337Q,111.49064343699992
Estimated_sequence_from_DMS_R337S,111.49380418199992
Estimated_sequence_from_DMS_R337T,111.49687013399992
Estimated_sequence_from_DMS_R337V,111.50149023699991
Estimated_sequence_from_DMS_R337W,111.49094508999991
Estimated_sequence_from_DMS_R337Y,111.50643936199991
Estimated_sequence_from_DMS_N338A,111.3453371259999
Estimated_sequence_from_DMS_N338C,111.3407575839999
Estimated_sequence_from_DMS_N338D,111.3648152449999
Estimated_sequence_from_DMS_N338E,111.3338364359999
Estimated_sequence_from_DMS_N338F,111.3386670949999
Estimated_sequence_from_DMS_N338G,111.3415516879999
Estimated_sequence_from_DMS_N338H,111.3492769479999
Estimated_sequence_from_DMS_N338I,111.3698827249999
Estimated_sequence_from_DMS_N338K,111.35045392799991
Estimated_sequence_from_DMS_N338L,111.34067906999991
Estimated_sequence_from_DMS_N338M,111.3521803079999
Estimated_sequence_from_DMS_N338P,111.3396781109999
Estimated_sequence_from_DMS_N338Q,111.3471550949999
Estimated_sequence_from_DMS_N338R,111.3359006839999
Estimated_sequence_from_DMS_N338S,111.3571213429999
Estimated_sequence_from_DMS_N338T,111.3260520819999
Estimated_sequence_from_DMS_N338V,111.3332322139999
Estimated_sequence_from_DMS_N338W,111.3459822239999
Estimated_sequence_from_DMS_N338Y,111.3324377619999
Estimated_sequence_from_DMS_V339A,111.71198585599991
Estimated_sequence_from_DMS_V339C,111.72924271499991
Estimated_sequence_from_DMS_V339D,111.70181053599991
Estimated_sequence_from_DMS_V339E,111.7062978359999
Estimated_sequence_from_DMS_V339F,111.73824307099991
Estimated_sequence_from_DMS_V339G,111.6937303059999
Estimated_sequence_from_DMS_V339H,111.75738177099991
Estimated_sequence_from_DMS_V339I,111.76507537099991
Estimated_sequence_from_DMS_V339K,111.76622042799991
Estimated_sequence_from_DMS_V339L,111.7610790649999
Estimated_sequence_from_DMS_V339M,111.75427648199991
Estimated_sequence_from_DMS_V339N,111.74760899599991
Estimated_sequence_from_DMS_V339P,111.69420235699991
Estimated_sequence_from_DMS_V339Q,111.72023318999992
Estimated_sequence_from_DMS_V339R,111.75457830599991
Estimated_sequence_from_DMS_V339S,111.74565984299991
Estimated_sequence_from_DMS_V339T,111.7467716629999
Estimated_sequence_from_DMS_V339W,111.7215760249999
Estimated_sequence_from_DMS_V339Y,111.72247245099992
Estimated_sequence_from_DMS_P340A,111.71245718299991
Estimated_sequence_from_DMS_P340C,111.69471443899991
Estimated_sequence_from_DMS_P340D,111.67079374799991
Estimated_sequence_from_DMS_P340E,111.67258300399992
Estimated_sequence_from_DMS_P340F,111.68598455099992
Estimated_sequence_from_DMS_P340G,111.70745509199992
Estimated_sequence_from_DMS_P340H,111.75632485399991
Estimated_sequence_from_DMS_P340I,111.68902838799991
Estimated_sequence_from_DMS_P340K,111.79959880699991
Estimated_sequence_from_DMS_P340L,111.70240224599992
Estimated_sequence_from_DMS_P340M,111.70891913399991
Estimated_sequence_from_DMS_P340N,111.71851342599992
Estimated_sequence_from_DMS_P340Q,111.73394813999991
Estimated_sequence_from_DMS_P340R,111.81115064099991
Estimated_sequence_from_DMS_P340S,111.69047943099991
Estimated_sequence_from_DMS_P340T,111.66884960699991
Estimated_sequence_from_DMS_P340V,111.69787060699991
Estimated_sequence_from_DMS_P340W,111.67467312999992
Estimated_sequence_from_DMS_P340Y,111.68808739799991
Estimated_sequence_from_DMS_E341A,111.67271130899991
Estimated_sequence_from_DMS_E341C,111.62706612899991
Estimated_sequence_from_DMS_E341D,111.69074988899992
Estimated_sequence_from_DMS_E341F,111.63352093499991
Estimated_sequence_from_DMS_E341G,111.67162798599992
Estimated_sequence_from_DMS_E341H,111.62942783599992
Estimated_sequence_from_DMS_E341I,111.63254951499991
Estimated_sequence_from_DMS_E341K,111.63804331399992
Estimated_sequence_from_DMS_E341L,111.62210377999992
Estimated_sequence_from_DMS_E341M,111.64863229299992
Estimated_sequence_from_DMS_E341N,111.63282106399991
Estimated_sequence_from_DMS_E341P,111.66451520299991
Estimated_sequence_from_DMS_E341Q,111.66587378099992
Estimated_sequence_from_DMS_E341R,111.63402701099992
Estimated_sequence_from_DMS_E341S,111.70757959699992
Estimated_sequence_from_DMS_E341T,111.66870429199992
Estimated_sequence_from_DMS_E341V,111.63455724999992
Estimated_sequence_from_DMS_E341W,111.63657744699991
Estimated_sequence_from_DMS_E341Y,111.64136111399992
Estimated_sequence_from_DMS_K342A,111.72617619599991
Estimated_sequence_from_DMS_K342C,111.70170999099992
Estimated_sequence_from_DMS_K342D,111.68106017799991
Estimated_sequence_from_DMS_K342E,111.70007390899991
Estimated_sequence_from_DMS_K342F,111.73617216799991
Estimated_sequence_from_DMS_K342G,111.68855394999991
Estimated_sequence_from_DMS_K342H,111.74045332799992
Estimated_sequence_from_DMS_K342I,111.73999553599991
Estimated_sequence_from_DMS_K342L,111.7624349009999
Estimated_sequence_from_DMS_K342M,111.72554356099991
Estimated_sequence_from_DMS_K342N,111.6971062849999
Estimated_sequence_from_DMS_K342P,111.7137927719999
Estimated_sequence_from_DMS_K342Q,111.74193309099991
Estimated_sequence_from_DMS_K342R,111.78051903399991
Estimated_sequence_from_DMS_K342S,111.71843455899992
Estimated_sequence_from_DMS_K342T,111.7361802419999
Estimated_sequence_from_DMS_K342V,111.7386145329999
Estimated_sequence_from_DMS_K342W,111.68622104399991
Estimated_sequence_from_DMS_K342Y,111.72112078899991
Estimated_sequence_from_DMS_Q343A,111.73038327499991
Estimated_sequence_from_DMS_Q343C,111.67370041699992
Estimated_sequence_from_DMS_Q343D,111.69864274799991
Estimated_sequence_from_DMS_Q343E,111.75674553199991
Estimated_sequence_from_DMS_Q343F,111.70444348099991
Estimated_sequence_from_DMS_Q343G,111.70040463099991
Estimated_sequence_from_DMS_Q343H,111.69272578899991
Estimated_sequence_from_DMS_Q343I,111.68447750999991
Estimated_sequence_from_DMS_Q343K,111.72102455999992
Estimated_sequence_from_DMS_Q343L,111.70057103399992
Estimated_sequence_from_DMS_Q343M,111.69900928399991
Estimated_sequence_from_DMS_Q343N,111.72844162299991
Estimated_sequence_from_DMS_Q343P,111.67950752999991
Estimated_sequence_from_DMS_Q343R,111.72162894499992
Estimated_sequence_from_DMS_Q343S,111.73862323899992
Estimated_sequence_from_DMS_Q343T,111.70827534399992
Estimated_sequence_from_DMS_Q343V,111.70560279599991
Estimated_sequence_from_DMS_Q343W,111.69877019299992
Estimated_sequence_from_DMS_Q343Y,111.67572007399991
Estimated_sequence_from_DMS_T344A,111.75575783899991
Estimated_sequence_from_DMS_T344C,111.73728796599991
Estimated_sequence_from_DMS_T344D,111.72864819599991
Estimated_sequence_from_DMS_T344E,111.71915963899991
Estimated_sequence_from_DMS_T344F,111.7518947649999
Estimated_sequence_from_DMS_T344G,111.72260201299991
Estimated_sequence_from_DMS_T344H,111.7140007909999
Estimated_sequence_from_DMS_T344I,111.6989606379999
Estimated_sequence_from_DMS_T344K,111.7128443049999
Estimated_sequence_from_DMS_T344L,111.7111629119999
Estimated_sequence_from_DMS_T344M,111.72768139299991
Estimated_sequence_from_DMS_T344N,111.71448268099991
Estimated_sequence_from_DMS_T344P,111.7410935229999
Estimated_sequence_from_DMS_T344Q,111.7584914129999
Estimated_sequence_from_DMS_T344R,111.69962074299991
Estimated_sequence_from_DMS_T344S,111.73560154099991
Estimated_sequence_from_DMS_T344V,111.75201831699991
Estimated_sequence_from_DMS_T344W,111.71024695699991
Estimated_sequence_from_DMS_T344Y,111.7409824349999
Estimated_sequence_from_DMS_R345A,111.4094223609999
Estimated_sequence_from_DMS_R345C,111.4243556939999
Estimated_sequence_from_DMS_R345D,111.40839846199991
Estimated_sequence_from_DMS_R345E,111.4221339109999
Estimated_sequence_from_DMS_R345F,111.40628454999991
Estimated_sequence_from_DMS_R345G,111.4174287889999
Estimated_sequence_from_DMS_R345H,111.4185844899999
Estimated_sequence_from_DMS_R345I,111.45586035799991
Estimated_sequence_from_DMS_R345K,111.56125433699991
Estimated_sequence_from_DMS_R345L,111.4095000299999
Estimated_sequence_from_DMS_R345M,111.42602685999991
Estimated_sequence_from_DMS_R345N,111.4112108999999
Estimated_sequence_from_DMS_R345P,111.41221148299991
Estimated_sequence_from_DMS_R345Q,111.4159153489999
Estimated_sequence_from_DMS_R345S,111.4023146049999
Estimated_sequence_from_DMS_R345T,111.4168042499999
Estimated_sequence_from_DMS_R345V,111.4115002919999
Estimated_sequence_from_DMS_R345W,111.41741043899991
Estimated_sequence_from_DMS_R345Y,111.40861322499991
Estimated_sequence_from_DMS_G346A,111.6000945369999
Estimated_sequence_from_DMS_G346C,111.5296574069999
Estimated_sequence_from_DMS_G346D,111.50985995499991
Estimated_sequence_from_DMS_G346E,111.50121555399991
Estimated_sequence_from_DMS_G346F,111.5241354069999
Estimated_sequence_from_DMS_G346H,111.50716448699991
Estimated_sequence_from_DMS_G346I,111.5122954169999
Estimated_sequence_from_DMS_G346K,111.50884281499991
Estimated_sequence_from_DMS_G346L,111.51326953599991
Estimated_sequence_from_DMS_G346M,111.51629178699991
Estimated_sequence_from_DMS_G346N,111.50960742899991
Estimated_sequence_from_DMS_G346P,111.50808134899991
Estimated_sequence_from_DMS_G346Q,111.5027676359999
Estimated_sequence_from_DMS_G346R,111.51609534499991
Estimated_sequence_from_DMS_G346S,111.51617830599992
Estimated_sequence_from_DMS_G346T,111.5224228869999
Estimated_sequence_from_DMS_G346V,111.50306197199991
Estimated_sequence_from_DMS_G346W,111.5522208279999
Estimated_sequence_from_DMS_G346Y,111.51043463199991
Estimated_sequence_from_DMS_I347A,111.70172356999991
Estimated_sequence_from_DMS_I347C,111.66983092999992
Estimated_sequence_from_DMS_I347D,111.6469367369999
Estimated_sequence_from_DMS_I347E,111.64949640699992
Estimated_sequence_from_DMS_I347F,111.73686122999992
Estimated_sequence_from_DMS_I347G,111.65376360699992
Estimated_sequence_from_DMS_I347H,111.65806580299991
Estimated_sequence_from_DMS_I347K,111.65608330799991
Estimated_sequence_from_DMS_I347L,111.69744197199991
Estimated_sequence_from_DMS_I347M,111.74558898599992
Estimated_sequence_from_DMS_I347N,111.6492078019999
Estimated_sequence_from_DMS_I347P,111.64999911599992
Estimated_sequence_from_DMS_I347Q,111.6394369149999
Estimated_sequence_from_DMS_I347R,111.65574709899991
Estimated_sequence_from_DMS_I347S,111.64184383899992
Estimated_sequence_from_DMS_I347T,111.65422168299992
Estimated_sequence_from_DMS_I347V,111.80535235999992
Estimated_sequence_from_DMS_I347W,111.65039974699991
Estimated_sequence_from_DMS_I347Y,111.6507106959999
Estimated_sequence_from_DMS_F348A,111.58187694299991
Estimated_sequence_from_DMS_F348C,111.58974712299991
Estimated_sequence_from_DMS_F348D,111.5703584929999
Estimated_sequence_from_DMS_F348E,111.5791412409999
Estimated_sequence_from_DMS_F348G,111.57840440799991
Estimated_sequence_from_DMS_F348H,111.5814522209999
Estimated_sequence_from_DMS_F348I,111.7455741329999
Estimated_sequence_from_DMS_F348K,111.57889488499991
Estimated_sequence_from_DMS_F348L,111.6916253009999
Estimated_sequence_from_DMS_F348M,111.6007683829999
Estimated_sequence_from_DMS_F348N,111.57914168799991
Estimated_sequence_from_DMS_F348P,111.56936722899991
Estimated_sequence_from_DMS_F348Q,111.57394273299991
Estimated_sequence_from_DMS_F348R,111.5665613429999
Estimated_sequence_from_DMS_F348S,111.58123047399991
Estimated_sequence_from_DMS_F348T,111.57752154099991
Estimated_sequence_from_DMS_F348V,111.61298257699991
Estimated_sequence_from_DMS_F348W,111.58596392799991
Estimated_sequence_from_DMS_F348Y,111.5940663019999
Estimated_sequence_from_DMS_G349A,111.72454411699992
Estimated_sequence_from_DMS_G349C,111.68780565399992
Estimated_sequence_from_DMS_G349D,111.65901895299992
Estimated_sequence_from_DMS_G349E,111.65484774799991
Estimated_sequence_from_DMS_G349F,111.64991587099992
Estimated_sequence_from_DMS_G349H,111.65680645399992
Estimated_sequence_from_DMS_G349I,111.65254991399992
Estimated_sequence_from_DMS_G349K,111.71192389399991
Estimated_sequence_from_DMS_G349L,111.69311584699992
Estimated_sequence_from_DMS_G349M,111.73017529299992
Estimated_sequence_from_DMS_G349N,111.66861356599992
Estimated_sequence_from_DMS_G349P,111.65069661099992
Estimated_sequence_from_DMS_G349Q,111.69052132399992
Estimated_sequence_from_DMS_G349R,111.71263849699992
Estimated_sequence_from_DMS_G349S,111.75155850699991
Estimated_sequence_from_DMS_G349T,111.70226849499991
Estimated_sequence_from_DMS_G349V,111.65948156999991
Estimated_sequence_from_DMS_G349W,111.67222020699991
Estimated_sequence_from_DMS_G349Y,111.65049844399992
Estimated_sequence_from_DMS_A350C,111.60919901299991
Estimated_sequence_from_DMS_A350D,111.57784379899991
Estimated_sequence_from_DMS_A350E,111.5801374169999
Estimated_sequence_from_DMS_A350F,111.57929368099991
Estimated_sequence_from_DMS_A350G,111.6101501449999
Estimated_sequence_from_DMS_A350H,111.5771151129999
Estimated_sequence_from_DMS_A350I,111.57902452099991
Estimated_sequence_from_DMS_A350K,111.5884541579999
Estimated_sequence_from_DMS_A350L,111.6498444779999
Estimated_sequence_from_DMS_A350M,111.6450988519999
Estimated_sequence_from_DMS_A350N,111.57151103399991
Estimated_sequence_from_DMS_A350P,111.57367987899991
Estimated_sequence_from_DMS_A350Q,111.59689820099992
Estimated_sequence_from_DMS_A350R,111.57529641099991
Estimated_sequence_from_DMS_A350S,111.67321152199992
Estimated_sequence_from_DMS_A350T,111.5770934299999
Estimated_sequence_from_DMS_A350V,111.5754305729999
Estimated_sequence_from_DMS_A350W,111.57406071399991
Estimated_sequence_from_DMS_A350Y,111.58557422399991
Estimated_sequence_from_DMS_I351A,111.6456436429999
Estimated_sequence_from_DMS_I351C,111.6303874589999
Estimated_sequence_from_DMS_I351D,111.61034949899991
Estimated_sequence_from_DMS_I351E,111.6104587729999
Estimated_sequence_from_DMS_I351F,111.6496970649999
Estimated_sequence_from_DMS_I351G,111.6203548939999
Estimated_sequence_from_DMS_I351H,111.6166743709999
Estimated_sequence_from_DMS_I351K,111.6108499719999
Estimated_sequence_from_DMS_I351L,111.70787324699991
Estimated_sequence_from_DMS_I351M,111.7894366239999
Estimated_sequence_from_DMS_I351N,111.6383432579999
Estimated_sequence_from_DMS_I351P,111.61297959799991
Estimated_sequence_from_DMS_I351Q,111.61304486199991
Estimated_sequence_from_DMS_I351R,111.6110530249999
Estimated_sequence_from_DMS_I351S,111.61878731599991
Estimated_sequence_from_DMS_I351T,111.62787109599991
Estimated_sequence_from_DMS_I351V,111.6845414499999
Estimated_sequence_from_DMS_I351W,111.6399728519999
Estimated_sequence_from_DMS_I351Y,111.6138312019999
Estimated_sequence_from_DMS_A352C,111.4624892909999
Estimated_sequence_from_DMS_A352D,111.4680832609999
Estimated_sequence_from_DMS_A352E,111.47056133799991
Estimated_sequence_from_DMS_A352F,111.4625192529999
Estimated_sequence_from_DMS_A352G,111.5092300849999
Estimated_sequence_from_DMS_A352H,111.4804551519999
Estimated_sequence_from_DMS_A352I,111.4574029939999
Estimated_sequence_from_DMS_A352K,111.4630061459999
Estimated_sequence_from_DMS_A352L,111.4519778439999
Estimated_sequence_from_DMS_A352M,111.4843722199999
Estimated_sequence_from_DMS_A352N,111.4764723859999
Estimated_sequence_from_DMS_A352P,111.4564339959999
Estimated_sequence_from_DMS_A352Q,111.4707308079999
Estimated_sequence_from_DMS_A352R,111.4649353289999
Estimated_sequence_from_DMS_A352S,111.53630541699991
Estimated_sequence_from_DMS_A352T,111.4665947689999
Estimated_sequence_from_DMS_A352V,111.4989067779999
Estimated_sequence_from_DMS_A352W,111.47478008199991
Estimated_sequence_from_DMS_A352Y,111.48646043799991
Estimated_sequence_from_DMS_G353A,111.44482032299992
Estimated_sequence_from_DMS_G353C,111.47198257499991
Estimated_sequence_from_DMS_G353D,111.45925934499991
Estimated_sequence_from_DMS_G353E,111.43956841799991
Estimated_sequence_from_DMS_G353F,111.4643992049999
Estimated_sequence_from_DMS_G353H,111.44822219999992
Estimated_sequence_from_DMS_G353I,111.44126076099991
Estimated_sequence_from_DMS_G353K,111.44175840199992
Estimated_sequence_from_DMS_G353L,111.47472849199991
Estimated_sequence_from_DMS_G353M,111.47300404699992
Estimated_sequence_from_DMS_G353N,111.44488514099992
Estimated_sequence_from_DMS_G353P,111.45599647399992
Estimated_sequence_from_DMS_G353Q,111.47625051499992
Estimated_sequence_from_DMS_G353R,111.44887147999991
Estimated_sequence_from_DMS_G353S,111.46151330199991
Estimated_sequence_from_DMS_G353T,111.43340199699992
Estimated_sequence_from_DMS_G353V,111.46168846499991
Estimated_sequence_from_DMS_G353W,111.46116670199991
Estimated_sequence_from_DMS_G353Y,111.46273050199991
Estimated_sequence_from_DMS_F354A,111.47863822499991
Estimated_sequence_from_DMS_F354C,111.47663658199991
Estimated_sequence_from_DMS_F354D,111.46523840599991
Estimated_sequence_from_DMS_F354E,111.4983401259999
Estimated_sequence_from_DMS_F354G,111.46586918699991
Estimated_sequence_from_DMS_F354H,111.4657245269999
Estimated_sequence_from_DMS_F354I,111.48737183699991
Estimated_sequence_from_DMS_F354K,111.4839956479999
Estimated_sequence_from_DMS_F354L,111.46681265399991
Estimated_sequence_from_DMS_F354M,111.4860761339999
Estimated_sequence_from_DMS_F354N,111.48337821299991
Estimated_sequence_from_DMS_F354P,111.47289233499991
Estimated_sequence_from_DMS_F354Q,111.46152671999991
Estimated_sequence_from_DMS_F354R,111.4538240639999
Estimated_sequence_from_DMS_F354S,111.4741543729999
Estimated_sequence_from_DMS_F354T,111.4612232499999
Estimated_sequence_from_DMS_F354V,111.48169670199991
Estimated_sequence_from_DMS_F354W,111.55908983499991
Estimated_sequence_from_DMS_F354Y,111.5040173869999
Estimated_sequence_from_DMS_I355A,111.54546030999991
Estimated_sequence_from_DMS_I355C,111.56575014599991
Estimated_sequence_from_DMS_I355D,111.52595017799992
Estimated_sequence_from_DMS_I355E,111.52349285799991
Estimated_sequence_from_DMS_I355F,111.55211776099992
Estimated_sequence_from_DMS_I355G,111.51870370399992
Estimated_sequence_from_DMS_I355H,111.52313645399991
Estimated_sequence_from_DMS_I355K,111.52174640199992
Estimated_sequence_from_DMS_I355L,111.65949129199991
Estimated_sequence_from_DMS_I355M,111.57858498999991
Estimated_sequence_from_DMS_I355N,111.54026443499991
Estimated_sequence_from_DMS_I355P,111.53340422799991
Estimated_sequence_from_DMS_I355Q,111.56093532299991
Estimated_sequence_from_DMS_I355R,111.52392652199991
Estimated_sequence_from_DMS_I355S,111.53351002899991
Estimated_sequence_from_DMS_I355T,111.53562162799992
Estimated_sequence_from_DMS_I355V,111.62310162799992
Estimated_sequence_from_DMS_I355W,111.51949451699991
Estimated_sequence_from_DMS_I355Y,111.5232676219999
Estimated_sequence_from_DMS_E356A,111.47846880599991
Estimated_sequence_from_DMS_E356C,111.4664627649999
Estimated_sequence_from_DMS_E356D,111.48563944399991
Estimated_sequence_from_DMS_E356F,111.48635650199991
Estimated_sequence_from_DMS_E356G,111.4714194629999
Estimated_sequence_from_DMS_E356H,111.49142788499991
Estimated_sequence_from_DMS_E356I,111.4998441939999
Estimated_sequence_from_DMS_E356K,111.4820106489999
Estimated_sequence_from_DMS_E356L,111.46600949899991
Estimated_sequence_from_DMS_E356M,111.4807708789999
Estimated_sequence_from_DMS_E356N,111.47109929499992
Estimated_sequence_from_DMS_E356P,111.48288052799991
Estimated_sequence_from_DMS_E356Q,111.48767734899991
Estimated_sequence_from_DMS_E356R,111.47331911899991
Estimated_sequence_from_DMS_E356S,111.46415963099992
Estimated_sequence_from_DMS_E356T,111.4717378909999
Estimated_sequence_from_DMS_E356V,111.47483416599991
Estimated_sequence_from_DMS_E356W,111.46183688099991
Estimated_sequence_from_DMS_E356Y,111.47877144199991
Estimated_sequence_from_DMS_N357A,111.52437050899991
Estimated_sequence_from_DMS_N357C,111.52031440599991
Estimated_sequence_from_DMS_N357D,111.5299303159999
Estimated_sequence_from_DMS_N357E,111.52614673399991
Estimated_sequence_from_DMS_N357F,111.57517810299991
Estimated_sequence_from_DMS_N357G,111.5190595759999
Estimated_sequence_from_DMS_N357H,111.6484610959999
Estimated_sequence_from_DMS_N357I,111.52956441499991
Estimated_sequence_from_DMS_N357K,111.53794202599991
Estimated_sequence_from_DMS_N357L,111.54692075899992
Estimated_sequence_from_DMS_N357M,111.53471994299991
Estimated_sequence_from_DMS_N357P,111.54773761299991
Estimated_sequence_from_DMS_N357Q,111.59032786399992
Estimated_sequence_from_DMS_N357R,111.51711524699991
Estimated_sequence_from_DMS_N357S,111.5901947369999
Estimated_sequence_from_DMS_N357T,111.5817223769999
Estimated_sequence_from_DMS_N357V,111.51815938999991
Estimated_sequence_from_DMS_N357W,111.52416468699991
Estimated_sequence_from_DMS_N357Y,111.6400542069999
Estimated_sequence_from_DMS_G358A,111.46147475599992
Estimated_sequence_from_DMS_G358C,111.47367799699991
Estimated_sequence_from_DMS_G358D,111.47266714099992
Estimated_sequence_from_DMS_G358E,111.4719793599999
Estimated_sequence_from_DMS_G358F,111.45880735699991
Estimated_sequence_from_DMS_G358H,111.48015441299991
Estimated_sequence_from_DMS_G358I,111.47274318799991
Estimated_sequence_from_DMS_G358K,111.4565442609999
Estimated_sequence_from_DMS_G358L,111.4533620289999
Estimated_sequence_from_DMS_G358M,111.45604976699991
Estimated_sequence_from_DMS_G358N,111.45566794699991
Estimated_sequence_from_DMS_G358P,111.4604411529999
Estimated_sequence_from_DMS_G358Q,111.47776502299992
Estimated_sequence_from_DMS_G358R,111.45022143899992
Estimated_sequence_from_DMS_G358S,111.47027662999992
Estimated_sequence_from_DMS_G358T,111.4772948259999
Estimated_sequence_from_DMS_G358V,111.45135908999991
Estimated_sequence_from_DMS_G358W,111.44034693999991
Estimated_sequence_from_DMS_G358Y,111.46335602899991
Estimated_sequence_from_DMS_W359A,111.42375521699991
Estimated_sequence_from_DMS_W359C,111.44637125899992
Estimated_sequence_from_DMS_W359D,111.44423745799992
Estimated_sequence_from_DMS_W359E,111.43118146199991
Estimated_sequence_from_DMS_W359F,111.43558525799992
Estimated_sequence_from_DMS_W359G,111.42486869199992
Estimated_sequence_from_DMS_W359H,111.42293875699991
Estimated_sequence_from_DMS_W359I,111.43860665999992
Estimated_sequence_from_DMS_W359K,111.42611201099992
Estimated_sequence_from_DMS_W359L,111.42753478999991
Estimated_sequence_from_DMS_W359M,111.43688125499992
Estimated_sequence_from_DMS_W359N,111.43360350099991
Estimated_sequence_from_DMS_W359P,111.42903854199992
Estimated_sequence_from_DMS_W359Q,111.45069402999991
Estimated_sequence_from_DMS_W359R,111.42586653399991
Estimated_sequence_from_DMS_W359S,111.42146721499991
Estimated_sequence_from_DMS_W359T,111.43097896399992
Estimated_sequence_from_DMS_W359V,111.4231329839999
Estimated_sequence_from_DMS_W359Y,111.45459841599991
Estimated_sequence_from_DMS_E360A,111.69817169099991
Estimated_sequence_from_DMS_E360C,111.71884571799991
Estimated_sequence_from_DMS_E360D,111.78571215799991
Estimated_sequence_from_DMS_E360F,111.71513685799991
Estimated_sequence_from_DMS_E360G,111.6867793099999
Estimated_sequence_from_DMS_E360H,111.6822229719999
Estimated_sequence_from_DMS_E360I,111.70253589899991
Estimated_sequence_from_DMS_E360K,111.68360682799991
Estimated_sequence_from_DMS_E360L,111.7262181689999
Estimated_sequence_from_DMS_E360M,111.74772122299991
Estimated_sequence_from_DMS_E360N,111.71900815799991
Estimated_sequence_from_DMS_E360P,111.6931145229999
Estimated_sequence_from_DMS_E360Q,111.7048118789999
Estimated_sequence_from_DMS_E360R,111.6778689309999
Estimated_sequence_from_DMS_E360S,111.72203809299991
Estimated_sequence_from_DMS_E360T,111.72564159499991
Estimated_sequence_from_DMS_E360V,111.71893029899991
Estimated_sequence_from_DMS_E360W,111.68934264299992
Estimated_sequence_from_DMS_E360Y,111.75244781899991
Estimated_sequence_from_DMS_G361A,111.6134801259999
Estimated_sequence_from_DMS_G361C,111.6804628319999
Estimated_sequence_from_DMS_G361D,111.5778491329999
Estimated_sequence_from_DMS_G361E,111.57334262199991
Estimated_sequence_from_DMS_G361F,111.56432577799991
Estimated_sequence_from_DMS_G361H,111.5785154669999
Estimated_sequence_from_DMS_G361I,111.5668209379999
Estimated_sequence_from_DMS_G361K,111.57439537499991
Estimated_sequence_from_DMS_G361L,111.57555816599991
Estimated_sequence_from_DMS_G361M,111.5960402609999
Estimated_sequence_from_DMS_G361N,111.57683137399991
Estimated_sequence_from_DMS_G361P,111.5743695239999
Estimated_sequence_from_DMS_G361Q,111.5820094809999
Estimated_sequence_from_DMS_G361R,111.57573884299991
Estimated_sequence_from_DMS_G361S,111.59915945299991
Estimated_sequence_from_DMS_G361T,111.5833987929999
Estimated_sequence_from_DMS_G361V,111.6175705119999
Estimated_sequence_from_DMS_G361W,111.56587038099991
Estimated_sequence_from_DMS_G361Y,111.57987550699991
Estimated_sequence_from_DMS_M362A,111.5255874309999
Estimated_sequence_from_DMS_M362C,111.5336759659999
Estimated_sequence_from_DMS_M362D,111.53390787499991
Estimated_sequence_from_DMS_M362E,111.5140677249999
Estimated_sequence_from_DMS_M362F,111.61553582899991
Estimated_sequence_from_DMS_M362G,111.50871801499991
Estimated_sequence_from_DMS_M362H,111.5287802319999
Estimated_sequence_from_DMS_M362I,111.54369225199991
Estimated_sequence_from_DMS_M362K,111.55496446099991
Estimated_sequence_from_DMS_M362L,111.72995864199991
Estimated_sequence_from_DMS_M362N,111.53020409799991
Estimated_sequence_from_DMS_M362P,111.52887805999991
Estimated_sequence_from_DMS_M362Q,111.5298317739999
Estimated_sequence_from_DMS_M362R,111.52212464299991
Estimated_sequence_from_DMS_M362S,111.55129994399991
Estimated_sequence_from_DMS_M362T,111.52885873099991
Estimated_sequence_from_DMS_M362V,111.52177727299991
Estimated_sequence_from_DMS_M362W,111.51317386899991
Estimated_sequence_from_DMS_M362Y,111.53435026699991
Estimated_sequence_from_DMS_V363A,111.78188590899991
Estimated_sequence_from_DMS_V363C,111.81109852399992
Estimated_sequence_from_DMS_V363D,111.7418786309999
Estimated_sequence_from_DMS_V363E,111.76269662299991
Estimated_sequence_from_DMS_V363F,111.81831853399991
Estimated_sequence_from_DMS_V363G,111.72818852899991
Estimated_sequence_from_DMS_V363H,111.76798415099991
Estimated_sequence_from_DMS_V363I,111.78648364399992
Estimated_sequence_from_DMS_V363K,111.78820906599991
Estimated_sequence_from_DMS_V363L,111.79659269899992
Estimated_sequence_from_DMS_V363M,111.80357568999992
Estimated_sequence_from_DMS_V363N,111.76244937399991
Estimated_sequence_from_DMS_V363P,111.73337491999992
Estimated_sequence_from_DMS_V363Q,111.79045287299991
Estimated_sequence_from_DMS_V363R,111.76533488199992
Estimated_sequence_from_DMS_V363S,111.77605853999991
Estimated_sequence_from_DMS_V363T,111.80124025999991
Estimated_sequence_from_DMS_V363W,111.73805528099992
Estimated_sequence_from_DMS_V363Y,111.8129327979999
Estimated_sequence_from_DMS_D364A,111.5053870549999
Estimated_sequence_from_DMS_D364C,111.5243171889999
Estimated_sequence_from_DMS_D364E,111.5671978489999
Estimated_sequence_from_DMS_D364F,111.5069233439999
Estimated_sequence_from_DMS_D364G,111.4925121969999
Estimated_sequence_from_DMS_D364H,111.5443385409999
Estimated_sequence_from_DMS_D364I,111.5171721759999
Estimated_sequence_from_DMS_D364K,111.5025181749999
Estimated_sequence_from_DMS_D364L,111.50086171399991
Estimated_sequence_from_DMS_D364M,111.5054613989999
Estimated_sequence_from_DMS_D364N,111.5606916979999
Estimated_sequence_from_DMS_D364P,111.52232732199991
Estimated_sequence_from_DMS_D364Q,111.5115670859999
Estimated_sequence_from_DMS_D364R,111.4990972749999
Estimated_sequence_from_DMS_D364S,111.5294512329999
Estimated_sequence_from_DMS_D364T,111.55283120199991
Estimated_sequence_from_DMS_D364V,111.5218799499999
Estimated_sequence_from_DMS_D364W,111.4949177579999
Estimated_sequence_from_DMS_D364Y,111.5124404829999
Estimated_sequence_from_DMS_G365A,111.42504460099991
Estimated_sequence_from_DMS_G365C,111.42234279699991
Estimated_sequence_from_DMS_G365D,111.4314400929999
Estimated_sequence_from_DMS_G365E,111.38926105599991
Estimated_sequence_from_DMS_G365F,111.3952664019999
Estimated_sequence_from_DMS_G365H,111.39780767599991
Estimated_sequence_from_DMS_G365I,111.3864337489999
Estimated_sequence_from_DMS_G365K,111.38678989899991
Estimated_sequence_from_DMS_G365L,111.42417437999991
Estimated_sequence_from_DMS_G365M,111.41495698799991
Estimated_sequence_from_DMS_G365N,111.3885248839999
Estimated_sequence_from_DMS_G365P,111.4036000059999
Estimated_sequence_from_DMS_G365Q,111.38939127499991
Estimated_sequence_from_DMS_G365R,111.3957928459999
Estimated_sequence_from_DMS_G365S,111.4001856009999
Estimated_sequence_from_DMS_G365T,111.39589222499991
Estimated_sequence_from_DMS_G365V,111.4163964959999
Estimated_sequence_from_DMS_G365W,111.40659252599991
Estimated_sequence_from_DMS_G365Y,111.39842606699992
Estimated_sequence_from_DMS_W366A,111.3595612549999
Estimated_sequence_from_DMS_W366C,111.3996523479999
Estimated_sequence_from_DMS_W366D,111.3892530959999
Estimated_sequence_from_DMS_W366E,111.3745066739999
Estimated_sequence_from_DMS_W366F,111.3730699589999
Estimated_sequence_from_DMS_W366G,111.3581568539999
Estimated_sequence_from_DMS_W366H,111.37410077699991
Estimated_sequence_from_DMS_W366I,111.3708681179999
Estimated_sequence_from_DMS_W366K,111.37087047599991
Estimated_sequence_from_DMS_W366L,111.37360184099991
Estimated_sequence_from_DMS_W366M,111.3867790509999
Estimated_sequence_from_DMS_W366N,111.39151026899991
Estimated_sequence_from_DMS_W366P,111.3755615199999
Estimated_sequence_from_DMS_W366Q,111.3775253539999
Estimated_sequence_from_DMS_W366R,111.36166017799991
Estimated_sequence_from_DMS_W366S,111.3830951299999
Estimated_sequence_from_DMS_W366T,111.3702685319999
Estimated_sequence_from_DMS_W366V,111.3553299039999
Estimated_sequence_from_DMS_W366Y,111.37163760999991
Estimated_sequence_from_DMS_Y367A,111.3728011309999
Estimated_sequence_from_DMS_Y367C,111.3958192039999
Estimated_sequence_from_DMS_Y367D,111.38124740799991
Estimated_sequence_from_DMS_Y367E,111.3666956639999
Estimated_sequence_from_DMS_Y367F,111.49356192899991
Estimated_sequence_from_DMS_Y367G,111.36218886999991
Estimated_sequence_from_DMS_Y367H,111.40105358699991
Estimated_sequence_from_DMS_Y367I,111.39026526399991
Estimated_sequence_from_DMS_Y367K,111.37935348899991
Estimated_sequence_from_DMS_Y367L,111.4140859459999
Estimated_sequence_from_DMS_Y367M,111.37669507399991
Estimated_sequence_from_DMS_Y367N,111.3779274889999
Estimated_sequence_from_DMS_Y367P,111.3728702729999
Estimated_sequence_from_DMS_Y367Q,111.3939806299999
Estimated_sequence_from_DMS_Y367R,111.3770988739999
Estimated_sequence_from_DMS_Y367S,111.37831646099991
Estimated_sequence_from_DMS_Y367T,111.4046995459999
Estimated_sequence_from_DMS_Y367V,111.3739278029999
Estimated_sequence_from_DMS_Y367W,111.37137878299991
Estimated_sequence_from_DMS_G368A,111.4872828439999
Estimated_sequence_from_DMS_G368C,111.4688271509999
Estimated_sequence_from_DMS_G368D,111.4528973549999
Estimated_sequence_from_DMS_G368E,111.47314572899991
Estimated_sequence_from_DMS_G368F,111.49851372499991
Estimated_sequence_from_DMS_G368H,111.4423854609999
Estimated_sequence_from_DMS_G368I,111.44436573599991
Estimated_sequence_from_DMS_G368K,111.4600553529999
Estimated_sequence_from_DMS_G368L,111.4538942689999
Estimated_sequence_from_DMS_G368M,111.4359649359999
Estimated_sequence_from_DMS_G368N,111.45822424799991
Estimated_sequence_from_DMS_G368P,111.43993789299991
Estimated_sequence_from_DMS_G368Q,111.46271878899991
Estimated_sequence_from_DMS_G368R,111.4569729319999
Estimated_sequence_from_DMS_G368S,111.45973017999991
Estimated_sequence_from_DMS_G368T,111.4329285859999
Estimated_sequence_from_DMS_G368V,111.43943573999991
Estimated_sequence_from_DMS_G368W,111.4547682529999
Estimated_sequence_from_DMS_G368Y,111.47639876399991
Estimated_sequence_from_DMS_F369A,111.53064527799991
Estimated_sequence_from_DMS_F369C,111.53137011799991
Estimated_sequence_from_DMS_F369D,111.52653777899991
Estimated_sequence_from_DMS_F369E,111.5292539719999
Estimated_sequence_from_DMS_F369G,111.52137306199991
Estimated_sequence_from_DMS_F369H,111.53970490999991
Estimated_sequence_from_DMS_F369I,111.53518855999991
Estimated_sequence_from_DMS_F369K,111.5238701949999
Estimated_sequence_from_DMS_F369L,111.5360594679999
Estimated_sequence_from_DMS_F369M,111.5335800519999
Estimated_sequence_from_DMS_F369N,111.5274538239999
Estimated_sequence_from_DMS_F369P,111.5299236229999
Estimated_sequence_from_DMS_F369Q,111.5309805399999
Estimated_sequence_from_DMS_F369R,111.52719034999991
Estimated_sequence_from_DMS_F369S,111.5998507549999
Estimated_sequence_from_DMS_F369T,111.53858503899991
Estimated_sequence_from_DMS_F369V,111.5410512799999
Estimated_sequence_from_DMS_F369W,111.68096803299991
Estimated_sequence_from_DMS_F369Y,111.70726716699991
Estimated_sequence_from_DMS_R370A,111.6127709359999
Estimated_sequence_from_DMS_R370C,111.6161610029999
Estimated_sequence_from_DMS_R370D,111.59242628299991
Estimated_sequence_from_DMS_R370E,111.6080901759999
Estimated_sequence_from_DMS_R370F,111.5970461849999
Estimated_sequence_from_DMS_R370G,111.58504480899991
Estimated_sequence_from_DMS_R370H,111.5869777819999
Estimated_sequence_from_DMS_R370I,111.6271060309999
Estimated_sequence_from_DMS_R370K,111.6556085519999
Estimated_sequence_from_DMS_R370L,111.6163721379999
Estimated_sequence_from_DMS_R370M,111.6655060699999
Estimated_sequence_from_DMS_R370N,111.6067666589999
Estimated_sequence_from_DMS_R370P,111.59023190099991
Estimated_sequence_from_DMS_R370Q,111.6981037029999
Estimated_sequence_from_DMS_R370S,111.60629846899991
Estimated_sequence_from_DMS_R370T,111.60183596199991
Estimated_sequence_from_DMS_R370V,111.6131320729999
Estimated_sequence_from_DMS_R370W,111.62094076699991
Estimated_sequence_from_DMS_R370Y,111.64423712599991
Estimated_sequence_from_DMS_H371A,111.4683573109999
Estimated_sequence_from_DMS_H371C,111.48319422199991
Estimated_sequence_from_DMS_H371D,111.4801852479999
Estimated_sequence_from_DMS_H371E,111.47344582399991
Estimated_sequence_from_DMS_H371F,111.5687420129999
Estimated_sequence_from_DMS_H371G,111.4653507399999
Estimated_sequence_from_DMS_H371I,111.5109532299999
Estimated_sequence_from_DMS_H371K,111.4697328059999
Estimated_sequence_from_DMS_H371L,111.48190084399991
Estimated_sequence_from_DMS_H371M,111.4955608099999
Estimated_sequence_from_DMS_H371N,111.4939673399999
Estimated_sequence_from_DMS_H371P,111.47008495999991
Estimated_sequence_from_DMS_H371Q,111.4938225179999
Estimated_sequence_from_DMS_H371R,111.4710616079999
Estimated_sequence_from_DMS_H371S,111.49358782199991
Estimated_sequence_from_DMS_H371T,111.4711625389999
Estimated_sequence_from_DMS_H371V,111.4940345799999
Estimated_sequence_from_DMS_H371W,111.47728250199991
Estimated_sequence_from_DMS_H371Y,111.5465707689999
Estimated_sequence_from_DMS_Q372A,111.77024887099991
Estimated_sequence_from_DMS_Q372C,111.7492847469999
Estimated_sequence_from_DMS_Q372D,111.75021360899991
Estimated_sequence_from_DMS_Q372E,111.82176845399991
Estimated_sequence_from_DMS_Q372F,111.7730358869999
Estimated_sequence_from_DMS_Q372G,111.72412544199992
Estimated_sequence_from_DMS_Q372H,111.76536630099991
Estimated_sequence_from_DMS_Q372I,111.77568671399992
Estimated_sequence_from_DMS_Q372K,111.74945478499991
Estimated_sequence_from_DMS_Q372L,111.79097408899992
Estimated_sequence_from_DMS_Q372M,111.77674992599991
Estimated_sequence_from_DMS_Q372N,111.71845542799991
Estimated_sequence_from_DMS_Q372P,111.7177831939999
Estimated_sequence_from_DMS_Q372R,111.73813394699991
Estimated_sequence_from_DMS_Q372S,111.76012886899991
Estimated_sequence_from_DMS_Q372T,111.7703731399999
Estimated_sequence_from_DMS_Q372V,111.76784496999991
Estimated_sequence_from_DMS_Q372W,111.81356906199991
Estimated_sequence_from_DMS_Q372Y,111.78676106699992
Estimated_sequence_from_DMS_N373A,111.4027571399999
Estimated_sequence_from_DMS_N373C,111.44322341799992
Estimated_sequence_from_DMS_N373D,111.41057256899991
Estimated_sequence_from_DMS_N373E,111.39876388999991
Estimated_sequence_from_DMS_N373F,111.41774216899991
Estimated_sequence_from_DMS_N373G,111.42025034699991
Estimated_sequence_from_DMS_N373H,111.4112133129999
Estimated_sequence_from_DMS_N373I,111.39945001699991
Estimated_sequence_from_DMS_N373K,111.42521387899991
Estimated_sequence_from_DMS_N373L,111.41020509899991
Estimated_sequence_from_DMS_N373M,111.40774830199992
Estimated_sequence_from_DMS_N373P,111.40426124099992
Estimated_sequence_from_DMS_N373Q,111.4137396409999
Estimated_sequence_from_DMS_N373R,111.39510391799992
Estimated_sequence_from_DMS_N373S,111.41486317599991
Estimated_sequence_from_DMS_N373T,111.4172490369999
Estimated_sequence_from_DMS_N373V,111.39977617399991
Estimated_sequence_from_DMS_N373W,111.40267196399991
Estimated_sequence_from_DMS_N373Y,111.42561568999992
Estimated_sequence_from_DMS_S374A,111.7855497709999
Estimated_sequence_from_DMS_S374C,111.7667477609999
Estimated_sequence_from_DMS_S374D,111.7623540239999
Estimated_sequence_from_DMS_S374E,111.77107968799992
Estimated_sequence_from_DMS_S374F,111.7723508959999
Estimated_sequence_from_DMS_S374G,111.78171243099992
Estimated_sequence_from_DMS_S374H,111.76840581299992
Estimated_sequence_from_DMS_S374I,111.7619544849999
Estimated_sequence_from_DMS_S374K,111.7269081669999
Estimated_sequence_from_DMS_S374L,111.78310059499991
Estimated_sequence_from_DMS_S374M,111.77745237099991
Estimated_sequence_from_DMS_S374N,111.77698779599991
Estimated_sequence_from_DMS_S374P,111.74193449699992
Estimated_sequence_from_DMS_S374Q,111.76678225299992
Estimated_sequence_from_DMS_S374R,111.72845773899991
Estimated_sequence_from_DMS_S374T,111.75717179799992
Estimated_sequence_from_DMS_S374V,111.77420738799991
Estimated_sequence_from_DMS_S374W,111.74322894199992
Estimated_sequence_from_DMS_S374Y,111.8129670129999
Estimated_sequence_from_DMS_E375A,111.5831070439999
Estimated_sequence_from_DMS_E375C,111.5784462909999
Estimated_sequence_from_DMS_E375D,111.72710989099991
Estimated_sequence_from_DMS_E375F,111.61195719799991
Estimated_sequence_from_DMS_E375G,111.5747996299999
Estimated_sequence_from_DMS_E375H,111.5877924009999
Estimated_sequence_from_DMS_E375I,111.57775169599991
Estimated_sequence_from_DMS_E375K,111.5718988399999
Estimated_sequence_from_DMS_E375L,111.5883591619999
Estimated_sequence_from_DMS_E375M,111.61993906899991
Estimated_sequence_from_DMS_E375N,111.5929085879999
Estimated_sequence_from_DMS_E375P,111.5672115479999
Estimated_sequence_from_DMS_E375Q,111.6942568569999
Estimated_sequence_from_DMS_E375R,111.58074095099991
Estimated_sequence_from_DMS_E375S,111.56597043899991
Estimated_sequence_from_DMS_E375T,111.56630607399991
Estimated_sequence_from_DMS_E375V,111.5837840449999
Estimated_sequence_from_DMS_E375W,111.5999205609999
Estimated_sequence_from_DMS_E375Y,111.5973612409999
Estimated_sequence_from_DMS_G376A,111.38663128899991
Estimated_sequence_from_DMS_G376C,111.3867528719999
Estimated_sequence_from_DMS_G376D,111.4072029479999
Estimated_sequence_from_DMS_G376E,111.40007520499991
Estimated_sequence_from_DMS_G376F,111.4112675359999
Estimated_sequence_from_DMS_G376H,111.3900560349999
Estimated_sequence_from_DMS_G376I,111.3829231029999
Estimated_sequence_from_DMS_G376K,111.3819587819999
Estimated_sequence_from_DMS_G376L,111.3980941139999
Estimated_sequence_from_DMS_G376M,111.3886417539999
Estimated_sequence_from_DMS_G376N,111.40058422999991
Estimated_sequence_from_DMS_G376P,111.3852171849999
Estimated_sequence_from_DMS_G376Q,111.3999280999999
Estimated_sequence_from_DMS_G376R,111.4645314049999
Estimated_sequence_from_DMS_G376S,111.3907148419999
Estimated_sequence_from_DMS_G376T,111.3986412339999
Estimated_sequence_from_DMS_G376V,111.3877407129999
Estimated_sequence_from_DMS_G376W,111.39956394399991
Estimated_sequence_from_DMS_G376Y,111.38634501599991
Estimated_sequence_from_DMS_R377A,111.77307600899991
Estimated_sequence_from_DMS_R377C,111.72752699199991
Estimated_sequence_from_DMS_R377D,111.74249970699991
Estimated_sequence_from_DMS_R377E,111.75237924299991
Estimated_sequence_from_DMS_R377F,111.78967864899991
Estimated_sequence_from_DMS_R377G,111.75107637399991
Estimated_sequence_from_DMS_R377H,111.7739595699999
Estimated_sequence_from_DMS_R377I,111.79145585199991
Estimated_sequence_from_DMS_R377K,111.76970773799991
Estimated_sequence_from_DMS_R377L,111.7762279799999
Estimated_sequence_from_DMS_R377M,111.7675557009999
Estimated_sequence_from_DMS_R377N,111.7569520529999
Estimated_sequence_from_DMS_R377P,111.7338122859999
Estimated_sequence_from_DMS_R377Q,111.77693147899991
Estimated_sequence_from_DMS_R377S,111.8101324979999
Estimated_sequence_from_DMS_R377T,111.7837384979999
Estimated_sequence_from_DMS_R377V,111.78095205499991
Estimated_sequence_from_DMS_R377W,111.77941541299991
Estimated_sequence_from_DMS_R377Y,111.78486804799991
Estimated_sequence_from_DMS_G378A,111.41048703999991
Estimated_sequence_from_DMS_G378C,111.40308838599991
Estimated_sequence_from_DMS_G378D,111.39649232899991
Estimated_sequence_from_DMS_G378E,111.40675039599991
Estimated_sequence_from_DMS_G378F,111.4166343049999
Estimated_sequence_from_DMS_G378H,111.4145284919999
Estimated_sequence_from_DMS_G378I,111.40179451999991
Estimated_sequence_from_DMS_G378K,111.3982551949999
Estimated_sequence_from_DMS_G378L,111.42025835799991
Estimated_sequence_from_DMS_G378M,111.41545247899991
Estimated_sequence_from_DMS_G378N,111.40443994999991
Estimated_sequence_from_DMS_G378P,111.4121059279999
Estimated_sequence_from_DMS_G378Q,111.41889739399991
Estimated_sequence_from_DMS_G378R,111.4161766399999
Estimated_sequence_from_DMS_G378S,111.41016673199991
Estimated_sequence_from_DMS_G378T,111.40161362199991
Estimated_sequence_from_DMS_G378V,111.43827161999991
Estimated_sequence_from_DMS_G378W,111.4286661309999
Estimated_sequence_from_DMS_G378Y,111.4244560499999
Estimated_sequence_from_DMS_Q379A,111.6599966309999
Estimated_sequence_from_DMS_Q379C,111.6479131129999
Estimated_sequence_from_DMS_Q379D,111.6602441269999
Estimated_sequence_from_DMS_Q379E,111.7514851559999
Estimated_sequence_from_DMS_Q379F,111.68970305099991
Estimated_sequence_from_DMS_Q379G,111.6446669279999
Estimated_sequence_from_DMS_Q379H,111.66967871699991
Estimated_sequence_from_DMS_Q379I,111.66720880299991
Estimated_sequence_from_DMS_Q379K,111.6515755459999
Estimated_sequence_from_DMS_Q379L,111.6556920519999
Estimated_sequence_from_DMS_Q379M,111.7583090649999
Estimated_sequence_from_DMS_Q379N,111.6397773059999
Estimated_sequence_from_DMS_Q379P,111.6348379949999
Estimated_sequence_from_DMS_Q379R,111.6382953649999
Estimated_sequence_from_DMS_Q379S,111.67290097999991
Estimated_sequence_from_DMS_Q379T,111.7394546849999
Estimated_sequence_from_DMS_Q379V,111.6460510269999
Estimated_sequence_from_DMS_Q379W,111.65779892899991
Estimated_sequence_from_DMS_Q379Y,111.7030968719999
Estimated_sequence_from_DMS_A380C,111.5924563999999
Estimated_sequence_from_DMS_A380D,111.5979420179999
Estimated_sequence_from_DMS_A380E,111.58177281499991
Estimated_sequence_from_DMS_A380F,111.5749490239999
Estimated_sequence_from_DMS_A380G,111.5587477879999
Estimated_sequence_from_DMS_A380H,111.5645646439999
Estimated_sequence_from_DMS_A380I,111.5641049119999
Estimated_sequence_from_DMS_A380K,111.5575795179999
Estimated_sequence_from_DMS_A380L,111.5753884259999
Estimated_sequence_from_DMS_A380M,111.5615114779999
Estimated_sequence_from_DMS_A380N,111.5571419449999
Estimated_sequence_from_DMS_A380P,111.55560140999991
Estimated_sequence_from_DMS_A380Q,111.5590326499999
Estimated_sequence_from_DMS_A380R,111.5687896789999
Estimated_sequence_from_DMS_A380S,111.6439745009999
Estimated_sequence_from_DMS_A380T,111.5985430499999
Estimated_sequence_from_DMS_A380V,111.6930397599999
Estimated_sequence_from_DMS_A380W,111.5674878549999
Estimated_sequence_from_DMS_A380Y,111.55730335299991
Estimated_sequence_from_DMS_A381C,111.5432109189999
Estimated_sequence_from_DMS_A381D,111.5160959099999
Estimated_sequence_from_DMS_A381E,111.5331537519999
Estimated_sequence_from_DMS_A381F,111.5223800719999
Estimated_sequence_from_DMS_A381G,111.5335853049999
Estimated_sequence_from_DMS_A381H,111.5326537589999
Estimated_sequence_from_DMS_A381I,111.52328162099991
Estimated_sequence_from_DMS_A381K,111.5228194069999
Estimated_sequence_from_DMS_A381L,111.52365943799991
Estimated_sequence_from_DMS_A381M,111.52673671799991
Estimated_sequence_from_DMS_A381N,111.52398857699991
Estimated_sequence_from_DMS_A381P,111.5651319129999
Estimated_sequence_from_DMS_A381Q,111.65482964499991
Estimated_sequence_from_DMS_A381R,111.5121064449999
Estimated_sequence_from_DMS_A381S,111.60461353399991
Estimated_sequence_from_DMS_A381T,111.5302553719999
Estimated_sequence_from_DMS_A381V,111.5242051709999
Estimated_sequence_from_DMS_A381W,111.5121955999999
Estimated_sequence_from_DMS_A381Y,111.54060040599991
Estimated_sequence_from_DMS_D382A,111.50384337399991
Estimated_sequence_from_DMS_D382C,111.49858244199991
Estimated_sequence_from_DMS_D382E,111.5346960839999
Estimated_sequence_from_DMS_D382F,111.45532924499992
Estimated_sequence_from_DMS_D382G,111.46428051499991
Estimated_sequence_from_DMS_D382H,111.4878093529999
Estimated_sequence_from_DMS_D382I,111.4772355809999
Estimated_sequence_from_DMS_D382K,111.47127290699991
Estimated_sequence_from_DMS_D382L,111.4630623859999
Estimated_sequence_from_DMS_D382M,111.46255468299991
Estimated_sequence_from_DMS_D382N,111.49080794699991
Estimated_sequence_from_DMS_D382P,111.45799567199991
Estimated_sequence_from_DMS_D382Q,111.48104621199991
Estimated_sequence_from_DMS_D382R,111.46604124799991
Estimated_sequence_from_DMS_D382S,111.5190135169999
Estimated_sequence_from_DMS_D382T,111.46209503999991
Estimated_sequence_from_DMS_D382V,111.5094958719999
Estimated_sequence_from_DMS_D382W,111.4621667099999
Estimated_sequence_from_DMS_D382Y,111.46683501699991
Estimated_sequence_from_DMS_L383A,111.7730272649999
Estimated_sequence_from_DMS_L383C,111.71789754699991
Estimated_sequence_from_DMS_L383D,111.7128704729999
Estimated_sequence_from_DMS_L383E,111.7472153629999
Estimated_sequence_from_DMS_L383F,111.7444170369999
Estimated_sequence_from_DMS_L383G,111.71337111699991
Estimated_sequence_from_DMS_L383H,111.7601860879999
Estimated_sequence_from_DMS_L383I,111.7651395019999
Estimated_sequence_from_DMS_L383K,111.76443926499991
Estimated_sequence_from_DMS_L383M,111.7874052219999
Estimated_sequence_from_DMS_L383N,111.7139339929999
Estimated_sequence_from_DMS_L383P,111.71354252499991
Estimated_sequence_from_DMS_L383Q,111.8002119149999
Estimated_sequence_from_DMS_L383R,111.7811985419999
Estimated_sequence_from_DMS_L383S,111.7297811119999
Estimated_sequence_from_DMS_L383T,111.7270084459999
Estimated_sequence_from_DMS_L383V,111.7767519179999
Estimated_sequence_from_DMS_L383W,111.7894061459999
Estimated_sequence_from_DMS_L383Y,111.7619314679999
Estimated_sequence_from_DMS_K384A,111.77547985699991
Estimated_sequence_from_DMS_K384C,111.74247828199991
Estimated_sequence_from_DMS_K384D,111.77875366099991
Estimated_sequence_from_DMS_K384E,111.78041820299991
Estimated_sequence_from_DMS_K384F,111.76010577799991
Estimated_sequence_from_DMS_K384G,111.78091835599992
Estimated_sequence_from_DMS_K384H,111.76628470699991
Estimated_sequence_from_DMS_K384I,111.76246914999992
Estimated_sequence_from_DMS_K384L,111.76805873599992
Estimated_sequence_from_DMS_K384M,111.79224380099991
Estimated_sequence_from_DMS_K384N,111.73628230099992
Estimated_sequence_from_DMS_K384P,111.78934908499991
Estimated_sequence_from_DMS_K384Q,111.78372547199992
Estimated_sequence_from_DMS_K384R,111.7819355629999
Estimated_sequence_from_DMS_K384S,111.7837043299999
Estimated_sequence_from_DMS_K384T,111.7865536079999
Estimated_sequence_from_DMS_K384V,111.79306012799991
Estimated_sequence_from_DMS_K384W,111.7633229779999
Estimated_sequence_from_DMS_K384Y,111.75542637199992
Estimated_sequence_from_DMS_S385A,111.6914107899999
Estimated_sequence_from_DMS_S385C,111.6272182709999
Estimated_sequence_from_DMS_S385D,111.6155065949999
Estimated_sequence_from_DMS_S385E,111.6111608869999
Estimated_sequence_from_DMS_S385F,111.59755135499991
Estimated_sequence_from_DMS_S385G,111.60082740999991
Estimated_sequence_from_DMS_S385H,111.6626452319999
Estimated_sequence_from_DMS_S385I,111.6121887349999
Estimated_sequence_from_DMS_S385K,111.5955304169999
Estimated_sequence_from_DMS_S385L,111.6143843319999
Estimated_sequence_from_DMS_S385M,111.5947420529999
Estimated_sequence_from_DMS_S385N,111.6273725809999
Estimated_sequence_from_DMS_S385P,111.5910924459999
Estimated_sequence_from_DMS_S385Q,111.5980319399999
Estimated_sequence_from_DMS_S385R,111.6131979739999
Estimated_sequence_from_DMS_S385T,111.7431088109999
Estimated_sequence_from_DMS_S385V,111.6335606569999
Estimated_sequence_from_DMS_S385W,111.5995209319999
Estimated_sequence_from_DMS_S385Y,111.6075619879999
Estimated_sequence_from_DMS_T386A,111.50911631399991
Estimated_sequence_from_DMS_T386C,111.51068016599991
Estimated_sequence_from_DMS_T386D,111.5036663499999
Estimated_sequence_from_DMS_T386E,111.51917009299991
Estimated_sequence_from_DMS_T386F,111.50350063499991
Estimated_sequence_from_DMS_T386G,111.5202456529999
Estimated_sequence_from_DMS_T386H,111.50230530099991
Estimated_sequence_from_DMS_T386I,111.52336127799991
Estimated_sequence_from_DMS_T386K,111.5033603639999
Estimated_sequence_from_DMS_T386L,111.5399181799999
Estimated_sequence_from_DMS_T386M,111.5319036929999
Estimated_sequence_from_DMS_T386N,111.5160917229999
Estimated_sequence_from_DMS_T386P,111.5071967769999
Estimated_sequence_from_DMS_T386Q,111.51191205999991
Estimated_sequence_from_DMS_T386R,111.5129520519999
Estimated_sequence_from_DMS_T386S,111.60758899799991
Estimated_sequence_from_DMS_T386V,111.5902768909999
Estimated_sequence_from_DMS_T386W,111.52863257999991
Estimated_sequence_from_DMS_T386Y,111.5155783979999
Estimated_sequence_from_DMS_Q387A,111.71476455199992
Estimated_sequence_from_DMS_Q387C,111.63716256199992
Estimated_sequence_from_DMS_Q387D,111.68661040499991
Estimated_sequence_from_DMS_Q387E,111.67410473999992
Estimated_sequence_from_DMS_Q387F,111.64223544299992
Estimated_sequence_from_DMS_Q387G,111.65532815299991
Estimated_sequence_from_DMS_Q387H,111.63873868399992
Estimated_sequence_from_DMS_Q387I,111.65684565699992
Estimated_sequence_from_DMS_Q387K,111.67783490399991
Estimated_sequence_from_DMS_Q387L,111.64517511799991
Estimated_sequence_from_DMS_Q387M,111.67485067099992
Estimated_sequence_from_DMS_Q387N,111.71387145899992
Estimated_sequence_from_DMS_Q387P,111.63052712499992
Estimated_sequence_from_DMS_Q387R,111.69555877799992
Estimated_sequence_from_DMS_Q387S,111.73590927199992
Estimated_sequence_from_DMS_Q387T,111.68278133699991
Estimated_sequence_from_DMS_Q387V,111.67823207899991
Estimated_sequence_from_DMS_Q387W,111.64173621399992
Estimated_sequence_from_DMS_Q387Y,111.64076055299991
Estimated_sequence_from_DMS_A388C,111.75815521899992
Estimated_sequence_from_DMS_A388D,111.75540397399992
Estimated_sequence_from_DMS_A388E,111.79372702699992
Estimated_sequence_from_DMS_A388F,111.77055619199992
Estimated_sequence_from_DMS_A388G,111.74811377599991
Estimated_sequence_from_DMS_A388H,111.77874741099991
Estimated_sequence_from_DMS_A388I,111.74804593299991
Estimated_sequence_from_DMS_A388K,111.76996406399991
Estimated_sequence_from_DMS_A388L,111.76043549099991
Estimated_sequence_from_DMS_A388M,111.78161674999991
Estimated_sequence_from_DMS_A388N,111.82932726899992
Estimated_sequence_from_DMS_A388P,111.73037803299991
Estimated_sequence_from_DMS_A388Q,111.79892011699991
Estimated_sequence_from_DMS_A388R,111.78229645199991
Estimated_sequence_from_DMS_A388S,111.80866682499992
Estimated_sequence_from_DMS_A388T,111.78235407699991
Estimated_sequence_from_DMS_A388V,111.75370213599992
Estimated_sequence_from_DMS_A388W,111.77875574999992
Estimated_sequence_from_DMS_A388Y,111.7773997279999
Estimated_sequence_from_DMS_A389C,111.6874509469999
Estimated_sequence_from_DMS_A389D,111.6352249049999
Estimated_sequence_from_DMS_A389E,111.6162497529999
Estimated_sequence_from_DMS_A389F,111.6132612479999
Estimated_sequence_from_DMS_A389G,111.61826459099991
Estimated_sequence_from_DMS_A389H,111.62623547399991
Estimated_sequence_from_DMS_A389I,111.6840524409999
Estimated_sequence_from_DMS_A389K,111.6214544629999
Estimated_sequence_from_DMS_A389L,111.6202109339999
Estimated_sequence_from_DMS_A389M,111.6198407399999
Estimated_sequence_from_DMS_A389N,111.61618037399991
Estimated_sequence_from_DMS_A389P,111.6228417959999
Estimated_sequence_from_DMS_A389Q,111.63022176399991
Estimated_sequence_from_DMS_A389R,111.61441183499991
Estimated_sequence_from_DMS_A389S,111.7308944759999
Estimated_sequence_from_DMS_A389T,111.69480708899991
Estimated_sequence_from_DMS_A389V,111.7048131609999
Estimated_sequence_from_DMS_A389W,111.6180554589999
Estimated_sequence_from_DMS_A389Y,111.61286913799991
Estimated_sequence_from_DMS_I390A,111.7477286469999
Estimated_sequence_from_DMS_I390C,111.7172063209999
Estimated_sequence_from_DMS_I390D,111.71242456699991
Estimated_sequence_from_DMS_I390E,111.7418574129999
Estimated_sequence_from_DMS_I390F,111.73394383199991
Estimated_sequence_from_DMS_I390G,111.71150335699991
Estimated_sequence_from_DMS_I390H,111.76708202199991
Estimated_sequence_from_DMS_I390K,111.7339547679999
Estimated_sequence_from_DMS_I390L,111.77305175799991
Estimated_sequence_from_DMS_I390M,111.80410670499991
Estimated_sequence_from_DMS_I390N,111.7193996829999
Estimated_sequence_from_DMS_I390P,111.70890783199991
Estimated_sequence_from_DMS_I390Q,111.78620088099991
Estimated_sequence_from_DMS_I390R,111.83463364399991
Estimated_sequence_from_DMS_I390S,111.74696600699991
Estimated_sequence_from_DMS_I390T,111.7525434339999
Estimated_sequence_from_DMS_I390V,111.79408841999991
Estimated_sequence_from_DMS_I390W,111.74915624499991
Estimated_sequence_from_DMS_I390Y,111.74148014899991
Estimated_sequence_from_DMS_D391A,111.71678804899992
Estimated_sequence_from_DMS_D391C,111.69605594599992
Estimated_sequence_from_DMS_D391E,111.74497716299992
Estimated_sequence_from_DMS_D391F,111.7009758929999
Estimated_sequence_from_DMS_D391G,111.73810572999992
Estimated_sequence_from_DMS_D391H,111.73554915499992
Estimated_sequence_from_DMS_D391I,111.69139367199992
Estimated_sequence_from_DMS_D391K,111.71918276999992
Estimated_sequence_from_DMS_D391L,111.69207722199991
Estimated_sequence_from_DMS_D391M,111.71762520999991
Estimated_sequence_from_DMS_D391N,111.76610639099991
Estimated_sequence_from_DMS_D391P,111.68621201899991
Estimated_sequence_from_DMS_D391Q,111.7892514059999
Estimated_sequence_from_DMS_D391R,111.70910664399992
Estimated_sequence_from_DMS_D391S,111.7741946439999
Estimated_sequence_from_DMS_D391T,111.76788329399992
Estimated_sequence_from_DMS_D391V,111.69989533899991
Estimated_sequence_from_DMS_D391W,111.69755470499992
Estimated_sequence_from_DMS_D391Y,111.70999719299991
Estimated_sequence_from_DMS_Q392A,111.75588542899992
Estimated_sequence_from_DMS_Q392C,111.72556210999991
Estimated_sequence_from_DMS_Q392D,111.69631978699991
Estimated_sequence_from_DMS_Q392E,111.73163103199991
Estimated_sequence_from_DMS_Q392F,111.7158366629999
Estimated_sequence_from_DMS_Q392G,111.75728711399991
Estimated_sequence_from_DMS_Q392H,111.75086275799991
Estimated_sequence_from_DMS_Q392I,111.75548319999992
Estimated_sequence_from_DMS_Q392K,111.75466699599991
Estimated_sequence_from_DMS_Q392L,111.74332426499991
Estimated_sequence_from_DMS_Q392M,111.74573711199992
Estimated_sequence_from_DMS_Q392N,111.72144123299991
Estimated_sequence_from_DMS_Q392P,111.69492068499991
Estimated_sequence_from_DMS_Q392R,111.7134000699999
Estimated_sequence_from_DMS_Q392S,111.7391852419999
Estimated_sequence_from_DMS_Q392T,111.7374440259999
Estimated_sequence_from_DMS_Q392V,111.77520909899991
Estimated_sequence_from_DMS_Q392W,111.71617965299991
Estimated_sequence_from_DMS_Q392Y,111.73210045299992
Estimated_sequence_from_DMS_I393A,111.5417303959999
Estimated_sequence_from_DMS_I393C,111.57999732699992
Estimated_sequence_from_DMS_I393D,111.54228339499991
Estimated_sequence_from_DMS_I393E,111.5675639609999
Estimated_sequence_from_DMS_I393F,111.54828435599991
Estimated_sequence_from_DMS_I393G,111.56572864499991
Estimated_sequence_from_DMS_I393H,111.53935024999991
Estimated_sequence_from_DMS_I393K,111.54568525499991
Estimated_sequence_from_DMS_I393L,111.63118434199991
Estimated_sequence_from_DMS_I393M,111.6142124249999
Estimated_sequence_from_DMS_I393N,111.55532353799991
Estimated_sequence_from_DMS_I393P,111.5775784379999
Estimated_sequence_from_DMS_I393Q,111.54594476799991
Estimated_sequence_from_DMS_I393R,111.53765748599992
Estimated_sequence_from_DMS_I393S,111.55089117999991
Estimated_sequence_from_DMS_I393T,111.5475100049999
Estimated_sequence_from_DMS_I393V,111.71589405599991
Estimated_sequence_from_DMS_I393W,111.54547165399991
Estimated_sequence_from_DMS_I393Y,111.54378178899991
Estimated_sequence_from_DMS_N394A,111.74906584999991
Estimated_sequence_from_DMS_N394C,111.69874973299991
Estimated_sequence_from_DMS_N394D,111.77640074999991
Estimated_sequence_from_DMS_N394E,111.7367297139999
Estimated_sequence_from_DMS_N394F,111.6926108999999
Estimated_sequence_from_DMS_N394G,111.7645609229999
Estimated_sequence_from_DMS_N394H,111.73883867099991
Estimated_sequence_from_DMS_N394I,111.6952734039999
Estimated_sequence_from_DMS_N394K,111.71110090199991
Estimated_sequence_from_DMS_N394L,111.68647939599991
Estimated_sequence_from_DMS_N394M,111.69593915199991
Estimated_sequence_from_DMS_N394P,111.69723116399992
Estimated_sequence_from_DMS_N394Q,111.73615419999992
Estimated_sequence_from_DMS_N394R,111.72541065799992
Estimated_sequence_from_DMS_N394S,111.78010584299992
Estimated_sequence_from_DMS_N394T,111.71840595899991
Estimated_sequence_from_DMS_N394V,111.6943602389999
Estimated_sequence_from_DMS_N394W,111.71467161599992
Estimated_sequence_from_DMS_N394Y,111.71030585099992
Estimated_sequence_from_DMS_G395A,111.71899663499991
Estimated_sequence_from_DMS_G395C,111.7105520889999
Estimated_sequence_from_DMS_G395D,111.76886584899991
Estimated_sequence_from_DMS_G395E,111.7385762249999
Estimated_sequence_from_DMS_G395F,111.7077956049999
Estimated_sequence_from_DMS_G395H,111.73516812799991
Estimated_sequence_from_DMS_G395I,111.7207086809999
Estimated_sequence_from_DMS_G395K,111.75962073799991
Estimated_sequence_from_DMS_G395L,111.71642950899991
Estimated_sequence_from_DMS_G395M,111.74532238999991
Estimated_sequence_from_DMS_G395N,111.7398988029999
Estimated_sequence_from_DMS_G395P,111.73704465199991
Estimated_sequence_from_DMS_G395Q,111.7311704909999
Estimated_sequence_from_DMS_G395R,111.72351268699991
Estimated_sequence_from_DMS_G395S,111.72841868899991
Estimated_sequence_from_DMS_G395T,111.75765473799991
Estimated_sequence_from_DMS_G395V,111.76658676799991
Estimated_sequence_from_DMS_G395W,111.7305338039999
Estimated_sequence_from_DMS_G395Y,111.71958350399991
Estimated_sequence_from_DMS_K396A,111.69491199199992
Estimated_sequence_from_DMS_K396C,111.65791164199992
Estimated_sequence_from_DMS_K396D,111.66783417199991
Estimated_sequence_from_DMS_K396E,111.63368944899992
Estimated_sequence_from_DMS_K396F,111.62236193899992
Estimated_sequence_from_DMS_K396G,111.7081664379999
Estimated_sequence_from_DMS_K396H,111.64063458099992
Estimated_sequence_from_DMS_K396I,111.63169229299992
Estimated_sequence_from_DMS_K396L,111.63612156199991
Estimated_sequence_from_DMS_K396M,111.63859786199991
Estimated_sequence_from_DMS_K396N,111.73076756299992
Estimated_sequence_from_DMS_K396P,111.61969830499991
Estimated_sequence_from_DMS_K396Q,111.68058422599991
Estimated_sequence_from_DMS_K396R,111.64378758799991
Estimated_sequence_from_DMS_K396S,111.64273899299991
Estimated_sequence_from_DMS_K396T,111.6321316029999
Estimated_sequence_from_DMS_K396V,111.64399349599991
Estimated_sequence_from_DMS_K396W,111.64199902299991
Estimated_sequence_from_DMS_K396Y,111.62820545799991
Estimated_sequence_from_DMS_L397A,111.6777256319999
Estimated_sequence_from_DMS_L397C,111.68092767199991
Estimated_sequence_from_DMS_L397D,111.66941033599991
Estimated_sequence_from_DMS_L397E,111.66851658999991
Estimated_sequence_from_DMS_L397F,111.74485771199991
Estimated_sequence_from_DMS_L397G,111.66455716399992
Estimated_sequence_from_DMS_L397H,111.68972495799991
Estimated_sequence_from_DMS_L397I,111.7126692029999
Estimated_sequence_from_DMS_L397K,111.67598072799991
Estimated_sequence_from_DMS_L397M,111.72457254699991
Estimated_sequence_from_DMS_L397N,111.67821533699991
Estimated_sequence_from_DMS_L397P,111.6598066249999
Estimated_sequence_from_DMS_L397Q,111.6782333159999
Estimated_sequence_from_DMS_L397R,111.6879356159999
Estimated_sequence_from_DMS_L397S,111.6715315359999
Estimated_sequence_from_DMS_L397T,111.67419396799991
Estimated_sequence_from_DMS_L397V,111.7943183589999
Estimated_sequence_from_DMS_L397W,111.70371261399991
Estimated_sequence_from_DMS_L397Y,111.7442591139999
Estimated_sequence_from_DMS_N398A,111.7183083739999
Estimated_sequence_from_DMS_N398C,111.6995805099999
Estimated_sequence_from_DMS_N398D,111.7605680109999
Estimated_sequence_from_DMS_N398E,111.7207342439999
Estimated_sequence_from_DMS_N398F,111.7001085329999
Estimated_sequence_from_DMS_N398G,111.7840832239999
Estimated_sequence_from_DMS_N398H,111.7078660999999
Estimated_sequence_from_DMS_N398I,111.69737465199991
Estimated_sequence_from_DMS_N398K,111.72221017299991
Estimated_sequence_from_DMS_N398L,111.6989455589999
Estimated_sequence_from_DMS_N398M,111.7074177559999
Estimated_sequence_from_DMS_N398P,111.6914132589999
Estimated_sequence_from_DMS_N398Q,111.7020744989999
Estimated_sequence_from_DMS_N398R,111.7341607939999
Estimated_sequence_from_DMS_N398S,111.7694407059999
Estimated_sequence_from_DMS_N398T,111.73569436299991
Estimated_sequence_from_DMS_N398V,111.7032397779999
Estimated_sequence_from_DMS_N398W,111.7022340419999
Estimated_sequence_from_DMS_N398Y,111.7142725699999
Estimated_sequence_from_DMS_R399A,111.7337138779999
Estimated_sequence_from_DMS_R399C,111.6798580079999
Estimated_sequence_from_DMS_R399D,111.6869092789999
Estimated_sequence_from_DMS_R399E,111.68721059799991
Estimated_sequence_from_DMS_R399F,111.6710147749999
Estimated_sequence_from_DMS_R399G,111.7179242769999
Estimated_sequence_from_DMS_R399H,111.7285248119999
Estimated_sequence_from_DMS_R399I,111.70005111899991
Estimated_sequence_from_DMS_R399K,111.7337913639999
Estimated_sequence_from_DMS_R399L,111.6960930739999
Estimated_sequence_from_DMS_R399M,111.7303375899999
Estimated_sequence_from_DMS_R399N,111.7447660209999
Estimated_sequence_from_DMS_R399P,111.6809075499999
Estimated_sequence_from_DMS_R399Q,111.70685126799991
Estimated_sequence_from_DMS_R399S,111.78773537799991
Estimated_sequence_from_DMS_R399T,111.7464939769999
Estimated_sequence_from_DMS_R399V,111.6942151189999
Estimated_sequence_from_DMS_R399W,111.6899918149999
Estimated_sequence_from_DMS_R399Y,111.68212944299991
Estimated_sequence_from_DMS_L400A,111.62193074399991
Estimated_sequence_from_DMS_L400C,111.61895735999991
Estimated_sequence_from_DMS_L400D,111.62218912199991
Estimated_sequence_from_DMS_L400E,111.6141617719999
Estimated_sequence_from_DMS_L400F,111.71917993699991
Estimated_sequence_from_DMS_L400G,111.6110632229999
Estimated_sequence_from_DMS_L400H,111.6563798379999
Estimated_sequence_from_DMS_L400I,111.7002051349999
Estimated_sequence_from_DMS_L400K,111.6252773259999
Estimated_sequence_from_DMS_L400M,111.66433745099991
Estimated_sequence_from_DMS_L400N,111.6109978309999
Estimated_sequence_from_DMS_L400P,111.6118436049999
Estimated_sequence_from_DMS_L400Q,111.61230130799991
Estimated_sequence_from_DMS_L400R,111.61851989299991
Estimated_sequence_from_DMS_L400S,111.60968380599991
Estimated_sequence_from_DMS_L400T,111.62697839699992
Estimated_sequence_from_DMS_L400V,111.7725243519999
Estimated_sequence_from_DMS_L400W,111.67682292599991
Estimated_sequence_from_DMS_L400Y,111.65360764099991
Estimated_sequence_from_DMS_I401A,111.68415027099991
Estimated_sequence_from_DMS_I401C,111.65808936499991
Estimated_sequence_from_DMS_I401D,111.6534319439999
Estimated_sequence_from_DMS_I401E,111.6978078029999
Estimated_sequence_from_DMS_I401F,111.68510464599991
Estimated_sequence_from_DMS_I401G,111.65634603399991
Estimated_sequence_from_DMS_I401H,111.6561176399999
Estimated_sequence_from_DMS_I401K,111.66971519899991
Estimated_sequence_from_DMS_I401L,111.71005302699992
Estimated_sequence_from_DMS_I401M,111.71271599099991
Estimated_sequence_from_DMS_I401N,111.66100692099991
Estimated_sequence_from_DMS_I401P,111.64709044399991
Estimated_sequence_from_DMS_I401Q,111.67504795199991
Estimated_sequence_from_DMS_I401R,111.6603260059999
Estimated_sequence_from_DMS_I401S,111.67149363699991
Estimated_sequence_from_DMS_I401T,111.73688192199991
Estimated_sequence_from_DMS_I401V,111.8140592159999
Estimated_sequence_from_DMS_I401W,111.65158551899991
Estimated_sequence_from_DMS_I401Y,111.68592440899991
Estimated_sequence_from_DMS_G402A,111.7396563879999
Estimated_sequence_from_DMS_G402C,111.7792430209999
Estimated_sequence_from_DMS_G402D,111.7684403989999
Estimated_sequence_from_DMS_G402E,111.7452098989999
Estimated_sequence_from_DMS_G402F,111.7615336179999
Estimated_sequence_from_DMS_G402H,111.7891361949999
Estimated_sequence_from_DMS_G402I,111.7412380419999
Estimated_sequence_from_DMS_G402K,111.7506263269999
Estimated_sequence_from_DMS_G402L,111.7447549239999
Estimated_sequence_from_DMS_G402M,111.74078484499991
Estimated_sequence_from_DMS_G402N,111.7754317429999
Estimated_sequence_from_DMS_G402P,111.78055502799991
Estimated_sequence_from_DMS_G402Q,111.7520178549999
Estimated_sequence_from_DMS_G402R,111.73747769099991
Estimated_sequence_from_DMS_G402S,111.75502281599991
Estimated_sequence_from_DMS_G402T,111.7525408719999
Estimated_sequence_from_DMS_G402V,111.77322857999991
Estimated_sequence_from_DMS_G402W,111.7719134479999
Estimated_sequence_from_DMS_G402Y,111.7484085349999
Estimated_sequence_from_DMS_K403A,111.71800653599992
Estimated_sequence_from_DMS_K403C,111.66902401799992
Estimated_sequence_from_DMS_K403D,111.71120539599991
Estimated_sequence_from_DMS_K403E,111.69359145499992
Estimated_sequence_from_DMS_K403F,111.66508692099991
Estimated_sequence_from_DMS_K403G,111.6948724459999
Estimated_sequence_from_DMS_K403H,111.71170951099991
Estimated_sequence_from_DMS_K403I,111.66496788099991
Estimated_sequence_from_DMS_K403L,111.6728221119999
Estimated_sequence_from_DMS_K403M,111.6873530089999
Estimated_sequence_from_DMS_K403N,111.72820123599992
Estimated_sequence_from_DMS_K403P,111.67543078799991
Estimated_sequence_from_DMS_K403Q,111.73367074999992
Estimated_sequence_from_DMS_K403R,111.76426922299991
Estimated_sequence_from_DMS_K403S,111.70514424599992
Estimated_sequence_from_DMS_K403T,111.77536585799992
Estimated_sequence_from_DMS_K403V,111.70580474199991
Estimated_sequence_from_DMS_K403W,111.67929664099991
Estimated_sequence_from_DMS_K403Y,111.68322705799991
Estimated_sequence_from_DMS_T404A,111.7694155179999
Estimated_sequence_from_DMS_T404C,111.7068781919999
Estimated_sequence_from_DMS_T404D,111.7069096429999
Estimated_sequence_from_DMS_T404E,111.7296798159999
Estimated_sequence_from_DMS_T404F,111.68444736799991
Estimated_sequence_from_DMS_T404G,111.76792210099991
Estimated_sequence_from_DMS_T404H,111.7067802679999
Estimated_sequence_from_DMS_T404I,111.6970559099999
Estimated_sequence_from_DMS_T404K,111.7283799149999
Estimated_sequence_from_DMS_T404L,111.6944541159999
Estimated_sequence_from_DMS_T404M,111.71180994799991
Estimated_sequence_from_DMS_T404N,111.70630246999991
Estimated_sequence_from_DMS_T404P,111.71656411099991
Estimated_sequence_from_DMS_T404Q,111.7189581109999
Estimated_sequence_from_DMS_T404R,111.70471803399991
Estimated_sequence_from_DMS_T404S,111.7605403469999
Estimated_sequence_from_DMS_T404V,111.7209200999999
Estimated_sequence_from_DMS_T404W,111.6939827389999
Estimated_sequence_from_DMS_T404Y,111.74489384099991
Estimated_sequence_from_DMS_N405A,111.65451143499992
Estimated_sequence_from_DMS_N405C,111.63178498499991
Estimated_sequence_from_DMS_N405D,111.72219059899992
Estimated_sequence_from_DMS_N405E,111.67416581999991
Estimated_sequence_from_DMS_N405F,111.62669770799991
Estimated_sequence_from_DMS_N405G,111.70500574499991
Estimated_sequence_from_DMS_N405H,111.66444219399992
Estimated_sequence_from_DMS_N405I,111.63870164799991
Estimated_sequence_from_DMS_N405K,111.65424421599991
Estimated_sequence_from_DMS_N405L,111.64937319299992
Estimated_sequence_from_DMS_N405M,111.65193425099991
Estimated_sequence_from_DMS_N405P,111.62818249899992
Estimated_sequence_from_DMS_N405Q,111.70089428199992
Estimated_sequence_from_DMS_N405R,111.65419782699992
Estimated_sequence_from_DMS_N405S,111.72852378899992
Estimated_sequence_from_DMS_N405T,111.69807170399991
Estimated_sequence_from_DMS_N405V,111.63348137899992
Estimated_sequence_from_DMS_N405W,111.63079078399991
Estimated_sequence_from_DMS_N405Y,111.63071950599992
Estimated_sequence_from_DMS_E406A,111.76729155699991
Estimated_sequence_from_DMS_E406C,111.72970752099991
Estimated_sequence_from_DMS_E406D,111.7973422459999
Estimated_sequence_from_DMS_E406F,111.74832995299991
Estimated_sequence_from_DMS_E406G,111.7293910769999
Estimated_sequence_from_DMS_E406H,111.7470857709999
Estimated_sequence_from_DMS_E406I,111.7574233039999
Estimated_sequence_from_DMS_E406K,111.73447302299991
Estimated_sequence_from_DMS_E406L,111.7494042599999
Estimated_sequence_from_DMS_E406M,111.7488805009999
Estimated_sequence_from_DMS_E406N,111.7391808859999
Estimated_sequence_from_DMS_E406P,111.76187693699991
Estimated_sequence_from_DMS_E406Q,111.7996482929999
Estimated_sequence_from_DMS_E406R,111.73625809899991
Estimated_sequence_from_DMS_E406S,111.7926576489999
Estimated_sequence_from_DMS_E406T,111.76512750499991
Estimated_sequence_from_DMS_E406V,111.74748772799991
Estimated_sequence_from_DMS_E406W,111.73024575499991
Estimated_sequence_from_DMS_E406Y,111.75075167999991
Estimated_sequence_from_DMS_K407A,111.7059549379999
Estimated_sequence_from_DMS_K407C,111.69476517699991
Estimated_sequence_from_DMS_K407D,111.6839169859999
Estimated_sequence_from_DMS_K407E,111.7279667209999
Estimated_sequence_from_DMS_K407F,111.68140431499991
Estimated_sequence_from_DMS_K407G,111.70492779599991
Estimated_sequence_from_DMS_K407H,111.73529166199991
Estimated_sequence_from_DMS_K407I,111.6922202559999
Estimated_sequence_from_DMS_K407L,111.70433336799991
Estimated_sequence_from_DMS_K407M,111.7285943919999
Estimated_sequence_from_DMS_K407N,111.8123541749999
Estimated_sequence_from_DMS_K407P,111.6713964519999
Estimated_sequence_from_DMS_K407Q,111.75267181699991
Estimated_sequence_from_DMS_K407R,111.7178508969999
Estimated_sequence_from_DMS_K407S,111.6747241369999
Estimated_sequence_from_DMS_K407T,111.6847878489999
Estimated_sequence_from_DMS_K407V,111.7020086779999
Estimated_sequence_from_DMS_K407W,111.67133846999991
Estimated_sequence_from_DMS_K407Y,111.6961832999999
Estimated_sequence_from_DMS_F408A,111.6678159539999
Estimated_sequence_from_DMS_F408C,111.64076289099991
Estimated_sequence_from_DMS_F408D,111.65601568699991
Estimated_sequence_from_DMS_F408E,111.6317856119999
Estimated_sequence_from_DMS_F408G,111.6364136209999
Estimated_sequence_from_DMS_F408H,111.6594913939999
Estimated_sequence_from_DMS_F408I,111.6752728469999
Estimated_sequence_from_DMS_F408K,111.6457334139999
Estimated_sequence_from_DMS_F408L,111.6482247439999
Estimated_sequence_from_DMS_F408M,111.6685994109999
Estimated_sequence_from_DMS_F408N,111.66141739299991
Estimated_sequence_from_DMS_F408P,111.6499614459999
Estimated_sequence_from_DMS_F408Q,111.65159835599991
Estimated_sequence_from_DMS_F408R,111.6337645999999
Estimated_sequence_from_DMS_F408S,111.70412147599991
Estimated_sequence_from_DMS_F408T,111.6437005849999
Estimated_sequence_from_DMS_F408V,111.63958169199991
Estimated_sequence_from_DMS_F408W,111.6782540909999
Estimated_sequence_from_DMS_F408Y,111.7920051529999
Estimated_sequence_from_DMS_H409A,111.59249169199991
Estimated_sequence_from_DMS_H409C,111.59713547799991
Estimated_sequence_from_DMS_H409D,111.58488094599991
Estimated_sequence_from_DMS_H409E,111.57546022399991
Estimated_sequence_from_DMS_H409F,111.6041654909999
Estimated_sequence_from_DMS_H409G,111.60229786199992
Estimated_sequence_from_DMS_H409I,111.59200145099992
Estimated_sequence_from_DMS_H409K,111.61755671899991
Estimated_sequence_from_DMS_H409L,111.5899284159999
Estimated_sequence_from_DMS_H409M,111.59395226199992
Estimated_sequence_from_DMS_H409N,111.60777183599991
Estimated_sequence_from_DMS_H409P,111.58404873199991
Estimated_sequence_from_DMS_H409Q,111.6180717949999
Estimated_sequence_from_DMS_H409R,111.60899780099992
Estimated_sequence_from_DMS_H409S,111.6011009659999
Estimated_sequence_from_DMS_H409T,111.58818093099991
Estimated_sequence_from_DMS_H409V,111.6030268689999
Estimated_sequence_from_DMS_H409W,111.60664528499991
Estimated_sequence_from_DMS_H409Y,111.60558566899991
Estimated_sequence_from_DMS_Q410A,111.73404361199991
Estimated_sequence_from_DMS_Q410C,111.65682796199991
Estimated_sequence_from_DMS_Q410D,111.6700318389999
Estimated_sequence_from_DMS_Q410E,111.7471404189999
Estimated_sequence_from_DMS_Q410F,111.66152144299991
Estimated_sequence_from_DMS_Q410G,111.70877413199992
Estimated_sequence_from_DMS_Q410H,111.70413172099991
Estimated_sequence_from_DMS_Q410I,111.65634353199991
Estimated_sequence_from_DMS_Q410K,111.69461666599992
Estimated_sequence_from_DMS_Q410L,111.65712976999991
Estimated_sequence_from_DMS_Q410M,111.68677882699991
Estimated_sequence_from_DMS_Q410N,111.69596262699991
Estimated_sequence_from_DMS_Q410P,111.6581920169999
Estimated_sequence_from_DMS_Q410R,111.6587647389999
Estimated_sequence_from_DMS_Q410S,111.74683679099991
Estimated_sequence_from_DMS_Q410T,111.7145738879999
Estimated_sequence_from_DMS_Q410V,111.67588348399991
Estimated_sequence_from_DMS_Q410W,111.67388715399991
Estimated_sequence_from_DMS_Q410Y,111.6641909219999
Estimated_sequence_from_DMS_I411A,111.5295744939999
Estimated_sequence_from_DMS_I411C,111.5372261349999
Estimated_sequence_from_DMS_I411D,111.51464319599991
Estimated_sequence_from_DMS_I411E,111.5147715879999
Estimated_sequence_from_DMS_I411F,111.5239691219999
Estimated_sequence_from_DMS_I411G,111.5202468409999
Estimated_sequence_from_DMS_I411H,111.5260969369999
Estimated_sequence_from_DMS_I411K,111.5124938389999
Estimated_sequence_from_DMS_I411L,111.5539359089999
Estimated_sequence_from_DMS_I411M,111.5594746699999
Estimated_sequence_from_DMS_I411N,111.5355092069999
Estimated_sequence_from_DMS_I411P,111.5278454419999
Estimated_sequence_from_DMS_I411Q,111.5213155089999
Estimated_sequence_from_DMS_I411R,111.5288994079999
Estimated_sequence_from_DMS_I411S,111.5162054769999
Estimated_sequence_from_DMS_I411T,111.5222408859999
Estimated_sequence_from_DMS_I411V,111.5515459299999
Estimated_sequence_from_DMS_I411W,111.54248474799991
Estimated_sequence_from_DMS_I411Y,111.5230486479999
Estimated_sequence_from_DMS_E412A,111.51088300899991
Estimated_sequence_from_DMS_E412C,111.5036723079999
Estimated_sequence_from_DMS_E412D,111.52694348399991
Estimated_sequence_from_DMS_E412F,111.5087276519999
Estimated_sequence_from_DMS_E412G,111.53588272699992
Estimated_sequence_from_DMS_E412H,111.54139809299991
Estimated_sequence_from_DMS_E412I,111.5199289599999
Estimated_sequence_from_DMS_E412K,111.5073498669999
Estimated_sequence_from_DMS_E412L,111.49582336899991
Estimated_sequence_from_DMS_E412M,111.51153835099991
Estimated_sequence_from_DMS_E412N,111.53810514399991
Estimated_sequence_from_DMS_E412P,111.51961093399991
Estimated_sequence_from_DMS_E412Q,111.54368553499991
Estimated_sequence_from_DMS_E412R,111.49400520299992
Estimated_sequence_from_DMS_E412S,111.5060349279999
Estimated_sequence_from_DMS_E412T,111.5056350209999
Estimated_sequence_from_DMS_E412V,111.5270746309999
Estimated_sequence_from_DMS_E412W,111.5233282219999
Estimated_sequence_from_DMS_E412Y,111.51204644899991
Estimated_sequence_from_DMS_K413A,111.58731438499991
Estimated_sequence_from_DMS_K413C,111.56464979099991
Estimated_sequence_from_DMS_K413D,111.61047129999992
Estimated_sequence_from_DMS_K413E,111.56648641299991
Estimated_sequence_from_DMS_K413F,111.56136226899991
Estimated_sequence_from_DMS_K413G,111.57795497399991
Estimated_sequence_from_DMS_K413H,111.5938195459999
Estimated_sequence_from_DMS_K413I,111.58724027999992
Estimated_sequence_from_DMS_K413L,111.58641373299992
Estimated_sequence_from_DMS_K413M,111.57926572599992
Estimated_sequence_from_DMS_K413N,111.5709471879999
Estimated_sequence_from_DMS_K413P,111.58499416099991
Estimated_sequence_from_DMS_K413Q,111.60521046199992
Estimated_sequence_from_DMS_K413R,111.59117927899992
Estimated_sequence_from_DMS_K413S,111.63972591299991
Estimated_sequence_from_DMS_K413T,111.57512366799992
Estimated_sequence_from_DMS_K413V,111.5727161109999
Estimated_sequence_from_DMS_K413W,111.5924408309999
Estimated_sequence_from_DMS_K413Y,111.5622968759999
Estimated_sequence_from_DMS_E414A,111.67609617499991
Estimated_sequence_from_DMS_E414C,111.6413783289999
Estimated_sequence_from_DMS_E414D,111.71877648299991
Estimated_sequence_from_DMS_E414F,111.64463421099991
Estimated_sequence_from_DMS_E414G,111.6596493999999
Estimated_sequence_from_DMS_E414H,111.65767129099991
Estimated_sequence_from_DMS_E414I,111.64978420399991
Estimated_sequence_from_DMS_E414K,111.68232841099992
Estimated_sequence_from_DMS_E414L,111.6585414819999
Estimated_sequence_from_DMS_E414M,111.65563759299991
Estimated_sequence_from_DMS_E414N,111.64816415599991
Estimated_sequence_from_DMS_E414P,111.63181954399991
Estimated_sequence_from_DMS_E414Q,111.66876113799991
Estimated_sequence_from_DMS_E414R,111.6350456449999
Estimated_sequence_from_DMS_E414S,111.6828676689999
Estimated_sequence_from_DMS_E414T,111.67654076199992
Estimated_sequence_from_DMS_E414V,111.67081322999991
Estimated_sequence_from_DMS_E414W,111.6619803099999
Estimated_sequence_from_DMS_E414Y,111.67324065399991
Estimated_sequence_from_DMS_F415A,111.6858571059999
Estimated_sequence_from_DMS_F415C,111.6522895359999
Estimated_sequence_from_DMS_F415D,111.7062670709999
Estimated_sequence_from_DMS_F415E,111.7309067569999
Estimated_sequence_from_DMS_F415G,111.6581071529999
Estimated_sequence_from_DMS_F415H,111.70011583199991
Estimated_sequence_from_DMS_F415I,111.6518510449999
Estimated_sequence_from_DMS_F415K,111.65427053899991
Estimated_sequence_from_DMS_F415L,111.6574030649999
Estimated_sequence_from_DMS_F415M,111.6701280819999
Estimated_sequence_from_DMS_F415N,111.6633846779999
Estimated_sequence_from_DMS_F415P,111.67898066799991
Estimated_sequence_from_DMS_F415Q,111.6708779169999
Estimated_sequence_from_DMS_F415R,111.6503571749999
Estimated_sequence_from_DMS_F415S,111.6807690089999
Estimated_sequence_from_DMS_F415T,111.67159287299991
Estimated_sequence_from_DMS_F415V,111.6605832419999
Estimated_sequence_from_DMS_F415W,111.7199913619999
Estimated_sequence_from_DMS_F415Y,111.7145167139999
Estimated_sequence_from_DMS_S416A,111.7714881409999
Estimated_sequence_from_DMS_S416C,111.7660309279999
Estimated_sequence_from_DMS_S416D,111.8179523119999
Estimated_sequence_from_DMS_S416E,111.7862653279999
Estimated_sequence_from_DMS_S416F,111.74961984799991
Estimated_sequence_from_DMS_S416G,111.7893405909999
Estimated_sequence_from_DMS_S416H,111.7806854089999
Estimated_sequence_from_DMS_S416I,111.7700749399999
Estimated_sequence_from_DMS_S416K,111.74219232599991
Estimated_sequence_from_DMS_S416L,111.7766172929999
Estimated_sequence_from_DMS_S416M,111.7650167889999
Estimated_sequence_from_DMS_S416N,111.7497358089999
Estimated_sequence_from_DMS_S416P,111.76146637799991
Estimated_sequence_from_DMS_S416Q,111.7513637799999
Estimated_sequence_from_DMS_S416R,111.75612895899991
Estimated_sequence_from_DMS_S416T,111.79766559399991
Estimated_sequence_from_DMS_S416V,111.77712160599991
Estimated_sequence_from_DMS_S416W,111.74754398499991
Estimated_sequence_from_DMS_S416Y,111.7971099089999
Estimated_sequence_from_DMS_E417A,111.72631132899991
Estimated_sequence_from_DMS_E417C,111.72839453199991
Estimated_sequence_from_DMS_E417D,111.7413007949999
Estimated_sequence_from_DMS_E417F,111.7770477759999
Estimated_sequence_from_DMS_E417G,111.74214778399991
Estimated_sequence_from_DMS_E417H,111.72981453299991
Estimated_sequence_from_DMS_E417I,111.80278851299991
Estimated_sequence_from_DMS_E417K,111.7464996659999
Estimated_sequence_from_DMS_E417L,111.74719482599991
Estimated_sequence_from_DMS_E417M,111.75378554499991
Estimated_sequence_from_DMS_E417N,111.77531798799991
Estimated_sequence_from_DMS_E417P,111.7244874559999
Estimated_sequence_from_DMS_E417Q,111.78427622499991
Estimated_sequence_from_DMS_E417R,111.7330759429999
Estimated_sequence_from_DMS_E417S,111.7747859329999
Estimated_sequence_from_DMS_E417T,111.76281772199991
Estimated_sequence_from_DMS_E417V,111.75673667499991
Estimated_sequence_from_DMS_E417W,111.75064848399991
Estimated_sequence_from_DMS_E417Y,111.76093616199991
Estimated_sequence_from_DMS_V418A,111.7364298669999
Estimated_sequence_from_DMS_V418C,111.7083011979999
Estimated_sequence_from_DMS_V418D,111.71873989799991
Estimated_sequence_from_DMS_V418E,111.72951347199991
Estimated_sequence_from_DMS_V418F,111.7627191739999
Estimated_sequence_from_DMS_V418G,111.7092737169999
Estimated_sequence_from_DMS_V418H,111.7561192749999
Estimated_sequence_from_DMS_V418I,111.7508027579999
Estimated_sequence_from_DMS_V418K,111.7380125219999
Estimated_sequence_from_DMS_V418L,111.73693294599991
Estimated_sequence_from_DMS_V418M,111.7511447639999
Estimated_sequence_from_DMS_V418N,111.7428614869999
Estimated_sequence_from_DMS_V418P,111.7278692769999
Estimated_sequence_from_DMS_V418Q,111.7412831269999
Estimated_sequence_from_DMS_V418R,111.75938530499991
Estimated_sequence_from_DMS_V418S,111.7408765399999
Estimated_sequence_from_DMS_V418T,111.7589768659999
Estimated_sequence_from_DMS_V418W,111.7467395219999
Estimated_sequence_from_DMS_V418Y,111.7232720539999
Estimated_sequence_from_DMS_E419A,111.72384421599992
Estimated_sequence_from_DMS_E419C,111.6358364199999
Estimated_sequence_from_DMS_E419D,111.6443502079999
Estimated_sequence_from_DMS_E419F,111.64676965399991
Estimated_sequence_from_DMS_E419G,111.65597854099991
Estimated_sequence_from_DMS_E419H,111.66528920999991
Estimated_sequence_from_DMS_E419I,111.6593844739999
Estimated_sequence_from_DMS_E419K,111.6687065719999
Estimated_sequence_from_DMS_E419L,111.64172307899992
Estimated_sequence_from_DMS_E419M,111.68015862699991
Estimated_sequence_from_DMS_E419N,111.68264552099991
Estimated_sequence_from_DMS_E419P,111.64821048199991
Estimated_sequence_from_DMS_E419Q,111.70504019899991
Estimated_sequence_from_DMS_E419R,111.64270403299992
Estimated_sequence_from_DMS_E419S,111.6750805349999
Estimated_sequence_from_DMS_E419T,111.66536269499991
Estimated_sequence_from_DMS_E419V,111.6565698599999
Estimated_sequence_from_DMS_E419W,111.64695759399991
Estimated_sequence_from_DMS_E419Y,111.66323880599991
Estimated_sequence_from_DMS_G420A,111.6348579359999
Estimated_sequence_from_DMS_G420C,111.6314713219999
Estimated_sequence_from_DMS_G420D,111.6514964109999
Estimated_sequence_from_DMS_G420E,111.6561187029999
Estimated_sequence_from_DMS_G420F,111.6545879879999
Estimated_sequence_from_DMS_G420H,111.6565937849999
Estimated_sequence_from_DMS_G420I,111.66748623399991
Estimated_sequence_from_DMS_G420K,111.6388763409999
Estimated_sequence_from_DMS_G420L,111.6491219709999
Estimated_sequence_from_DMS_G420M,111.6474998509999
Estimated_sequence_from_DMS_G420N,111.68591706799991
Estimated_sequence_from_DMS_G420P,111.6877486009999
Estimated_sequence_from_DMS_G420Q,111.64244275199991
Estimated_sequence_from_DMS_G420R,111.6520648509999
Estimated_sequence_from_DMS_G420S,111.66253997299991
Estimated_sequence_from_DMS_G420T,111.6557204059999
Estimated_sequence_from_DMS_G420V,111.7310340729999
Estimated_sequence_from_DMS_G420W,111.6731739649999
Estimated_sequence_from_DMS_G420Y,111.6461606549999
Estimated_sequence_from_DMS_R421A,111.63729251899991
Estimated_sequence_from_DMS_R421C,111.81124690599991
Estimated_sequence_from_DMS_R421D,111.63593971699991
Estimated_sequence_from_DMS_R421E,111.64271551299991
Estimated_sequence_from_DMS_R421F,111.63113370999992
Estimated_sequence_from_DMS_R421G,111.65936391499991
Estimated_sequence_from_DMS_R421H,111.64252348599992
Estimated_sequence_from_DMS_R421I,111.65263199799992
Estimated_sequence_from_DMS_R421K,111.64503966599992
Estimated_sequence_from_DMS_R421L,111.63664093799991
Estimated_sequence_from_DMS_R421M,111.65141003599992
Estimated_sequence_from_DMS_R421N,111.63069201099992
Estimated_sequence_from_DMS_R421P,111.64063922999992
Estimated_sequence_from_DMS_R421Q,111.64222663799991
Estimated_sequence_from_DMS_R421S,111.63676097899992
Estimated_sequence_from_DMS_R421T,111.66566991499991
Estimated_sequence_from_DMS_R421V,111.64848970199992
Estimated_sequence_from_DMS_R421W,111.65285465299992
Estimated_sequence_from_DMS_R421Y,111.63582035499992
Estimated_sequence_from_DMS_I422A,111.67981754499992
Estimated_sequence_from_DMS_I422C,111.66806913399991
Estimated_sequence_from_DMS_I422D,111.6697842499999
Estimated_sequence_from_DMS_I422E,111.68948570999991
Estimated_sequence_from_DMS_I422F,111.67892799199991
Estimated_sequence_from_DMS_I422G,111.65660073299992
Estimated_sequence_from_DMS_I422H,111.66505661199992
Estimated_sequence_from_DMS_I422K,111.65607771299992
Estimated_sequence_from_DMS_I422L,111.71593863599992
Estimated_sequence_from_DMS_I422M,111.72560893199991
Estimated_sequence_from_DMS_I422N,111.67527899899991
Estimated_sequence_from_DMS_I422P,111.68254085499991
Estimated_sequence_from_DMS_I422Q,111.76766450499991
Estimated_sequence_from_DMS_I422R,111.66416249599992
Estimated_sequence_from_DMS_I422S,111.67719967599992
Estimated_sequence_from_DMS_I422T,111.71963973099992
Estimated_sequence_from_DMS_I422V,111.73976735499991
Estimated_sequence_from_DMS_I422W,111.69610426099992
Estimated_sequence_from_DMS_I422Y,111.70601987299992
Estimated_sequence_from_DMS_Q423A,111.6583995829999
Estimated_sequence_from_DMS_Q423C,111.62233065099991
Estimated_sequence_from_DMS_Q423D,111.60474840999991
Estimated_sequence_from_DMS_Q423E,111.62671137899991
Estimated_sequence_from_DMS_Q423F,111.6171176249999
Estimated_sequence_from_DMS_Q423G,111.63156319799991
Estimated_sequence_from_DMS_Q423H,111.6101436709999
Estimated_sequence_from_DMS_Q423I,111.61497005899992
Estimated_sequence_from_DMS_Q423K,111.6273640439999
Estimated_sequence_from_DMS_Q423L,111.6052325949999
Estimated_sequence_from_DMS_Q423M,111.6659226009999
Estimated_sequence_from_DMS_Q423N,111.60985334399992
Estimated_sequence_from_DMS_Q423P,111.60184704799991
Estimated_sequence_from_DMS_Q423R,111.5956401799999
Estimated_sequence_from_DMS_Q423S,111.63068549099991
Estimated_sequence_from_DMS_Q423T,111.63471745699991
Estimated_sequence_from_DMS_Q423V,111.63461860299991
Estimated_sequence_from_DMS_Q423W,111.62604417299991
Estimated_sequence_from_DMS_Q423Y,111.61306731499991
Estimated_sequence_from_DMS_D424A,111.60988277299991
Estimated_sequence_from_DMS_D424C,111.60337107799991
Estimated_sequence_from_DMS_D424E,111.65761786199991
Estimated_sequence_from_DMS_D424F,111.63349843199991
Estimated_sequence_from_DMS_D424G,111.6183117339999
Estimated_sequence_from_DMS_D424H,111.60689973499991
Estimated_sequence_from_DMS_D424I,111.6380174989999
Estimated_sequence_from_DMS_D424K,111.60607718299991
Estimated_sequence_from_DMS_D424L,111.62547736999991
Estimated_sequence_from_DMS_D424M,111.6126197609999
Estimated_sequence_from_DMS_D424N,111.62612152699991
Estimated_sequence_from_DMS_D424P,111.6069393289999
Estimated_sequence_from_DMS_D424Q,111.63897833599991
Estimated_sequence_from_DMS_D424R,111.60915342799991
Estimated_sequence_from_DMS_D424S,111.62716592699991
Estimated_sequence_from_DMS_D424T,111.6534897959999
Estimated_sequence_from_DMS_D424V,111.6112725249999
Estimated_sequence_from_DMS_D424W,111.62511210099991
Estimated_sequence_from_DMS_D424Y,111.63080916699991
Estimated_sequence_from_DMS_L425A,111.64046220199991
Estimated_sequence_from_DMS_L425C,111.63722663399992
Estimated_sequence_from_DMS_L425D,111.63146755699991
Estimated_sequence_from_DMS_L425E,111.64264720299991
Estimated_sequence_from_DMS_L425F,111.63645087099991
Estimated_sequence_from_DMS_L425G,111.63062491099991
Estimated_sequence_from_DMS_L425H,111.63901387999991
Estimated_sequence_from_DMS_L425I,111.80465818599991
Estimated_sequence_from_DMS_L425K,111.63090633699991
Estimated_sequence_from_DMS_L425M,111.68484672699991
Estimated_sequence_from_DMS_L425N,111.8221922669999
Estimated_sequence_from_DMS_L425P,111.62727076799992
Estimated_sequence_from_DMS_L425Q,111.6469062629999
Estimated_sequence_from_DMS_L425R,111.63255951099991
Estimated_sequence_from_DMS_L425S,111.63522802799991
Estimated_sequence_from_DMS_L425T,111.6345562939999
Estimated_sequence_from_DMS_L425V,111.75559285899992
Estimated_sequence_from_DMS_L425W,111.64331656299991
Estimated_sequence_from_DMS_L425Y,111.63047516499991
Estimated_sequence_from_DMS_E426A,111.5754800789999
Estimated_sequence_from_DMS_E426C,111.5620737089999
Estimated_sequence_from_DMS_E426D,111.5705095429999
Estimated_sequence_from_DMS_E426F,111.57385985899991
Estimated_sequence_from_DMS_E426G,111.5708525989999
Estimated_sequence_from_DMS_E426H,111.57127570999991
Estimated_sequence_from_DMS_E426I,111.6230879389999
Estimated_sequence_from_DMS_E426K,111.5666251379999
Estimated_sequence_from_DMS_E426L,111.55033399299991
Estimated_sequence_from_DMS_E426M,111.7060547369999
Estimated_sequence_from_DMS_E426N,111.5791258279999
Estimated_sequence_from_DMS_E426P,111.5606174109999
Estimated_sequence_from_DMS_E426Q,111.5517501649999
Estimated_sequence_from_DMS_E426R,111.5567304799999
Estimated_sequence_from_DMS_E426S,111.57227644299991
Estimated_sequence_from_DMS_E426T,111.5828722759999
Estimated_sequence_from_DMS_E426V,111.58414107199991
Estimated_sequence_from_DMS_E426W,111.5603733889999
Estimated_sequence_from_DMS_E426Y,111.5626469969999
Estimated_sequence_from_DMS_K427A,111.72277610699992
Estimated_sequence_from_DMS_K427C,111.75760878899992
Estimated_sequence_from_DMS_K427D,111.71503496699991
Estimated_sequence_from_DMS_K427E,111.74913884799992
Estimated_sequence_from_DMS_K427F,111.71730591599992
Estimated_sequence_from_DMS_K427G,111.71294422399991
Estimated_sequence_from_DMS_K427H,111.71456359799991
Estimated_sequence_from_DMS_K427I,111.71074123399991
Estimated_sequence_from_DMS_K427L,111.74972411799992
Estimated_sequence_from_DMS_K427M,111.71256643599992
Estimated_sequence_from_DMS_K427N,111.75571535899991
Estimated_sequence_from_DMS_K427P,111.7009300679999
Estimated_sequence_from_DMS_K427Q,111.76277419599991
Estimated_sequence_from_DMS_K427R,111.76264827599991
Estimated_sequence_from_DMS_K427S,111.73712460599991
Estimated_sequence_from_DMS_K427T,111.7624169859999
Estimated_sequence_from_DMS_K427V,111.7222539839999
Estimated_sequence_from_DMS_K427W,111.71008322599991
Estimated_sequence_from_DMS_K427Y,111.72893098799992
Estimated_sequence_from_DMS_Y428A,111.5888447319999
Estimated_sequence_from_DMS_Y428C,111.5775754819999
Estimated_sequence_from_DMS_Y428D,111.5853136349999
Estimated_sequence_from_DMS_Y428E,111.5741227079999
Estimated_sequence_from_DMS_Y428F,111.56709893299991
Estimated_sequence_from_DMS_Y428G,111.5596499869999
Estimated_sequence_from_DMS_Y428H,111.5715704799999
Estimated_sequence_from_DMS_Y428I,111.5647069779999
Estimated_sequence_from_DMS_Y428K,111.5640856669999
Estimated_sequence_from_DMS_Y428L,111.58282602699991
Estimated_sequence_from_DMS_Y428M,111.6270631459999
Estimated_sequence_from_DMS_Y428N,111.5934147219999
Estimated_sequence_from_DMS_Y428P,111.5522663229999
Estimated_sequence_from_DMS_Y428Q,111.5586873229999
Estimated_sequence_from_DMS_Y428R,111.63115801499991
Estimated_sequence_from_DMS_Y428S,111.5601009649999
Estimated_sequence_from_DMS_Y428T,111.5768977229999
Estimated_sequence_from_DMS_Y428V,111.56005907399991
Estimated_sequence_from_DMS_Y428W,111.5656807869999
Estimated_sequence_from_DMS_V429A,111.68248276299991
Estimated_sequence_from_DMS_V429C,111.70923672799991
Estimated_sequence_from_DMS_V429D,111.68025099399992
Estimated_sequence_from_DMS_V429E,111.68287692799991
Estimated_sequence_from_DMS_V429F,111.70123534599992
Estimated_sequence_from_DMS_V429G,111.68392518199991
Estimated_sequence_from_DMS_V429H,111.69148751199991
Estimated_sequence_from_DMS_V429I,111.79699252799992
Estimated_sequence_from_DMS_V429K,111.68807929399992
Estimated_sequence_from_DMS_V429L,111.69694179899992
Estimated_sequence_from_DMS_V429M,111.76158559599992
Estimated_sequence_from_DMS_V429N,111.83151896099992
Estimated_sequence_from_DMS_V429P,111.68104134099991
Estimated_sequence_from_DMS_V429Q,111.69733346299992
Estimated_sequence_from_DMS_V429R,111.68318514699992
Estimated_sequence_from_DMS_V429S,111.68281256799992
Estimated_sequence_from_DMS_V429T,111.79101871799992
Estimated_sequence_from_DMS_V429W,111.68668636899991
Estimated_sequence_from_DMS_V429Y,111.68711806699991
Estimated_sequence_from_DMS_E430A,111.5316655409999
Estimated_sequence_from_DMS_E430C,111.5396987629999
Estimated_sequence_from_DMS_E430D,111.5600173039999
Estimated_sequence_from_DMS_E430F,111.5293225129999
Estimated_sequence_from_DMS_E430G,111.5716682099999
Estimated_sequence_from_DMS_E430H,111.5249128849999
Estimated_sequence_from_DMS_E430I,111.5552050359999
Estimated_sequence_from_DMS_E430K,111.5313106709999
Estimated_sequence_from_DMS_E430L,111.5480000509999
Estimated_sequence_from_DMS_E430M,111.5628307969999
Estimated_sequence_from_DMS_E430N,111.54877076699991
Estimated_sequence_from_DMS_E430P,111.5255851619999
Estimated_sequence_from_DMS_E430Q,111.55014576799991
Estimated_sequence_from_DMS_E430R,111.5260067959999
Estimated_sequence_from_DMS_E430S,111.5498126469999
Estimated_sequence_from_DMS_E430T,111.55339502299991
Estimated_sequence_from_DMS_E430V,111.5370682839999
Estimated_sequence_from_DMS_E430W,111.5330607169999
Estimated_sequence_from_DMS_E430Y,111.5682017509999
Estimated_sequence_from_DMS_D431A,111.59926047099991
Estimated_sequence_from_DMS_D431C,111.5704260529999
Estimated_sequence_from_DMS_D431E,111.6304922029999
Estimated_sequence_from_DMS_D431F,111.5692409489999
Estimated_sequence_from_DMS_D431G,111.6684537199999
Estimated_sequence_from_DMS_D431H,111.5765511739999
Estimated_sequence_from_DMS_D431I,111.58985739799991
Estimated_sequence_from_DMS_D431K,111.58938558799991
Estimated_sequence_from_DMS_D431L,111.5700289049999
Estimated_sequence_from_DMS_D431M,111.58768347199991
Estimated_sequence_from_DMS_D431N,111.61030388199991
Estimated_sequence_from_DMS_D431P,111.5708898779999
Estimated_sequence_from_DMS_D431Q,111.5884123439999
Estimated_sequence_from_DMS_D431R,111.5734728659999
Estimated_sequence_from_DMS_D431S,111.6082689079999
Estimated_sequence_from_DMS_D431T,111.62739369099991
Estimated_sequence_from_DMS_D431V,111.57765296799991
Estimated_sequence_from_DMS_D431W,111.5737610109999
Estimated_sequence_from_DMS_D431Y,111.5995090249999
Estimated_sequence_from_DMS_T432A,111.71980268199991
Estimated_sequence_from_DMS_T432C,111.7024078749999
Estimated_sequence_from_DMS_T432D,111.6768448179999
Estimated_sequence_from_DMS_T432E,111.7354707189999
Estimated_sequence_from_DMS_T432F,111.6672116039999
Estimated_sequence_from_DMS_T432G,111.6618938819999
Estimated_sequence_from_DMS_T432H,111.6770253489999
Estimated_sequence_from_DMS_T432I,111.6664763869999
Estimated_sequence_from_DMS_T432K,111.6518890899999
Estimated_sequence_from_DMS_T432L,111.6767567869999
Estimated_sequence_from_DMS_T432M,111.7063204169999
Estimated_sequence_from_DMS_T432N,111.6674261579999
Estimated_sequence_from_DMS_T432P,111.6771959689999
Estimated_sequence_from_DMS_T432Q,111.6787727089999
Estimated_sequence_from_DMS_T432R,111.65073206299991
Estimated_sequence_from_DMS_T432S,111.7567197249999
Estimated_sequence_from_DMS_T432V,111.6953718309999
Estimated_sequence_from_DMS_T432W,111.6525572489999
Estimated_sequence_from_DMS_T432Y,111.6800442529999
Estimated_sequence_from_DMS_K433A,111.66366957099991
Estimated_sequence_from_DMS_K433C,111.62987482899992
Estimated_sequence_from_DMS_K433D,111.63345683699991
Estimated_sequence_from_DMS_K433E,111.64478267199992
Estimated_sequence_from_DMS_K433F,111.65335282399991
Estimated_sequence_from_DMS_K433G,111.65023403399991
Estimated_sequence_from_DMS_K433H,111.64193005399991
Estimated_sequence_from_DMS_K433I,111.63449465399991
Estimated_sequence_from_DMS_K433L,111.63237712899992
Estimated_sequence_from_DMS_K433M,111.64673443599992
Estimated_sequence_from_DMS_K433N,111.66449815099992
Estimated_sequence_from_DMS_K433P,111.61520990999992
Estimated_sequence_from_DMS_K433Q,111.64841997999991
Estimated_sequence_from_DMS_K433R,111.65255933199991
Estimated_sequence_from_DMS_K433S,111.65692594999992
Estimated_sequence_from_DMS_K433T,111.68125237999992
Estimated_sequence_from_DMS_K433V,111.67774005099992
Estimated_sequence_from_DMS_K433W,111.63354398999991
Estimated_sequence_from_DMS_K433Y,111.67687460199991
Estimated_sequence_from_DMS_I434A,111.66163660799991
Estimated_sequence_from_DMS_I434C,111.62564695899991
Estimated_sequence_from_DMS_I434D,111.6624346519999
Estimated_sequence_from_DMS_I434E,111.64290853299991
Estimated_sequence_from_DMS_I434F,111.61550619899991
Estimated_sequence_from_DMS_I434G,111.62381203699991
Estimated_sequence_from_DMS_I434H,111.6248965959999
Estimated_sequence_from_DMS_I434K,111.6291422199999
Estimated_sequence_from_DMS_I434L,111.6604069549999
Estimated_sequence_from_DMS_I434M,111.64633243299991
Estimated_sequence_from_DMS_I434N,111.6506051499999
Estimated_sequence_from_DMS_I434P,111.6094676159999
Estimated_sequence_from_DMS_I434Q,111.6469328629999
Estimated_sequence_from_DMS_I434R,111.6147189279999
Estimated_sequence_from_DMS_I434S,111.6393400739999
Estimated_sequence_from_DMS_I434T,111.68141541599991
Estimated_sequence_from_DMS_I434V,111.68648770299991
Estimated_sequence_from_DMS_I434W,111.64117051099991
Estimated_sequence_from_DMS_I434Y,111.62929841099991
Estimated_sequence_from_DMS_D435A,111.5569851369999
Estimated_sequence_from_DMS_D435C,111.53397947099991
Estimated_sequence_from_DMS_D435E,111.6157693279999
Estimated_sequence_from_DMS_D435F,111.5184495149999
Estimated_sequence_from_DMS_D435G,111.5355164449999
Estimated_sequence_from_DMS_D435H,111.5174770499999
Estimated_sequence_from_DMS_D435I,111.5197636379999
Estimated_sequence_from_DMS_D435K,111.5138649299999
Estimated_sequence_from_DMS_D435L,111.5104016289999
Estimated_sequence_from_DMS_D435M,111.5241550759999
Estimated_sequence_from_DMS_D435N,111.55636834499991
Estimated_sequence_from_DMS_D435P,111.5061200679999
Estimated_sequence_from_DMS_D435Q,111.51630451299991
Estimated_sequence_from_DMS_D435R,111.5175369399999
Estimated_sequence_from_DMS_D435S,111.5461118119999
Estimated_sequence_from_DMS_D435T,111.5371353549999
Estimated_sequence_from_DMS_D435V,111.5150684619999
Estimated_sequence_from_DMS_D435W,111.5062993409999
Estimated_sequence_from_DMS_D435Y,111.51248129299991
Estimated_sequence_from_DMS_L436A,111.5941594569999
Estimated_sequence_from_DMS_L436C,111.59027644699991
Estimated_sequence_from_DMS_L436D,111.58401750599991
Estimated_sequence_from_DMS_L436E,111.58326791299991
Estimated_sequence_from_DMS_L436F,111.61639273299991
Estimated_sequence_from_DMS_L436G,111.5785526489999
Estimated_sequence_from_DMS_L436H,111.5805568329999
Estimated_sequence_from_DMS_L436I,111.72657349399991
Estimated_sequence_from_DMS_L436K,111.57718443899991
Estimated_sequence_from_DMS_L436M,111.66576712299991
Estimated_sequence_from_DMS_L436N,111.58246527799992
Estimated_sequence_from_DMS_L436P,111.5878664409999
Estimated_sequence_from_DMS_L436Q,111.6364246169999
Estimated_sequence_from_DMS_L436R,111.58811866399991
Estimated_sequence_from_DMS_L436S,111.59001229999991
Estimated_sequence_from_DMS_L436T,111.5898687219999
Estimated_sequence_from_DMS_L436V,111.63823551699991
Estimated_sequence_from_DMS_L436W,111.58881774399991
Estimated_sequence_from_DMS_L436Y,111.57538160999991
Estimated_sequence_from_DMS_W437A,111.49637366199991
Estimated_sequence_from_DMS_W437C,111.51005295299991
Estimated_sequence_from_DMS_W437D,111.49636583699991
Estimated_sequence_from_DMS_W437E,111.50342188899991
Estimated_sequence_from_DMS_W437F,111.5135828929999
Estimated_sequence_from_DMS_W437G,111.52674131599991
Estimated_sequence_from_DMS_W437H,111.5107494149999
Estimated_sequence_from_DMS_W437I,111.50848107999991
Estimated_sequence_from_DMS_W437K,111.50520129299991
Estimated_sequence_from_DMS_W437L,111.52124182799992
Estimated_sequence_from_DMS_W437M,111.51474904499992
Estimated_sequence_from_DMS_W437N,111.51598323499991
Estimated_sequence_from_DMS_W437P,111.49463566799992
Estimated_sequence_from_DMS_W437Q,111.51509959599991
Estimated_sequence_from_DMS_W437R,111.50848996299992
Estimated_sequence_from_DMS_W437S,111.50477564499991
Estimated_sequence_from_DMS_W437T,111.50998322099991
Estimated_sequence_from_DMS_W437V,111.49512891699992
Estimated_sequence_from_DMS_W437Y,111.49902464799992
Estimated_sequence_from_DMS_S438A,111.49528055299992
Estimated_sequence_from_DMS_S438C,111.53505784899991
Estimated_sequence_from_DMS_S438D,111.53021979399992
Estimated_sequence_from_DMS_S438E,111.52665529899991
Estimated_sequence_from_DMS_S438F,111.50577681699991
Estimated_sequence_from_DMS_S438G,111.50940217299991
Estimated_sequence_from_DMS_S438H,111.52368677899992
Estimated_sequence_from_DMS_S438I,111.51085443099991
Estimated_sequence_from_DMS_S438K,111.54686013099992
Estimated_sequence_from_DMS_S438L,111.51618535299991
Estimated_sequence_from_DMS_S438M,111.53323518999991
Estimated_sequence_from_DMS_S438N,111.52987559599991
Estimated_sequence_from_DMS_S438P,111.51110513499991
Estimated_sequence_from_DMS_S438Q,111.5193823549999
Estimated_sequence_from_DMS_S438R,111.51453721099992
Estimated_sequence_from_DMS_S438T,111.55134346699991
Estimated_sequence_from_DMS_S438V,111.50119144599991
Estimated_sequence_from_DMS_S438W,111.52950066999992
Estimated_sequence_from_DMS_S438Y,111.5116708549999
Estimated_sequence_from_DMS_Y439A,111.64760021599992
Estimated_sequence_from_DMS_Y439C,111.59903444499992
Estimated_sequence_from_DMS_Y439D,111.59434072199991
Estimated_sequence_from_DMS_Y439E,111.6023521029999
Estimated_sequence_from_DMS_Y439F,111.67892616699991
Estimated_sequence_from_DMS_Y439G,111.5878937019999
Estimated_sequence_from_DMS_Y439H,111.61821712399991
Estimated_sequence_from_DMS_Y439I,111.5951439839999
Estimated_sequence_from_DMS_Y439K,111.68807133399991
Estimated_sequence_from_DMS_Y439L,111.6290768699999
Estimated_sequence_from_DMS_Y439M,111.6033322729999
Estimated_sequence_from_DMS_Y439N,111.61924582199991
Estimated_sequence_from_DMS_Y439P,111.59089451399991
Estimated_sequence_from_DMS_Y439Q,111.61411243199991
Estimated_sequence_from_DMS_Y439R,111.59909097899991
Estimated_sequence_from_DMS_Y439S,111.5905234809999
Estimated_sequence_from_DMS_Y439T,111.5947222149999
Estimated_sequence_from_DMS_Y439V,111.5913541469999
Estimated_sequence_from_DMS_Y439W,111.6075857359999
Estimated_sequence_from_DMS_N440A,111.5572195899999
Estimated_sequence_from_DMS_N440C,111.6035659319999
Estimated_sequence_from_DMS_N440D,111.5633299809999
Estimated_sequence_from_DMS_N440E,111.5950488109999
Estimated_sequence_from_DMS_N440F,111.5924296979999
Estimated_sequence_from_DMS_N440G,111.5667793529999
Estimated_sequence_from_DMS_N440H,111.5701137369999
Estimated_sequence_from_DMS_N440I,111.5829215399999
Estimated_sequence_from_DMS_N440K,111.5670155399999
Estimated_sequence_from_DMS_N440L,111.6200714899999
Estimated_sequence_from_DMS_N440M,111.5698698189999
Estimated_sequence_from_DMS_N440P,111.55611253799991
Estimated_sequence_from_DMS_N440Q,111.6022135329999
Estimated_sequence_from_DMS_N440R,111.5541479799999
Estimated_sequence_from_DMS_N440S,111.5875100109999
Estimated_sequence_from_DMS_N440T,111.5595297449999
Estimated_sequence_from_DMS_N440V,111.5701033299999
Estimated_sequence_from_DMS_N440W,111.5552294959999
Estimated_sequence_from_DMS_N440Y,111.5671150419999
Estimated_sequence_from_DMS_A441C,111.52790826499991
Estimated_sequence_from_DMS_A441D,111.4727474439999
Estimated_sequence_from_DMS_A441E,111.49237043799991
Estimated_sequence_from_DMS_A441F,111.4783510969999
Estimated_sequence_from_DMS_A441G,111.4786988269999
Estimated_sequence_from_DMS_A441H,111.50817506999991
Estimated_sequence_from_DMS_A441I,111.4870900959999
Estimated_sequence_from_DMS_A441K,111.51222300499991
Estimated_sequence_from_DMS_A441L,111.50035912299991
Estimated_sequence_from_DMS_A441M,111.4962143959999
Estimated_sequence_from_DMS_A441N,111.4779599689999
Estimated_sequence_from_DMS_A441P,111.48026736299991
Estimated_sequence_from_DMS_A441Q,111.4824998249999
Estimated_sequence_from_DMS_A441R,111.49080503899991
Estimated_sequence_from_DMS_A441S,111.50026393499991
Estimated_sequence_from_DMS_A441T,111.4825208769999
Estimated_sequence_from_DMS_A441V,111.5260148699999
Estimated_sequence_from_DMS_A441W,111.4857896809999
Estimated_sequence_from_DMS_A441Y,111.49408762599991
Estimated_sequence_from_DMS_E442A,111.57315844499992
Estimated_sequence_from_DMS_E442C,111.54693380099991
Estimated_sequence_from_DMS_E442D,111.69075782599991
Estimated_sequence_from_DMS_E442F,111.59155377299992
Estimated_sequence_from_DMS_E442G,111.61725007799991
Estimated_sequence_from_DMS_E442H,111.5570086359999
Estimated_sequence_from_DMS_E442I,111.55944808699991
Estimated_sequence_from_DMS_E442K,111.56409507199992
Estimated_sequence_from_DMS_E442L,111.54439866399991
Estimated_sequence_from_DMS_E442M,111.58312512499991
Estimated_sequence_from_DMS_E442N,111.58515243099991
Estimated_sequence_from_DMS_E442P,111.55365163799992
Estimated_sequence_from_DMS_E442Q,111.57842471499991
Estimated_sequence_from_DMS_E442R,111.55312055199991
Estimated_sequence_from_DMS_E442S,111.55335029999992
Estimated_sequence_from_DMS_E442T,111.56589963999991
Estimated_sequence_from_DMS_E442V,111.56236525699991
Estimated_sequence_from_DMS_E442W,111.58091021799991
Estimated_sequence_from_DMS_E442Y,111.58336400699991
Estimated_sequence_from_DMS_L443A,111.65277095999991
Estimated_sequence_from_DMS_L443C,111.68988534199991
Estimated_sequence_from_DMS_L443D,111.63435728999991
Estimated_sequence_from_DMS_L443E,111.63493003899991
Estimated_sequence_from_DMS_L443F,111.68142590899991
Estimated_sequence_from_DMS_L443G,111.6340215829999
Estimated_sequence_from_DMS_L443H,111.6492311259999
Estimated_sequence_from_DMS_L443I,111.67389938499991
Estimated_sequence_from_DMS_L443K,111.6355542479999
Estimated_sequence_from_DMS_L443M,111.7069489159999
Estimated_sequence_from_DMS_L443N,111.6480793579999
Estimated_sequence_from_DMS_L443P,111.63747230699991
Estimated_sequence_from_DMS_L443Q,111.71403480399991
Estimated_sequence_from_DMS_L443R,111.64113469199991
Estimated_sequence_from_DMS_L443S,111.64031499399991
Estimated_sequence_from_DMS_L443T,111.70417599899992
Estimated_sequence_from_DMS_L443V,111.72079355299991
Estimated_sequence_from_DMS_L443W,111.66997023499991
Estimated_sequence_from_DMS_L443Y,111.6448424859999
Estimated_sequence_from_DMS_L444A,111.71516192399991
Estimated_sequence_from_DMS_L444C,111.6477602699999
Estimated_sequence_from_DMS_L444D,111.6387615559999
Estimated_sequence_from_DMS_L444E,111.66334905099991
Estimated_sequence_from_DMS_L444F,111.6761112099999
Estimated_sequence_from_DMS_L444G,111.6375482789999
Estimated_sequence_from_DMS_L444H,111.64238271799991
Estimated_sequence_from_DMS_L444I,111.76794719699991
Estimated_sequence_from_DMS_L444K,111.6356659179999
Estimated_sequence_from_DMS_L444M,111.7111172349999
Estimated_sequence_from_DMS_L444N,111.6378198699999
Estimated_sequence_from_DMS_L444P,111.63218412899991
Estimated_sequence_from_DMS_L444Q,111.69330954999991
Estimated_sequence_from_DMS_L444R,111.63826210499991
Estimated_sequence_from_DMS_L444S,111.6486666319999
Estimated_sequence_from_DMS_L444T,111.65216573099991
Estimated_sequence_from_DMS_L444V,111.6902948589999
Estimated_sequence_from_DMS_L444W,111.66935033599991
Estimated_sequence_from_DMS_L444Y,111.6757974179999
Estimated_sequence_from_DMS_V445A,111.56171024499992
Estimated_sequence_from_DMS_V445C,111.55976967499991
Estimated_sequence_from_DMS_V445D,111.55562366499991
Estimated_sequence_from_DMS_V445E,111.56467383199991
Estimated_sequence_from_DMS_V445F,111.56632737299991
Estimated_sequence_from_DMS_V445G,111.56500588699991
Estimated_sequence_from_DMS_V445H,111.56008215399991
Estimated_sequence_from_DMS_V445I,111.61426270799991
Estimated_sequence_from_DMS_V445K,111.56148231599991
Estimated_sequence_from_DMS_V445L,111.57347838799991
Estimated_sequence_from_DMS_V445M,111.55635340799991
Estimated_sequence_from_DMS_V445N,111.56697506799992
Estimated_sequence_from_DMS_V445P,111.55589454399991
Estimated_sequence_from_DMS_V445Q,111.56504642199991
Estimated_sequence_from_DMS_V445R,111.55502703699992
Estimated_sequence_from_DMS_V445S,111.55317322599991
Estimated_sequence_from_DMS_V445T,111.82258220999991
Estimated_sequence_from_DMS_V445W,111.59537543099991
Estimated_sequence_from_DMS_V445Y,111.57537345799992
Estimated_sequence_from_DMS_A446C,111.6875599519999
Estimated_sequence_from_DMS_A446D,111.7034052339999
Estimated_sequence_from_DMS_A446E,111.7124320579999
Estimated_sequence_from_DMS_A446F,111.6821383849999
Estimated_sequence_from_DMS_A446G,111.69535101899992
Estimated_sequence_from_DMS_A446H,111.6924622529999
Estimated_sequence_from_DMS_A446I,111.6826266539999
Estimated_sequence_from_DMS_A446K,111.7159476619999
Estimated_sequence_from_DMS_A446L,111.71642482699991
Estimated_sequence_from_DMS_A446M,111.7134513939999
Estimated_sequence_from_DMS_A446N,111.7925308809999
Estimated_sequence_from_DMS_A446P,111.67113013399991
Estimated_sequence_from_DMS_A446Q,111.7284863089999
Estimated_sequence_from_DMS_A446R,111.7325552929999
Estimated_sequence_from_DMS_A446S,111.77456351599992
Estimated_sequence_from_DMS_A446T,111.7304493279999
Estimated_sequence_from_DMS_A446V,111.6866086249999
Estimated_sequence_from_DMS_A446W,111.6840885779999
Estimated_sequence_from_DMS_A446Y,111.69195910599991
Estimated_sequence_from_DMS_L447A,111.66901353799992
Estimated_sequence_from_DMS_L447C,111.64934988399992
Estimated_sequence_from_DMS_L447D,111.66262863999991
Estimated_sequence_from_DMS_L447E,111.69886295199991
Estimated_sequence_from_DMS_L447F,111.70212570499992
Estimated_sequence_from_DMS_L447G,111.64664466299992
Estimated_sequence_from_DMS_L447H,111.6694535749999
Estimated_sequence_from_DMS_L447I,111.7025986009999
Estimated_sequence_from_DMS_L447K,111.6527829979999
Estimated_sequence_from_DMS_L447M,111.72211014699991
Estimated_sequence_from_DMS_L447N,111.66038824399992
Estimated_sequence_from_DMS_L447P,111.65098244899991
Estimated_sequence_from_DMS_L447Q,111.66473787299991
Estimated_sequence_from_DMS_L447R,111.66025014999991
Estimated_sequence_from_DMS_L447S,111.67682226399991
Estimated_sequence_from_DMS_L447T,111.69206402999991
Estimated_sequence_from_DMS_L447V,111.74627415699992
Estimated_sequence_from_DMS_L447W,111.69776253599991
Estimated_sequence_from_DMS_L447Y,111.73230261999991
Estimated_sequence_from_DMS_E448A,111.48457300299991
Estimated_sequence_from_DMS_E448C,111.49787749799991
Estimated_sequence_from_DMS_E448D,111.5165119959999
Estimated_sequence_from_DMS_E448F,111.49491057299991
Estimated_sequence_from_DMS_E448G,111.52188961199991
Estimated_sequence_from_DMS_E448H,111.50253498499991
Estimated_sequence_from_DMS_E448I,111.4918017209999
Estimated_sequence_from_DMS_E448K,111.5324430979999
Estimated_sequence_from_DMS_E448L,111.4937609919999
Estimated_sequence_from_DMS_E448M,111.50274846899991
Estimated_sequence_from_DMS_E448N,111.5742864309999
Estimated_sequence_from_DMS_E448P,111.47889675899991
Estimated_sequence_from_DMS_E448Q,111.5209147419999
Estimated_sequence_from_DMS_E448R,111.48084725399991
Estimated_sequence_from_DMS_E448S,111.50692148899991
Estimated_sequence_from_DMS_E448T,111.4911879749999
Estimated_sequence_from_DMS_E448V,111.49192007199991
Estimated_sequence_from_DMS_E448W,111.49010731299991
Estimated_sequence_from_DMS_E448Y,111.4871829029999
Estimated_sequence_from_DMS_N449A,111.53863745799991
Estimated_sequence_from_DMS_N449C,111.52333895099991
Estimated_sequence_from_DMS_N449D,111.55116768899991
Estimated_sequence_from_DMS_N449E,111.53470860099992
Estimated_sequence_from_DMS_N449F,111.53769764599991
Estimated_sequence_from_DMS_N449G,111.52476005999992
Estimated_sequence_from_DMS_N449H,111.53238772999991
Estimated_sequence_from_DMS_N449I,111.52613653699991
Estimated_sequence_from_DMS_N449K,111.55597042799991
Estimated_sequence_from_DMS_N449L,111.52640782599991
Estimated_sequence_from_DMS_N449M,111.53696946399991
Estimated_sequence_from_DMS_N449P,111.51761944599991
Estimated_sequence_from_DMS_N449Q,111.53639273999991
Estimated_sequence_from_DMS_N449R,111.56082164799992
Estimated_sequence_from_DMS_N449S,111.58611373399991
Estimated_sequence_from_DMS_N449T,111.52044037599991
Estimated_sequence_from_DMS_N449V,111.51959339099992
Estimated_sequence_from_DMS_N449W,111.57236681599991
Estimated_sequence_from_DMS_N449Y,111.54289850499991
Estimated_sequence_from_DMS_Q450A,111.57653080199991
Estimated_sequence_from_DMS_Q450C,111.5812114669999
Estimated_sequence_from_DMS_Q450D,111.5939188589999
Estimated_sequence_from_DMS_Q450E,111.6773356259999
Estimated_sequence_from_DMS_Q450F,111.6044883209999
Estimated_sequence_from_DMS_Q450G,111.6002283059999
Estimated_sequence_from_DMS_Q450H,111.5923046519999
Estimated_sequence_from_DMS_Q450I,111.5803722899999
Estimated_sequence_from_DMS_Q450K,111.6085875199999
Estimated_sequence_from_DMS_Q450L,111.5952247499999
Estimated_sequence_from_DMS_Q450M,111.5884285649999
Estimated_sequence_from_DMS_Q450N,111.5899906679999
Estimated_sequence_from_DMS_Q450P,111.5771243959999
Estimated_sequence_from_DMS_Q450R,111.5719616529999
Estimated_sequence_from_DMS_Q450S,111.6079050689999
Estimated_sequence_from_DMS_Q450T,111.6666398269999
Estimated_sequence_from_DMS_Q450V,111.6013553759999
Estimated_sequence_from_DMS_Q450W,111.60279775799991
Estimated_sequence_from_DMS_Q450Y,111.5806881799999
Estimated_sequence_from_DMS_H451A,111.6521884049999
Estimated_sequence_from_DMS_H451C,111.60980504399991
Estimated_sequence_from_DMS_H451D,111.62200058999991
Estimated_sequence_from_DMS_H451E,111.6929038649999
Estimated_sequence_from_DMS_H451F,111.6425239829999
Estimated_sequence_from_DMS_H451G,111.63460866499992
Estimated_sequence_from_DMS_H451I,111.6373067179999
Estimated_sequence_from_DMS_H451K,111.63979700199991
Estimated_sequence_from_DMS_H451L,111.64284923299991
Estimated_sequence_from_DMS_H451M,111.67953303299991
Estimated_sequence_from_DMS_H451N,111.63320971199991
Estimated_sequence_from_DMS_H451P,111.6212987959999
Estimated_sequence_from_DMS_H451Q,111.69298178099992
Estimated_sequence_from_DMS_H451R,111.64963535899992
Estimated_sequence_from_DMS_H451S,111.61068106899991
Estimated_sequence_from_DMS_H451T,111.62345971199991
Estimated_sequence_from_DMS_H451V,111.63039823399991
Estimated_sequence_from_DMS_H451W,111.64186033799992
Estimated_sequence_from_DMS_H451Y,111.63134096699991
Estimated_sequence_from_DMS_T452A,111.4755005259999
Estimated_sequence_from_DMS_T452C,111.4578523289999
Estimated_sequence_from_DMS_T452D,111.4685488969999
Estimated_sequence_from_DMS_T452E,111.46344624399991
Estimated_sequence_from_DMS_T452F,111.4733370039999
Estimated_sequence_from_DMS_T452G,111.4584330749999
Estimated_sequence_from_DMS_T452H,111.4579401829999
Estimated_sequence_from_DMS_T452I,111.5584595089999
Estimated_sequence_from_DMS_T452K,111.4675761079999
Estimated_sequence_from_DMS_T452L,111.4760799229999
Estimated_sequence_from_DMS_T452M,111.5046828549999
Estimated_sequence_from_DMS_T452N,111.4582229809999
Estimated_sequence_from_DMS_T452P,111.5012394979999
Estimated_sequence_from_DMS_T452Q,111.4752383889999
Estimated_sequence_from_DMS_T452R,111.45630290299991
Estimated_sequence_from_DMS_T452S,111.47008361599991
Estimated_sequence_from_DMS_T452V,111.5498792059999
Estimated_sequence_from_DMS_T452W,111.4598922269999
Estimated_sequence_from_DMS_T452Y,111.4674289109999
Estimated_sequence_from_DMS_I453A,111.58616606599992
Estimated_sequence_from_DMS_I453C,111.57458919099992
Estimated_sequence_from_DMS_I453D,111.57244748499991
Estimated_sequence_from_DMS_I453E,111.58166518999991
Estimated_sequence_from_DMS_I453F,111.57522944499992
Estimated_sequence_from_DMS_I453G,111.60676504199992
Estimated_sequence_from_DMS_I453H,111.59176851899991
Estimated_sequence_from_DMS_I453K,111.57928932899992
Estimated_sequence_from_DMS_I453L,111.69851828199991
Estimated_sequence_from_DMS_I453M,111.61621464299992
Estimated_sequence_from_DMS_I453N,111.57655293899991
Estimated_sequence_from_DMS_I453P,111.57165763999991
Estimated_sequence_from_DMS_I453Q,111.60371341599992
Estimated_sequence_from_DMS_I453R,111.58282729699991
Estimated_sequence_from_DMS_I453S,111.57424723999992
Estimated_sequence_from_DMS_I453T,111.57816701299991
Estimated_sequence_from_DMS_I453V,111.71098423499991
Estimated_sequence_from_DMS_I453W,111.57074917099992
Estimated_sequence_from_DMS_I453Y,111.63030784099992
Estimated_sequence_from_DMS_D454A,111.70978367699992
Estimated_sequence_from_DMS_D454C,111.64724341499992
Estimated_sequence_from_DMS_D454E,111.75478933799991
Estimated_sequence_from_DMS_D454F,111.67508543499991
Estimated_sequence_from_DMS_D454G,111.65399680599991
Estimated_sequence_from_DMS_D454H,111.73172116299992
Estimated_sequence_from_DMS_D454I,111.67180321299992
Estimated_sequence_from_DMS_D454K,111.66510604199992
Estimated_sequence_from_DMS_D454L,111.67209210199991
Estimated_sequence_from_DMS_D454M,111.68948033799991
Estimated_sequence_from_DMS_D454N,111.65954149599992
Estimated_sequence_from_DMS_D454P,111.64448838099992
Estimated_sequence_from_DMS_D454Q,111.69549390399992
Estimated_sequence_from_DMS_D454R,111.65337123999991
Estimated_sequence_from_DMS_D454S,111.66952065899991
Estimated_sequence_from_DMS_D454T,111.69015548699991
Estimated_sequence_from_DMS_D454V,111.67215661999991
Estimated_sequence_from_DMS_D454W,111.68665782999992
Estimated_sequence_from_DMS_D454Y,111.67525529999992
Estimated_sequence_from_DMS_L455A,111.71750974699991
Estimated_sequence_from_DMS_L455C,111.6597887089999
Estimated_sequence_from_DMS_L455D,111.6581393319999
Estimated_sequence_from_DMS_L455E,111.6612709919999
Estimated_sequence_from_DMS_L455F,111.72877334499991
Estimated_sequence_from_DMS_L455G,111.6535855509999
Estimated_sequence_from_DMS_L455H,111.66310894999991
Estimated_sequence_from_DMS_L455I,111.6812678589999
Estimated_sequence_from_DMS_L455K,111.6668668409999
Estimated_sequence_from_DMS_L455M,111.76397740199991
Estimated_sequence_from_DMS_L455N,111.66605237199991
Estimated_sequence_from_DMS_L455P,111.6714551069999
Estimated_sequence_from_DMS_L455Q,111.6887247639999
Estimated_sequence_from_DMS_L455R,111.6530221039999
Estimated_sequence_from_DMS_L455S,111.6619031969999
Estimated_sequence_from_DMS_L455T,111.6980472509999
Estimated_sequence_from_DMS_L455V,111.75683384999991
Estimated_sequence_from_DMS_L455W,111.7129893419999
Estimated_sequence_from_DMS_L455Y,111.7189253139999
Estimated_sequence_from_DMS_T456A,111.6401709169999
Estimated_sequence_from_DMS_T456C,111.65457574299991
Estimated_sequence_from_DMS_T456D,111.60013690899991
Estimated_sequence_from_DMS_T456E,111.6087028229999
Estimated_sequence_from_DMS_T456F,111.6548844989999
Estimated_sequence_from_DMS_T456G,111.5986881939999
Estimated_sequence_from_DMS_T456H,111.58754708899991
Estimated_sequence_from_DMS_T456I,111.6023703979999
Estimated_sequence_from_DMS_T456K,111.58867836099991
Estimated_sequence_from_DMS_T456L,111.70469533499991
Estimated_sequence_from_DMS_T456M,111.64804449299992
Estimated_sequence_from_DMS_T456N,111.6160761559999
Estimated_sequence_from_DMS_T456P,111.59109785399991
Estimated_sequence_from_DMS_T456Q,111.5932416049999
Estimated_sequence_from_DMS_T456R,111.5850626319999
Estimated_sequence_from_DMS_T456S,111.59280479999991
Estimated_sequence_from_DMS_T456V,111.5848182249999
Estimated_sequence_from_DMS_T456W,111.5931088219999
Estimated_sequence_from_DMS_T456Y,111.60019225199991
Estimated_sequence_from_DMS_D457A,111.69118117399991
Estimated_sequence_from_DMS_D457C,111.58778619199991
Estimated_sequence_from_DMS_D457E,111.65197183399991
Estimated_sequence_from_DMS_D457F,111.6121384309999
Estimated_sequence_from_DMS_D457G,111.59679129999991
Estimated_sequence_from_DMS_D457H,111.5890187759999
Estimated_sequence_from_DMS_D457I,111.5990325249999
Estimated_sequence_from_DMS_D457K,111.6052060989999
Estimated_sequence_from_DMS_D457L,111.58792029599991
Estimated_sequence_from_DMS_D457M,111.63224318499991
Estimated_sequence_from_DMS_D457N,111.6138240489999
Estimated_sequence_from_DMS_D457P,111.59128184399991
Estimated_sequence_from_DMS_D457Q,111.6437470149999
Estimated_sequence_from_DMS_D457R,111.5975078239999
Estimated_sequence_from_DMS_D457S,111.60625226099991
Estimated_sequence_from_DMS_D457T,111.62405887999991
Estimated_sequence_from_DMS_D457V,111.6052367529999
Estimated_sequence_from_DMS_D457W,111.6151774449999
Estimated_sequence_from_DMS_D457Y,111.6181209409999
Estimated_sequence_from_DMS_S458A,111.77358636699991
Estimated_sequence_from_DMS_S458C,111.7395909409999
Estimated_sequence_from_DMS_S458D,111.82791156199991
Estimated_sequence_from_DMS_S458E,111.7701135809999
Estimated_sequence_from_DMS_S458F,111.7497709559999
Estimated_sequence_from_DMS_S458G,111.7921837649999
Estimated_sequence_from_DMS_S458H,111.7922018159999
Estimated_sequence_from_DMS_S458I,111.76709294299991
Estimated_sequence_from_DMS_S458K,111.75824866899991
Estimated_sequence_from_DMS_S458L,111.77352954399991
Estimated_sequence_from_DMS_S458M,111.7519299609999
Estimated_sequence_from_DMS_S458N,111.7959698499999
Estimated_sequence_from_DMS_S458P,111.72886583199991
Estimated_sequence_from_DMS_S458Q,111.7670509559999
Estimated_sequence_from_DMS_S458R,111.76328726699991
Estimated_sequence_from_DMS_S458T,111.76300192499991
Estimated_sequence_from_DMS_S458V,111.73650115899991
Estimated_sequence_from_DMS_S458W,111.7514537169999
Estimated_sequence_from_DMS_S458Y,111.75785917499991
Estimated_sequence_from_DMS_E459A,111.71673675799991
Estimated_sequence_from_DMS_E459C,111.68735583299991
Estimated_sequence_from_DMS_E459D,111.69384666299992
Estimated_sequence_from_DMS_E459F,111.74391304599992
Estimated_sequence_from_DMS_E459G,111.66958347799991
Estimated_sequence_from_DMS_E459H,111.70739251099991
Estimated_sequence_from_DMS_E459I,111.69664440099992
Estimated_sequence_from_DMS_E459K,111.7243066899999
Estimated_sequence_from_DMS_E459L,111.72194145599991
Estimated_sequence_from_DMS_E459M,111.70290241899991
Estimated_sequence_from_DMS_E459N,111.68724107899992
Estimated_sequence_from_DMS_E459P,111.6731441009999
Estimated_sequence_from_DMS_E459Q,111.72970041599991
Estimated_sequence_from_DMS_E459R,111.67361370499991
Estimated_sequence_from_DMS_E459S,111.70059084999991
Estimated_sequence_from_DMS_E459T,111.75304296399992
Estimated_sequence_from_DMS_E459V,111.72419044199991
Estimated_sequence_from_DMS_E459W,111.7090629819999
Estimated_sequence_from_DMS_E459Y,111.7189337499999
Estimated_sequence_from_DMS_M460A,111.57963050899991
Estimated_sequence_from_DMS_M460C,111.56816835499991
Estimated_sequence_from_DMS_M460D,111.57483611899991
Estimated_sequence_from_DMS_M460E,111.57976186999991
Estimated_sequence_from_DMS_M460F,111.59317928399992
Estimated_sequence_from_DMS_M460G,111.57721191099992
Estimated_sequence_from_DMS_M460H,111.57311970299992
Estimated_sequence_from_DMS_M460I,111.60636419399991
Estimated_sequence_from_DMS_M460K,111.59877658699992
Estimated_sequence_from_DMS_M460L,111.57678126999991
Estimated_sequence_from_DMS_M460N,111.57301091899991
Estimated_sequence_from_DMS_M460P,111.63519563099992
Estimated_sequence_from_DMS_M460Q,111.58937143199991
Estimated_sequence_from_DMS_M460R,111.57809657299991
Estimated_sequence_from_DMS_M460S,111.58100330999991
Estimated_sequence_from_DMS_M460T,111.63350826799991
Estimated_sequence_from_DMS_M460V,111.60432742699992
Estimated_sequence_from_DMS_M460W,111.67951051599991
Estimated_sequence_from_DMS_M460Y,111.59998220799991
Estimated_sequence_from_DMS_N461A,111.7704096879999
Estimated_sequence_from_DMS_N461C,111.74709799699991
Estimated_sequence_from_DMS_N461D,111.7461553449999
Estimated_sequence_from_DMS_N461E,111.7796209289999
Estimated_sequence_from_DMS_N461F,111.7304942649999
Estimated_sequence_from_DMS_N461G,111.7845089619999
Estimated_sequence_from_DMS_N461H,111.73932163499991
Estimated_sequence_from_DMS_N461I,111.74519950799991
Estimated_sequence_from_DMS_N461K,111.83360830899991
Estimated_sequence_from_DMS_N461L,111.76259869999991
Estimated_sequence_from_DMS_N461M,111.7634991709999
Estimated_sequence_from_DMS_N461P,111.7261985729999
Estimated_sequence_from_DMS_N461Q,111.80172023599991
Estimated_sequence_from_DMS_N461R,111.77796002799991
Estimated_sequence_from_DMS_N461S,111.8046872979999
Estimated_sequence_from_DMS_N461T,111.77298256999991
Estimated_sequence_from_DMS_N461V,111.76753700599991
Estimated_sequence_from_DMS_N461W,111.7314203219999
Estimated_sequence_from_DMS_N461Y,111.74591056399991
Estimated_sequence_from_DMS_K462A,111.72929630999991
Estimated_sequence_from_DMS_K462C,111.68792594999991
Estimated_sequence_from_DMS_K462D,111.68374936999992
Estimated_sequence_from_DMS_K462E,111.69687010899992
Estimated_sequence_from_DMS_K462F,111.69844390899992
Estimated_sequence_from_DMS_K462G,111.70922940399991
Estimated_sequence_from_DMS_K462H,111.72653295399992
Estimated_sequence_from_DMS_K462I,111.71761362099991
Estimated_sequence_from_DMS_K462L,111.73109786999991
Estimated_sequence_from_DMS_K462M,111.69896215799992
Estimated_sequence_from_DMS_K462N,111.72340762499991
Estimated_sequence_from_DMS_K462P,111.67822384199991
Estimated_sequence_from_DMS_K462Q,111.81048354999992
Estimated_sequence_from_DMS_K462R,111.74298199599991
Estimated_sequence_from_DMS_K462S,111.73338884899991
Estimated_sequence_from_DMS_K462T,111.70880942799991
Estimated_sequence_from_DMS_K462V,111.70478449999992
Estimated_sequence_from_DMS_K462W,111.69704405599991
Estimated_sequence_from_DMS_K462Y,111.69138610399992
Estimated_sequence_from_DMS_L463A,111.47759734699991
Estimated_sequence_from_DMS_L463C,111.48950831299992
Estimated_sequence_from_DMS_L463D,111.4799942309999
Estimated_sequence_from_DMS_L463E,111.47556822499992
Estimated_sequence_from_DMS_L463F,111.50406748999991
Estimated_sequence_from_DMS_L463G,111.47052547299991
Estimated_sequence_from_DMS_L463H,111.48261363699991
Estimated_sequence_from_DMS_L463I,111.50592462199991
Estimated_sequence_from_DMS_L463K,111.47082822299991
Estimated_sequence_from_DMS_L463M,111.50292958299991
Estimated_sequence_from_DMS_L463N,111.49324840499992
Estimated_sequence_from_DMS_L463P,111.48755063699991
Estimated_sequence_from_DMS_L463Q,111.50245117599991
Estimated_sequence_from_DMS_L463R,111.4714260109999
Estimated_sequence_from_DMS_L463S,111.50909352499991
Estimated_sequence_from_DMS_L463T,111.46991492199992
Estimated_sequence_from_DMS_L463V,111.49825199599991
Estimated_sequence_from_DMS_L463W,111.47228885099992
Estimated_sequence_from_DMS_L463Y,111.48984421999991
Estimated_sequence_from_DMS_F464A,111.5968693019999
Estimated_sequence_from_DMS_F464C,111.5890292879999
Estimated_sequence_from_DMS_F464D,111.58870483299991
Estimated_sequence_from_DMS_F464E,111.6817983359999
Estimated_sequence_from_DMS_F464G,111.5756615369999
Estimated_sequence_from_DMS_F464H,111.6181525409999
Estimated_sequence_from_DMS_F464I,111.6091804559999
Estimated_sequence_from_DMS_F464K,111.58150627499991
Estimated_sequence_from_DMS_F464L,111.5969089039999
Estimated_sequence_from_DMS_F464M,111.60777849199991
Estimated_sequence_from_DMS_F464N,111.5880844939999
Estimated_sequence_from_DMS_F464P,111.5900134589999
Estimated_sequence_from_DMS_F464Q,111.59190121999991
Estimated_sequence_from_DMS_F464R,111.58721382199991
Estimated_sequence_from_DMS_F464S,111.5875714389999
Estimated_sequence_from_DMS_F464T,111.5884292109999
Estimated_sequence_from_DMS_F464V,111.64158650999991
Estimated_sequence_from_DMS_F464W,111.71524269399991
Estimated_sequence_from_DMS_F464Y,111.68643219099991
Estimated_sequence_from_DMS_E465A,111.74726631399992
Estimated_sequence_from_DMS_E465C,111.70661666499991
Estimated_sequence_from_DMS_E465D,111.72314244899991
Estimated_sequence_from_DMS_E465F,111.7057961719999
Estimated_sequence_from_DMS_E465G,111.71220057399991
Estimated_sequence_from_DMS_E465H,111.72093148499991
Estimated_sequence_from_DMS_E465I,111.73105976199992
Estimated_sequence_from_DMS_E465K,111.71961437499992
Estimated_sequence_from_DMS_E465L,111.76743422199992
Estimated_sequence_from_DMS_E465M,111.90003120699991
Estimated_sequence_from_DMS_E465N,111.69473654899991
Estimated_sequence_from_DMS_E465P,111.69177503799992
Estimated_sequence_from_DMS_E465Q,111.74743726999992
Estimated_sequence_from_DMS_E465R,111.71081366399991
Estimated_sequence_from_DMS_E465S,111.74159475999991
Estimated_sequence_from_DMS_E465T,111.72983503199991
Estimated_sequence_from_DMS_E465V,111.73592568199992
Estimated_sequence_from_DMS_E465W,111.71876754199991
Estimated_sequence_from_DMS_E465Y,111.72883008199992
Estimated_sequence_from_DMS_K466A,111.75961605499991
Estimated_sequence_from_DMS_K466C,111.7126482119999
Estimated_sequence_from_DMS_K466D,111.7638725959999
Estimated_sequence_from_DMS_K466E,111.75169769999991
Estimated_sequence_from_DMS_K466F,111.7403340429999
Estimated_sequence_from_DMS_K466G,111.7362681149999
Estimated_sequence_from_DMS_K466H,111.7642562449999
Estimated_sequence_from_DMS_K466I,111.7252173449999
Estimated_sequence_from_DMS_K466L,111.73736325599991
Estimated_sequence_from_DMS_K466M,111.76134453199991
Estimated_sequence_from_DMS_K466N,111.75778250899991
Estimated_sequence_from_DMS_K466P,111.7110833529999
Estimated_sequence_from_DMS_K466Q,111.7431628999999
Estimated_sequence_from_DMS_K466R,111.80723794099991
Estimated_sequence_from_DMS_K466S,111.7669413349999
Estimated_sequence_from_DMS_K466T,111.7659524299999
Estimated_sequence_from_DMS_K466V,111.75369360499991
Estimated_sequence_from_DMS_K466W,111.7331900409999
Estimated_sequence_from_DMS_K466Y,111.7760132919999
Estimated_sequence_from_DMS_T467A,111.54924844599991
Estimated_sequence_from_DMS_T467C,111.57016202299991
Estimated_sequence_from_DMS_T467D,111.5567198689999
Estimated_sequence_from_DMS_T467E,111.53862767399991
Estimated_sequence_from_DMS_T467F,111.55235298799991
Estimated_sequence_from_DMS_T467G,111.55444949599992
Estimated_sequence_from_DMS_T467H,111.56406224299991
Estimated_sequence_from_DMS_T467I,111.57982820499991
Estimated_sequence_from_DMS_T467K,111.5644528999999
Estimated_sequence_from_DMS_T467L,111.55460066199991
Estimated_sequence_from_DMS_T467M,111.56299485799991
Estimated_sequence_from_DMS_T467N,111.55243190699991
Estimated_sequence_from_DMS_T467P,111.57871272499992
Estimated_sequence_from_DMS_T467Q,111.54492211599991
Estimated_sequence_from_DMS_T467R,111.54718077299991
Estimated_sequence_from_DMS_T467S,111.5419568579999
Estimated_sequence_from_DMS_T467V,111.72227152799991
Estimated_sequence_from_DMS_T467W,111.54588318399992
Estimated_sequence_from_DMS_T467Y,111.53820676899991
Estimated_sequence_from_DMS_K468A,111.6630170729999
Estimated_sequence_from_DMS_K468C,111.61352009399991
Estimated_sequence_from_DMS_K468D,111.62132814199991
Estimated_sequence_from_DMS_K468E,111.67165662499991
Estimated_sequence_from_DMS_K468F,111.62083951299991
Estimated_sequence_from_DMS_K468G,111.65432924499991
Estimated_sequence_from_DMS_K468H,111.62057883299991
Estimated_sequence_from_DMS_K468I,111.61215866599991
Estimated_sequence_from_DMS_K468L,111.61144796999992
Estimated_sequence_from_DMS_K468M,111.62758255699991
Estimated_sequence_from_DMS_K468N,111.6435178719999
Estimated_sequence_from_DMS_K468P,111.6031705079999
Estimated_sequence_from_DMS_K468Q,111.62077032899991
Estimated_sequence_from_DMS_K468R,111.7270464109999
Estimated_sequence_from_DMS_K468S,111.66600394799991
Estimated_sequence_from_DMS_K468T,111.6643572249999
Estimated_sequence_from_DMS_K468V,111.6226780539999
Estimated_sequence_from_DMS_K468W,111.6184193129999
Estimated_sequence_from_DMS_K468Y,111.6033993269999
Estimated_sequence_from_DMS_K469A,111.76987282199991
Estimated_sequence_from_DMS_K469C,111.74088267999991
Estimated_sequence_from_DMS_K469D,111.73999892499991
Estimated_sequence_from_DMS_K469E,111.75365038699991
Estimated_sequence_from_DMS_K469F,111.73912962399991
Estimated_sequence_from_DMS_K469G,111.74647396799992
Estimated_sequence_from_DMS_K469H,111.7535613909999
Estimated_sequence_from_DMS_K469I,111.76255146499992
Estimated_sequence_from_DMS_K469L,111.7848596119999
Estimated_sequence_from_DMS_K469M,111.78235046899991
Estimated_sequence_from_DMS_K469N,111.78309211799991
Estimated_sequence_from_DMS_K469P,111.71497490699991
Estimated_sequence_from_DMS_K469Q,111.7547604459999
Estimated_sequence_from_DMS_K469R,111.7573471709999
Estimated_sequence_from_DMS_K469S,111.77341554399992
Estimated_sequence_from_DMS_K469T,111.76285860699991
Estimated_sequence_from_DMS_K469V,111.74058023999991
Estimated_sequence_from_DMS_K469W,111.74244660899991
Estimated_sequence_from_DMS_K469Y,111.7591020799999
Estimated_sequence_from_DMS_Q470A,111.7370627609999
Estimated_sequence_from_DMS_Q470C,111.72346410299991
Estimated_sequence_from_DMS_Q470D,111.7202075309999
Estimated_sequence_from_DMS_Q470E,111.70683281399991
Estimated_sequence_from_DMS_Q470F,111.72140494999991
Estimated_sequence_from_DMS_Q470G,111.69838448999991
Estimated_sequence_from_DMS_Q470H,111.71178417199991
Estimated_sequence_from_DMS_Q470I,111.76042461999991
Estimated_sequence_from_DMS_Q470K,111.7305299289999
Estimated_sequence_from_DMS_Q470L,111.80319097999991
Estimated_sequence_from_DMS_Q470M,111.85519840099991
Estimated_sequence_from_DMS_Q470N,111.72343978799991
Estimated_sequence_from_DMS_Q470P,111.7116352659999
Estimated_sequence_from_DMS_Q470R,111.70714742799991
Estimated_sequence_from_DMS_Q470S,111.7297059759999
Estimated_sequence_from_DMS_Q470T,111.75402576499991
Estimated_sequence_from_DMS_Q470V,111.76144780699991
Estimated_sequence_from_DMS_Q470W,111.69667267699991
Estimated_sequence_from_DMS_Q470Y,111.71034422699991
Estimated_sequence_from_DMS_L471A,111.44332921699991
Estimated_sequence_from_DMS_L471C,111.43064441399991
Estimated_sequence_from_DMS_L471D,111.41490906599991
Estimated_sequence_from_DMS_L471E,111.4115837879999
Estimated_sequence_from_DMS_L471F,111.4964397689999
Estimated_sequence_from_DMS_L471G,111.4131264449999
Estimated_sequence_from_DMS_L471H,111.4134155169999
Estimated_sequence_from_DMS_L471I,111.41103223899991
Estimated_sequence_from_DMS_L471K,111.4134393069999
Estimated_sequence_from_DMS_L471M,111.43415959399991
Estimated_sequence_from_DMS_L471N,111.4182610949999
Estimated_sequence_from_DMS_L471P,111.42869254999991
Estimated_sequence_from_DMS_L471Q,111.4327149499999
Estimated_sequence_from_DMS_L471R,111.42052096899991
Estimated_sequence_from_DMS_L471S,111.4303673129999
Estimated_sequence_from_DMS_L471T,111.41371697699991
Estimated_sequence_from_DMS_L471V,111.41334088499991
Estimated_sequence_from_DMS_L471W,111.41513915299991
Estimated_sequence_from_DMS_L471Y,111.4168423989999
Estimated_sequence_from_DMS_R472A,111.6878438829999
Estimated_sequence_from_DMS_R472C,111.66296431499991
Estimated_sequence_from_DMS_R472D,111.6832685369999
Estimated_sequence_from_DMS_R472E,111.81254467499991
Estimated_sequence_from_DMS_R472F,111.66048609799991
Estimated_sequence_from_DMS_R472G,111.7181499309999
Estimated_sequence_from_DMS_R472H,111.7550603129999
Estimated_sequence_from_DMS_R472I,111.65689137299991
Estimated_sequence_from_DMS_R472K,111.6859679219999
Estimated_sequence_from_DMS_R472L,111.66442599399991
Estimated_sequence_from_DMS_R472M,111.69093051299991
Estimated_sequence_from_DMS_R472N,111.67857424099991
Estimated_sequence_from_DMS_R472P,111.6521541939999
Estimated_sequence_from_DMS_R472Q,111.6932352659999
Estimated_sequence_from_DMS_R472S,111.70550315699991
Estimated_sequence_from_DMS_R472T,111.6561956079999
Estimated_sequence_from_DMS_R472V,111.65930515099991
Estimated_sequence_from_DMS_R472W,111.66600844699991
Estimated_sequence_from_DMS_R472Y,111.66499816699991
Estimated_sequence_from_DMS_E473A,111.6473755209999
Estimated_sequence_from_DMS_E473C,111.5916747509999
Estimated_sequence_from_DMS_E473D,111.6318180019999
Estimated_sequence_from_DMS_E473F,111.6072668999999
Estimated_sequence_from_DMS_E473G,111.6238169419999
Estimated_sequence_from_DMS_E473H,111.59789588699991
Estimated_sequence_from_DMS_E473I,111.59416324199991
Estimated_sequence_from_DMS_E473K,111.5964167729999
Estimated_sequence_from_DMS_E473L,111.62935600199991
Estimated_sequence_from_DMS_E473M,111.6158905429999
Estimated_sequence_from_DMS_E473N,111.63833893499991
Estimated_sequence_from_DMS_E473P,111.59364759099991
Estimated_sequence_from_DMS_E473Q,111.6149173239999
Estimated_sequence_from_DMS_E473R,111.5873040859999
Estimated_sequence_from_DMS_E473S,111.6556109239999
Estimated_sequence_from_DMS_E473T,111.6249961889999
Estimated_sequence_from_DMS_E473V,111.5875621499999
Estimated_sequence_from_DMS_E473W,111.6047735099999
Estimated_sequence_from_DMS_E473Y,111.6000207749999
Estimated_sequence_from_DMS_N474A,111.45366895399991
Estimated_sequence_from_DMS_N474C,111.4835778099999
Estimated_sequence_from_DMS_N474D,111.4794998599999
Estimated_sequence_from_DMS_N474E,111.5057215069999
Estimated_sequence_from_DMS_N474F,111.4627635219999
Estimated_sequence_from_DMS_N474G,111.4457995609999
Estimated_sequence_from_DMS_N474H,111.45358030999991
Estimated_sequence_from_DMS_N474I,111.4633194579999
Estimated_sequence_from_DMS_N474K,111.4962550029999
Estimated_sequence_from_DMS_N474L,111.44749369199991
Estimated_sequence_from_DMS_N474M,111.4803285839999
Estimated_sequence_from_DMS_N474P,111.46494002199991
Estimated_sequence_from_DMS_N474Q,111.45575780199991
Estimated_sequence_from_DMS_N474R,111.4450618959999
Estimated_sequence_from_DMS_N474S,111.4643863509999
Estimated_sequence_from_DMS_N474T,111.4503445929999
Estimated_sequence_from_DMS_N474V,111.50212897199991
Estimated_sequence_from_DMS_N474W,111.4503006299999
Estimated_sequence_from_DMS_N474Y,111.4608981599999
Estimated_sequence_from_DMS_A475C,111.58356035999991
Estimated_sequence_from_DMS_A475D,111.65729597599992
Estimated_sequence_from_DMS_A475E,111.58733021899991
Estimated_sequence_from_DMS_A475F,111.5797715619999
Estimated_sequence_from_DMS_A475G,111.63947885499991
Estimated_sequence_from_DMS_A475H,111.57101916599991
Estimated_sequence_from_DMS_A475I,111.7724053629999
Estimated_sequence_from_DMS_A475K,111.57311991899991
Estimated_sequence_from_DMS_A475L,111.5863192509999
Estimated_sequence_from_DMS_A475M,111.6000953029999
Estimated_sequence_from_DMS_A475N,111.58664381399991
Estimated_sequence_from_DMS_A475P,111.5779001419999
Estimated_sequence_from_DMS_A475Q,111.6053937929999
Estimated_sequence_from_DMS_A475R,111.57657404399991
Estimated_sequence_from_DMS_A475S,111.6202808509999
Estimated_sequence_from_DMS_A475T,111.60576652199991
Estimated_sequence_from_DMS_A475V,111.57542590299991
Estimated_sequence_from_DMS_A475W,111.5805643189999
Estimated_sequence_from_DMS_A475Y,111.58097854499991
Estimated_sequence_from_DMS_E476A,111.6407561509999
Estimated_sequence_from_DMS_E476C,111.62864973799991
Estimated_sequence_from_DMS_E476D,111.6579480509999
Estimated_sequence_from_DMS_E476F,111.74941659399991
Estimated_sequence_from_DMS_E476G,111.6480698089999
Estimated_sequence_from_DMS_E476H,111.63658787699991
Estimated_sequence_from_DMS_E476I,111.6540856699999
Estimated_sequence_from_DMS_E476K,111.69696640399991
Estimated_sequence_from_DMS_E476L,111.6427811959999
Estimated_sequence_from_DMS_E476M,111.64365923299991
Estimated_sequence_from_DMS_E476N,111.69387146299991
Estimated_sequence_from_DMS_E476P,111.6515933079999
Estimated_sequence_from_DMS_E476Q,111.63779277899991
Estimated_sequence_from_DMS_E476R,111.6305433859999
Estimated_sequence_from_DMS_E476S,111.64794903099991
Estimated_sequence_from_DMS_E476T,111.67581012799991
Estimated_sequence_from_DMS_E476V,111.7665605519999
Estimated_sequence_from_DMS_E476W,111.6328789409999
Estimated_sequence_from_DMS_E476Y,111.6469166159999
Estimated_sequence_from_DMS_D477A,111.62656451999992
Estimated_sequence_from_DMS_D477C,111.68094397199991
Estimated_sequence_from_DMS_D477E,111.64261288799992
Estimated_sequence_from_DMS_D477F,111.6305242449999
Estimated_sequence_from_DMS_D477G,111.6918726019999
Estimated_sequence_from_DMS_D477H,111.66263181999992
Estimated_sequence_from_DMS_D477I,111.67590286599992
Estimated_sequence_from_DMS_D477K,111.67227537999992
Estimated_sequence_from_DMS_D477L,111.63932191499991
Estimated_sequence_from_DMS_D477M,111.61647100899991
Estimated_sequence_from_DMS_D477N,111.69378192899991
Estimated_sequence_from_DMS_D477P,111.6325759389999
Estimated_sequence_from_DMS_D477Q,111.62011926399991
Estimated_sequence_from_DMS_D477R,111.62285418499991
Estimated_sequence_from_DMS_D477S,111.63856071799991
Estimated_sequence_from_DMS_D477T,111.63253021699991
Estimated_sequence_from_DMS_D477V,111.6302478659999
Estimated_sequence_from_DMS_D477W,111.65114159399991
Estimated_sequence_from_DMS_D477Y,111.6189119599999
Estimated_sequence_from_DMS_M478A,111.66514815999992
Estimated_sequence_from_DMS_M478C,111.66161234299992
Estimated_sequence_from_DMS_M478D,111.6978892859999
Estimated_sequence_from_DMS_M478E,111.70401885799991
Estimated_sequence_from_DMS_M478F,111.65731178699991
Estimated_sequence_from_DMS_M478G,111.6593941759999
Estimated_sequence_from_DMS_M478H,111.65977266599991
Estimated_sequence_from_DMS_M478I,111.79285685199991
Estimated_sequence_from_DMS_M478K,111.67414967899991
Estimated_sequence_from_DMS_M478L,111.78283077999991
Estimated_sequence_from_DMS_M478N,111.65469097899991
Estimated_sequence_from_DMS_M478P,111.65899710599992
Estimated_sequence_from_DMS_M478Q,111.80074741099992
Estimated_sequence_from_DMS_M478R,111.65962356899992
Estimated_sequence_from_DMS_M478S,111.66553541199991
Estimated_sequence_from_DMS_M478T,111.76624046999991
Estimated_sequence_from_DMS_M478V,111.69244737999992
Estimated_sequence_from_DMS_M478W,111.66161373799991
Estimated_sequence_from_DMS_M478Y,111.66428845299991
Estimated_sequence_from_DMS_G479A,111.6310581999999
Estimated_sequence_from_DMS_G479C,111.6532879169999
Estimated_sequence_from_DMS_G479D,111.59024575399991
Estimated_sequence_from_DMS_G479E,111.5829751409999
Estimated_sequence_from_DMS_G479F,111.5838077439999
Estimated_sequence_from_DMS_G479H,111.5945035199999
Estimated_sequence_from_DMS_G479I,111.5852972539999
Estimated_sequence_from_DMS_G479K,111.5950039889999
Estimated_sequence_from_DMS_G479L,111.58978996899991
Estimated_sequence_from_DMS_G479M,111.6128353469999
Estimated_sequence_from_DMS_G479N,111.5925812449999
Estimated_sequence_from_DMS_G479P,111.58542816399991
Estimated_sequence_from_DMS_G479Q,111.6140557299999
Estimated_sequence_from_DMS_G479R,111.6131592699999
Estimated_sequence_from_DMS_G479S,111.6912666829999
Estimated_sequence_from_DMS_G479T,111.5780178109999
Estimated_sequence_from_DMS_G479V,111.5894937949999
Estimated_sequence_from_DMS_G479W,111.5823511989999
Estimated_sequence_from_DMS_G479Y,111.6169689739999
Estimated_sequence_from_DMS_N480A,111.58013014599992
Estimated_sequence_from_DMS_N480C,111.58092403099991
Estimated_sequence_from_DMS_N480D,111.60291909399992
Estimated_sequence_from_DMS_N480E,111.56231932699991
Estimated_sequence_from_DMS_N480F,111.59285060599991
Estimated_sequence_from_DMS_N480G,111.58345331799991
Estimated_sequence_from_DMS_N480H,111.60633890899992
Estimated_sequence_from_DMS_N480I,111.58309532099992
Estimated_sequence_from_DMS_N480K,111.58410768399992
Estimated_sequence_from_DMS_N480L,111.5824702829999
Estimated_sequence_from_DMS_N480M,111.57990974199991
Estimated_sequence_from_DMS_N480P,111.60222794099991
Estimated_sequence_from_DMS_N480Q,111.58691722299992
Estimated_sequence_from_DMS_N480R,111.57409138299991
Estimated_sequence_from_DMS_N480S,111.59755018699991
Estimated_sequence_from_DMS_N480T,111.6303444959999
Estimated_sequence_from_DMS_N480V,111.68438709599991
Estimated_sequence_from_DMS_N480W,111.57863420699991
Estimated_sequence_from_DMS_N480Y,111.60046435099991
Estimated_sequence_from_DMS_G481A,111.5392596759999
Estimated_sequence_from_DMS_G481C,111.56581406499991
Estimated_sequence_from_DMS_G481D,111.55023686399991
Estimated_sequence_from_DMS_G481E,111.5460260449999
Estimated_sequence_from_DMS_G481F,111.54423933399991
Estimated_sequence_from_DMS_G481H,111.5428693019999
Estimated_sequence_from_DMS_G481I,111.5300970049999
Estimated_sequence_from_DMS_G481K,111.5302281749999
Estimated_sequence_from_DMS_G481L,111.5784386439999
Estimated_sequence_from_DMS_G481M,111.54834780999991
Estimated_sequence_from_DMS_G481N,111.53717696799991
Estimated_sequence_from_DMS_G481P,111.5563726629999
Estimated_sequence_from_DMS_G481Q,111.6333976769999
Estimated_sequence_from_DMS_G481R,111.5444850639999
Estimated_sequence_from_DMS_G481S,111.5592068249999
Estimated_sequence_from_DMS_G481T,111.5329795599999
Estimated_sequence_from_DMS_G481V,111.5347707489999
Estimated_sequence_from_DMS_G481W,111.57667448799991
Estimated_sequence_from_DMS_G481Y,111.57698453099991
Estimated_sequence_from_DMS_C482A,111.64680499999992
Estimated_sequence_from_DMS_C482D,111.5958379969999
Estimated_sequence_from_DMS_C482E,111.58760248799992
Estimated_sequence_from_DMS_C482F,111.59870453899991
Estimated_sequence_from_DMS_C482G,111.57698571799992
Estimated_sequence_from_DMS_C482H,111.57772040999991
Estimated_sequence_from_DMS_C482I,111.60651823299992
Estimated_sequence_from_DMS_C482K,111.5880460269999
Estimated_sequence_from_DMS_C482L,111.63943493199992
Estimated_sequence_from_DMS_C482M,111.59181836699992
Estimated_sequence_from_DMS_C482N,111.5860349359999
Estimated_sequence_from_DMS_C482P,111.63084597499991
Estimated_sequence_from_DMS_C482Q,111.59457709799992
Estimated_sequence_from_DMS_C482R,111.59013539299991
Estimated_sequence_from_DMS_C482S,111.60029772299991
Estimated_sequence_from_DMS_C482T,111.5918780069999
Estimated_sequence_from_DMS_C482V,111.57931647199992
Estimated_sequence_from_DMS_C482W,111.75615461099991
Estimated_sequence_from_DMS_C482Y,111.6056684409999
Estimated_sequence_from_DMS_F483A,111.57788750299991
Estimated_sequence_from_DMS_F483C,111.56972679799992
Estimated_sequence_from_DMS_F483D,111.59995836699991
Estimated_sequence_from_DMS_F483E,111.56165360199991
Estimated_sequence_from_DMS_F483G,111.57846719099992
Estimated_sequence_from_DMS_F483H,111.56783108099991
Estimated_sequence_from_DMS_F483I,111.58566459999992
Estimated_sequence_from_DMS_F483K,111.56354011699992
Estimated_sequence_from_DMS_F483L,111.70239294599992
Estimated_sequence_from_DMS_F483M,111.58387565499991
Estimated_sequence_from_DMS_F483N,111.58074640399991
Estimated_sequence_from_DMS_F483P,111.56668007299992
Estimated_sequence_from_DMS_F483Q,111.55791012099992
Estimated_sequence_from_DMS_F483R,111.58331222499991
Estimated_sequence_from_DMS_F483S,111.57496396199991
Estimated_sequence_from_DMS_F483T,111.56326020999991
Estimated_sequence_from_DMS_F483V,111.58936012099991
Estimated_sequence_from_DMS_F483W,111.55720053299991
Estimated_sequence_from_DMS_F483Y,111.55928945799991
Estimated_sequence_from_DMS_K484A,111.68611427899991
Estimated_sequence_from_DMS_K484C,111.69496953299992
Estimated_sequence_from_DMS_K484D,111.67883326899991
Estimated_sequence_from_DMS_K484E,111.68686541299991
Estimated_sequence_from_DMS_K484F,111.72029402099992
Estimated_sequence_from_DMS_K484G,111.68802265599992
Estimated_sequence_from_DMS_K484H,111.72820153999992
Estimated_sequence_from_DMS_K484I,111.71341493999991
Estimated_sequence_from_DMS_K484L,111.75772506699991
Estimated_sequence_from_DMS_K484M,111.78088856699992
Estimated_sequence_from_DMS_K484N,111.68010218599991
Estimated_sequence_from_DMS_K484P,111.68118888299992
Estimated_sequence_from_DMS_K484Q,111.72274493399992
Estimated_sequence_from_DMS_K484R,111.74078752099992
Estimated_sequence_from_DMS_K484S,111.69975073899991
Estimated_sequence_from_DMS_K484T,111.75678247499991
Estimated_sequence_from_DMS_K484V,111.70291856999991
Estimated_sequence_from_DMS_K484W,111.70415615999991
Estimated_sequence_from_DMS_K484Y,111.71767445399992
Estimated_sequence_from_DMS_I485A,111.58264017999991
Estimated_sequence_from_DMS_I485C,111.61519117999991
Estimated_sequence_from_DMS_I485D,111.57083610899991
Estimated_sequence_from_DMS_I485E,111.58092173299991
Estimated_sequence_from_DMS_I485F,111.57330462199991
Estimated_sequence_from_DMS_I485G,111.64484336499991
Estimated_sequence_from_DMS_I485H,111.58216673799991
Estimated_sequence_from_DMS_I485K,111.59946933499991
Estimated_sequence_from_DMS_I485L,111.65472473399991
Estimated_sequence_from_DMS_I485M,111.6087578539999
Estimated_sequence_from_DMS_I485N,111.62496067399991
Estimated_sequence_from_DMS_I485P,111.5838847989999
Estimated_sequence_from_DMS_I485Q,111.62391069199991
Estimated_sequence_from_DMS_I485R,111.58691556099991
Estimated_sequence_from_DMS_I485S,111.5794219719999
Estimated_sequence_from_DMS_I485T,111.6163408499999
Estimated_sequence_from_DMS_I485V,111.60187690899991
Estimated_sequence_from_DMS_I485W,111.5720435149999
Estimated_sequence_from_DMS_I485Y,111.58583052299991
Estimated_sequence_from_DMS_Y486A,111.6738423269999
Estimated_sequence_from_DMS_Y486C,111.68951207099991
Estimated_sequence_from_DMS_Y486D,111.6583833159999
Estimated_sequence_from_DMS_Y486E,111.7046240059999
Estimated_sequence_from_DMS_Y486F,111.7264206689999
Estimated_sequence_from_DMS_Y486G,111.67418523799991
Estimated_sequence_from_DMS_Y486H,111.7776207819999
Estimated_sequence_from_DMS_Y486I,111.65908172199991
Estimated_sequence_from_DMS_Y486K,111.7426109669999
Estimated_sequence_from_DMS_Y486L,111.6893893039999
Estimated_sequence_from_DMS_Y486M,111.6687991779999
Estimated_sequence_from_DMS_Y486N,111.7131786269999
Estimated_sequence_from_DMS_Y486P,111.6559739379999
Estimated_sequence_from_DMS_Y486Q,111.6664018319999
Estimated_sequence_from_DMS_Y486R,111.6862095419999
Estimated_sequence_from_DMS_Y486S,111.65691438999991
Estimated_sequence_from_DMS_Y486T,111.65513108099991
Estimated_sequence_from_DMS_Y486V,111.68944924199991
Estimated_sequence_from_DMS_Y486W,111.7599362329999
Estimated_sequence_from_DMS_H487A,111.6036977599999
Estimated_sequence_from_DMS_H487C,111.6549497069999
Estimated_sequence_from_DMS_H487D,111.6650786189999
Estimated_sequence_from_DMS_H487E,111.61059161599991
Estimated_sequence_from_DMS_H487F,111.62871011999991
Estimated_sequence_from_DMS_H487G,111.6270455459999
Estimated_sequence_from_DMS_H487I,111.5991747489999
Estimated_sequence_from_DMS_H487K,111.6107422539999
Estimated_sequence_from_DMS_H487L,111.5977219019999
Estimated_sequence_from_DMS_H487M,111.6201609539999
Estimated_sequence_from_DMS_H487N,111.6552416139999
Estimated_sequence_from_DMS_H487P,111.6137908199999
Estimated_sequence_from_DMS_H487Q,111.6171902169999
Estimated_sequence_from_DMS_H487R,111.7148422099999
Estimated_sequence_from_DMS_H487S,111.6060390949999
Estimated_sequence_from_DMS_H487T,111.59834872099991
Estimated_sequence_from_DMS_H487V,111.60859907399991
Estimated_sequence_from_DMS_H487W,111.6489667239999
Estimated_sequence_from_DMS_H487Y,111.63147992599991
Estimated_sequence_from_DMS_K488A,111.76959827799992
Estimated_sequence_from_DMS_K488C,111.73460921199991
Estimated_sequence_from_DMS_K488D,111.73449139199991
Estimated_sequence_from_DMS_K488E,111.88076150699992
Estimated_sequence_from_DMS_K488F,111.7528205879999
Estimated_sequence_from_DMS_K488G,111.74306659299991
Estimated_sequence_from_DMS_K488H,111.75386990399991
Estimated_sequence_from_DMS_K488I,111.7330687159999
Estimated_sequence_from_DMS_K488L,111.8136653259999
Estimated_sequence_from_DMS_K488M,111.75136622899991
Estimated_sequence_from_DMS_K488N,111.79528054499991
Estimated_sequence_from_DMS_K488P,111.75150057199991
Estimated_sequence_from_DMS_K488Q,111.75891456199992
Estimated_sequence_from_DMS_K488R,111.76941488499992
Estimated_sequence_from_DMS_K488S,111.75115931599991
Estimated_sequence_from_DMS_K488T,111.74896884999991
Estimated_sequence_from_DMS_K488V,111.74228739199991
Estimated_sequence_from_DMS_K488W,111.7318455429999
Estimated_sequence_from_DMS_K488Y,111.74229717699991
Estimated_sequence_from_DMS_C489A,111.57132955199991
Estimated_sequence_from_DMS_C489D,111.5327576769999
Estimated_sequence_from_DMS_C489E,111.55527343199991
Estimated_sequence_from_DMS_C489F,111.54229524399992
Estimated_sequence_from_DMS_C489G,111.53325535099991
Estimated_sequence_from_DMS_C489H,111.54472815899992
Estimated_sequence_from_DMS_C489I,111.53178268099991
Estimated_sequence_from_DMS_C489K,111.53959690499991
Estimated_sequence_from_DMS_C489L,111.58019559599991
Estimated_sequence_from_DMS_C489M,111.52992886299991
Estimated_sequence_from_DMS_C489N,111.59761622899991
Estimated_sequence_from_DMS_C489P,111.54674802499991
Estimated_sequence_from_DMS_C489Q,111.5247361959999
Estimated_sequence_from_DMS_C489R,111.52728388499992
Estimated_sequence_from_DMS_C489S,111.52315719099991
Estimated_sequence_from_DMS_C489T,111.52220348399992
Estimated_sequence_from_DMS_C489V,111.53858639199991
Estimated_sequence_from_DMS_C489W,111.5360450559999
Estimated_sequence_from_DMS_C489Y,111.55181146699991
Estimated_sequence_from_DMS_D490A,111.52362493699991
Estimated_sequence_from_DMS_D490C,111.5354660399999
Estimated_sequence_from_DMS_D490E,111.5346252969999
Estimated_sequence_from_DMS_D490F,111.5346754559999
Estimated_sequence_from_DMS_D490G,111.5562416489999
Estimated_sequence_from_DMS_D490H,111.52965070899991
Estimated_sequence_from_DMS_D490I,111.5461243529999
Estimated_sequence_from_DMS_D490K,111.5439029249999
Estimated_sequence_from_DMS_D490L,111.52306226899991
Estimated_sequence_from_DMS_D490M,111.53554885699991
Estimated_sequence_from_DMS_D490N,111.5947490839999
Estimated_sequence_from_DMS_D490P,111.7435784409999
Estimated_sequence_from_DMS_D490Q,111.5268827149999
Estimated_sequence_from_DMS_D490R,111.56068808499991
Estimated_sequence_from_DMS_D490S,111.53212510199991
Estimated_sequence_from_DMS_D490T,111.5403384319999
Estimated_sequence_from_DMS_D490V,111.53676891799991
Estimated_sequence_from_DMS_D490W,111.5310036689999
Estimated_sequence_from_DMS_D490Y,111.5716634289999
Estimated_sequence_from_DMS_N491A,111.67525526899992
Estimated_sequence_from_DMS_N491C,111.65317966299992
Estimated_sequence_from_DMS_N491D,111.85789047799992
Estimated_sequence_from_DMS_N491E,111.69679425699991
Estimated_sequence_from_DMS_N491F,111.66251617999991
Estimated_sequence_from_DMS_N491G,111.68946870199991
Estimated_sequence_from_DMS_N491H,111.68405727799991
Estimated_sequence_from_DMS_N491I,111.68308611599991
Estimated_sequence_from_DMS_N491K,111.66755875099992
Estimated_sequence_from_DMS_N491L,111.68082344099992
Estimated_sequence_from_DMS_N491M,111.67474306699991
Estimated_sequence_from_DMS_N491P,111.65600241899992
Estimated_sequence_from_DMS_N491Q,111.6590541079999
Estimated_sequence_from_DMS_N491R,111.66467797199991
Estimated_sequence_from_DMS_N491S,111.69215213099992
Estimated_sequence_from_DMS_N491T,111.69823823399992
Estimated_sequence_from_DMS_N491V,111.68784614799992
Estimated_sequence_from_DMS_N491W,111.64959546099992
Estimated_sequence_from_DMS_N491Y,111.66526017199992
Estimated_sequence_from_DMS_A492C,111.7365386699999
Estimated_sequence_from_DMS_A492D,111.7895367639999
Estimated_sequence_from_DMS_A492E,111.8012051039999
Estimated_sequence_from_DMS_A492F,111.76249940899991
Estimated_sequence_from_DMS_A492G,111.80921304499991
Estimated_sequence_from_DMS_A492H,111.7853594979999
Estimated_sequence_from_DMS_A492I,111.77353208899991
Estimated_sequence_from_DMS_A492K,111.76648459199991
Estimated_sequence_from_DMS_A492L,111.7559280139999
Estimated_sequence_from_DMS_A492M,111.7742732949999
Estimated_sequence_from_DMS_A492N,111.7836541149999
Estimated_sequence_from_DMS_A492P,111.74635088799991
Estimated_sequence_from_DMS_A492Q,111.77761209599991
Estimated_sequence_from_DMS_A492R,111.77293508799991
Estimated_sequence_from_DMS_A492S,111.7979552819999
Estimated_sequence_from_DMS_A492T,111.77598118599991
Estimated_sequence_from_DMS_A492V,111.7725445649999
Estimated_sequence_from_DMS_A492W,111.7895355559999
Estimated_sequence_from_DMS_A492Y,111.7926597119999
Estimated_sequence_from_DMS_C493A,111.5677965909999
Estimated_sequence_from_DMS_C493D,111.5616590329999
Estimated_sequence_from_DMS_C493E,111.5528152119999
Estimated_sequence_from_DMS_C493F,111.5709366139999
Estimated_sequence_from_DMS_C493G,111.54740686799991
Estimated_sequence_from_DMS_C493H,111.5509655549999
Estimated_sequence_from_DMS_C493I,111.5444119779999
Estimated_sequence_from_DMS_C493K,111.54967774399991
Estimated_sequence_from_DMS_C493L,111.5966831559999
Estimated_sequence_from_DMS_C493M,111.5624859949999
Estimated_sequence_from_DMS_C493N,111.56188771099991
Estimated_sequence_from_DMS_C493P,111.5457046569999
Estimated_sequence_from_DMS_C493Q,111.5508941449999
Estimated_sequence_from_DMS_C493R,111.5535536149999
Estimated_sequence_from_DMS_C493S,111.5929432189999
Estimated_sequence_from_DMS_C493T,111.5502996349999
Estimated_sequence_from_DMS_C493V,111.56382097399991
Estimated_sequence_from_DMS_C493W,111.5950895479999
Estimated_sequence_from_DMS_C493Y,111.6587129569999
Estimated_sequence_from_DMS_I494A,111.56399808999991
Estimated_sequence_from_DMS_I494C,111.5597889169999
Estimated_sequence_from_DMS_I494D,111.56451551099991
Estimated_sequence_from_DMS_I494E,111.60460944199991
Estimated_sequence_from_DMS_I494F,111.59953727699991
Estimated_sequence_from_DMS_I494G,111.58007997799992
Estimated_sequence_from_DMS_I494H,111.55833690299991
Estimated_sequence_from_DMS_I494K,111.57066767799991
Estimated_sequence_from_DMS_I494L,111.65839206499992
Estimated_sequence_from_DMS_I494M,111.61336829699991
Estimated_sequence_from_DMS_I494N,111.5796114629999
Estimated_sequence_from_DMS_I494P,111.58488981099991
Estimated_sequence_from_DMS_I494Q,111.56149040399991
Estimated_sequence_from_DMS_I494R,111.5683255639999
Estimated_sequence_from_DMS_I494S,111.56129769099991
Estimated_sequence_from_DMS_I494T,111.57217760999991
Estimated_sequence_from_DMS_I494V,111.61932976499992
Estimated_sequence_from_DMS_I494W,111.56512236199991
Estimated_sequence_from_DMS_I494Y,111.6034112179999
Estimated_sequence_from_DMS_G495A,111.82338806699991
Estimated_sequence_from_DMS_G495C,111.75406449099991
Estimated_sequence_from_DMS_G495D,111.78525169499991
Estimated_sequence_from_DMS_G495E,111.81433099799992
Estimated_sequence_from_DMS_G495F,111.76286337399992
Estimated_sequence_from_DMS_G495H,111.79559001199992
Estimated_sequence_from_DMS_G495I,111.77438292899991
Estimated_sequence_from_DMS_G495K,111.76347115099992
Estimated_sequence_from_DMS_G495L,111.77367055399992
Estimated_sequence_from_DMS_G495M,111.79440443899992
Estimated_sequence_from_DMS_G495N,111.78881723299992
Estimated_sequence_from_DMS_G495P,111.74149155699992
Estimated_sequence_from_DMS_G495Q,111.80742773399992
Estimated_sequence_from_DMS_G495R,111.77802834199991
Estimated_sequence_from_DMS_G495S,111.78671586799992
Estimated_sequence_from_DMS_G495T,111.77867348999992
Estimated_sequence_from_DMS_G495V,111.78001933699991
Estimated_sequence_from_DMS_G495W,111.78284344799991
Estimated_sequence_from_DMS_G495Y,111.77549966799991
Estimated_sequence_from_DMS_S496A,111.79562297899992
Estimated_sequence_from_DMS_S496C,111.69268996699991
Estimated_sequence_from_DMS_S496D,111.6896760079999
Estimated_sequence_from_DMS_S496E,111.71684297399992
Estimated_sequence_from_DMS_S496F,111.67641578599991
Estimated_sequence_from_DMS_S496G,111.71010549099991
Estimated_sequence_from_DMS_S496H,111.69715608999991
Estimated_sequence_from_DMS_S496I,111.67752565399991
Estimated_sequence_from_DMS_S496K,111.70527253599991
Estimated_sequence_from_DMS_S496L,111.72948506799992
Estimated_sequence_from_DMS_S496M,111.74077015999991
Estimated_sequence_from_DMS_S496N,111.70693997999992
Estimated_sequence_from_DMS_S496P,111.6910654759999
Estimated_sequence_from_DMS_S496Q,111.72948971899991
Estimated_sequence_from_DMS_S496R,111.73059698299991
Estimated_sequence_from_DMS_S496T,111.7146648189999
Estimated_sequence_from_DMS_S496V,111.67650908599991
Estimated_sequence_from_DMS_S496W,111.67243794399991
Estimated_sequence_from_DMS_S496Y,111.69172928599991
Estimated_sequence_from_DMS_I497A,111.63590264299991
Estimated_sequence_from_DMS_I497C,111.62530064099991
Estimated_sequence_from_DMS_I497D,111.6338715169999
Estimated_sequence_from_DMS_I497E,111.6154272719999
Estimated_sequence_from_DMS_I497F,111.67028355399991
Estimated_sequence_from_DMS_I497G,111.62309767399991
Estimated_sequence_from_DMS_I497H,111.6136182849999
Estimated_sequence_from_DMS_I497K,111.62764098899991
Estimated_sequence_from_DMS_I497L,111.67063296999991
Estimated_sequence_from_DMS_I497M,111.62052675499991
Estimated_sequence_from_DMS_I497N,111.6103436769999
Estimated_sequence_from_DMS_I497P,111.6148579109999
Estimated_sequence_from_DMS_I497Q,111.6312818999999
Estimated_sequence_from_DMS_I497R,111.6413817719999
Estimated_sequence_from_DMS_I497S,111.61134665599991
Estimated_sequence_from_DMS_I497T,111.6466225269999
Estimated_sequence_from_DMS_I497V,111.65896333899991
Estimated_sequence_from_DMS_I497W,111.7846674359999
Estimated_sequence_from_DMS_I497Y,111.62407242999991
Estimated_sequence_from_DMS_R498A,111.70890071799991
Estimated_sequence_from_DMS_R498C,111.7285921659999
Estimated_sequence_from_DMS_R498D,111.6904717279999
Estimated_sequence_from_DMS_R498E,111.70865246299991
Estimated_sequence_from_DMS_R498F,111.68926261699991
Estimated_sequence_from_DMS_R498G,111.6915464229999
Estimated_sequence_from_DMS_R498H,111.69358231299991
Estimated_sequence_from_DMS_R498I,111.79176815299991
Estimated_sequence_from_DMS_R498K,111.6975347839999
Estimated_sequence_from_DMS_R498L,111.7613143639999
Estimated_sequence_from_DMS_R498M,111.75746744699991
Estimated_sequence_from_DMS_R498N,111.6886384769999
Estimated_sequence_from_DMS_R498P,111.6908314849999
Estimated_sequence_from_DMS_R498Q,111.72508031699991
Estimated_sequence_from_DMS_R498S,111.68915666399991
Estimated_sequence_from_DMS_R498T,111.74470757499991
Estimated_sequence_from_DMS_R498V,111.8329010819999
Estimated_sequence_from_DMS_R498W,111.69586895499991
Estimated_sequence_from_DMS_R498Y,111.7282947769999
Estimated_sequence_from_DMS_N499A,111.64666481699992
Estimated_sequence_from_DMS_N499C,111.60405934399992
Estimated_sequence_from_DMS_N499D,111.63855631699991
Estimated_sequence_from_DMS_N499E,111.63876886799991
Estimated_sequence_from_DMS_N499F,111.61425508999992
Estimated_sequence_from_DMS_N499G,111.61534133599991
Estimated_sequence_from_DMS_N499H,111.63131010799991
Estimated_sequence_from_DMS_N499I,111.61677819999991
Estimated_sequence_from_DMS_N499K,111.63394659599992
Estimated_sequence_from_DMS_N499L,111.62833771599992
Estimated_sequence_from_DMS_N499M,111.62661225299992
Estimated_sequence_from_DMS_N499P,111.60201401799992
Estimated_sequence_from_DMS_N499Q,111.68288035999991
Estimated_sequence_from_DMS_N499R,111.61464977199991
Estimated_sequence_from_DMS_N499S,111.64526502699991
Estimated_sequence_from_DMS_N499T,111.62700176299991
Estimated_sequence_from_DMS_N499V,111.60151204099992
Estimated_sequence_from_DMS_N499W,111.62857930599992
Estimated_sequence_from_DMS_N499Y,111.63458245399991
Estimated_sequence_from_DMS_G500A,111.6637969479999
Estimated_sequence_from_DMS_G500C,111.6425525049999
Estimated_sequence_from_DMS_G500D,111.6901316779999
Estimated_sequence_from_DMS_G500E,111.69755845899991
Estimated_sequence_from_DMS_G500F,111.7322566369999
Estimated_sequence_from_DMS_G500H,111.66007742399991
Estimated_sequence_from_DMS_G500I,111.63791155699991
Estimated_sequence_from_DMS_G500K,111.6631167859999
Estimated_sequence_from_DMS_G500L,111.6547389289999
Estimated_sequence_from_DMS_G500M,111.6653566089999
Estimated_sequence_from_DMS_G500N,111.6914147759999
Estimated_sequence_from_DMS_G500P,111.7737094129999
Estimated_sequence_from_DMS_G500Q,111.66171417699991
Estimated_sequence_from_DMS_G500R,111.6464519079999
Estimated_sequence_from_DMS_G500S,111.6717425479999
Estimated_sequence_from_DMS_G500T,111.6447980399999
Estimated_sequence_from_DMS_G500V,111.6535594459999
Estimated_sequence_from_DMS_G500W,111.6654849569999
Estimated_sequence_from_DMS_G500Y,111.6420113499999
Estimated_sequence_from_DMS_T501A,111.64105189299991
Estimated_sequence_from_DMS_T501C,111.60705003399991
Estimated_sequence_from_DMS_T501D,111.6158160749999
Estimated_sequence_from_DMS_T501E,111.6440109059999
Estimated_sequence_from_DMS_T501F,111.6128522969999
Estimated_sequence_from_DMS_T501G,111.6158009769999
Estimated_sequence_from_DMS_T501H,111.64091907699991
Estimated_sequence_from_DMS_T501I,111.6453763459999
Estimated_sequence_from_DMS_T501K,111.66411718899991
Estimated_sequence_from_DMS_T501L,111.61730239099991
Estimated_sequence_from_DMS_T501M,111.6844629789999
Estimated_sequence_from_DMS_T501N,111.63062398399991
Estimated_sequence_from_DMS_T501P,111.60864730199991
Estimated_sequence_from_DMS_T501Q,111.6230291119999
Estimated_sequence_from_DMS_T501R,111.6295717249999
Estimated_sequence_from_DMS_T501S,111.6618740389999
Estimated_sequence_from_DMS_T501V,111.6594256269999
Estimated_sequence_from_DMS_T501W,111.64013001399991
Estimated_sequence_from_DMS_T501Y,111.6239581569999
Estimated_sequence_from_DMS_Y502A,111.6047902559999
Estimated_sequence_from_DMS_Y502C,111.6156283449999
Estimated_sequence_from_DMS_Y502D,111.6522504599999
Estimated_sequence_from_DMS_Y502E,111.61244898299991
Estimated_sequence_from_DMS_Y502F,111.76487186199991
Estimated_sequence_from_DMS_Y502G,111.6155400079999
Estimated_sequence_from_DMS_Y502H,111.7237845659999
Estimated_sequence_from_DMS_Y502I,111.6020142909999
Estimated_sequence_from_DMS_Y502K,111.5960919509999
Estimated_sequence_from_DMS_Y502L,111.6216389649999
Estimated_sequence_from_DMS_Y502M,111.6063791379999
Estimated_sequence_from_DMS_Y502N,111.61048435799991
Estimated_sequence_from_DMS_Y502P,111.5999166009999
Estimated_sequence_from_DMS_Y502Q,111.5962349499999
Estimated_sequence_from_DMS_Y502R,111.5966868739999
Estimated_sequence_from_DMS_Y502S,111.6036449879999
Estimated_sequence_from_DMS_Y502T,111.5969258029999
Estimated_sequence_from_DMS_Y502V,111.5948521979999
Estimated_sequence_from_DMS_Y502W,111.6223247479999
Estimated_sequence_from_DMS_D503A,111.7379114199999
Estimated_sequence_from_DMS_D503C,111.7192464139999
Estimated_sequence_from_DMS_D503E,111.7247393839999
Estimated_sequence_from_DMS_D503F,111.7117169989999
Estimated_sequence_from_DMS_D503G,111.7011648519999
Estimated_sequence_from_DMS_D503H,111.7094484389999
Estimated_sequence_from_DMS_D503I,111.75504528499991
Estimated_sequence_from_DMS_D503K,111.77827957399991
Estimated_sequence_from_DMS_D503L,111.7400186369999
Estimated_sequence_from_DMS_D503M,111.7466729089999
Estimated_sequence_from_DMS_D503N,111.7292800439999
Estimated_sequence_from_DMS_D503P,111.7048643549999
Estimated_sequence_from_DMS_D503Q,111.7652646089999
Estimated_sequence_from_DMS_D503R,111.7577899149999
Estimated_sequence_from_DMS_D503S,111.7330624399999
Estimated_sequence_from_DMS_D503T,111.7280951079999
Estimated_sequence_from_DMS_D503V,111.7634447719999
Estimated_sequence_from_DMS_D503W,111.71822653699991
Estimated_sequence_from_DMS_D503Y,111.73414269299991
Estimated_sequence_from_DMS_H504A,111.77755069699991
Estimated_sequence_from_DMS_H504C,111.69080977999991
Estimated_sequence_from_DMS_H504D,111.68264558699991
Estimated_sequence_from_DMS_H504E,111.74351527599991
Estimated_sequence_from_DMS_H504F,111.6852753049999
Estimated_sequence_from_DMS_H504G,111.6866079839999
Estimated_sequence_from_DMS_H504I,111.73915948799991
Estimated_sequence_from_DMS_H504K,111.68176813099991
Estimated_sequence_from_DMS_H504L,111.69114790499991
Estimated_sequence_from_DMS_H504M,111.69854377799992
Estimated_sequence_from_DMS_H504N,111.71874678499991
Estimated_sequence_from_DMS_H504P,111.7436721059999
Estimated_sequence_from_DMS_H504Q,111.7011697849999
Estimated_sequence_from_DMS_H504R,111.68157402199991
Estimated_sequence_from_DMS_H504S,111.73630077599991
Estimated_sequence_from_DMS_H504T,111.83214461399992
Estimated_sequence_from_DMS_H504V,111.71123905399992
Estimated_sequence_from_DMS_H504W,111.70549701999991
Estimated_sequence_from_DMS_H504Y,111.7023109519999
Estimated_sequence_from_DMS_D505A,111.7843757099999
Estimated_sequence_from_DMS_D505C,111.74892354399991
Estimated_sequence_from_DMS_D505E,111.78955099799991
Estimated_sequence_from_DMS_D505F,111.7996723359999
Estimated_sequence_from_DMS_D505G,111.7708049459999
Estimated_sequence_from_DMS_D505H,111.78110976799991
Estimated_sequence_from_DMS_D505I,111.7877837919999
Estimated_sequence_from_DMS_D505K,111.7946962899999
Estimated_sequence_from_DMS_D505L,111.7975388479999
Estimated_sequence_from_DMS_D505M,111.8252189099999
Estimated_sequence_from_DMS_D505N,111.7987249489999
Estimated_sequence_from_DMS_D505P,111.74096445799991
Estimated_sequence_from_DMS_D505Q,111.78214281799991
Estimated_sequence_from_DMS_D505R,111.79028414399991
Estimated_sequence_from_DMS_D505S,111.7862928289999
Estimated_sequence_from_DMS_D505T,111.82244665099991
Estimated_sequence_from_DMS_D505V,111.77020624499991
Estimated_sequence_from_DMS_D505W,111.8026164619999
Estimated_sequence_from_DMS_D505Y,111.77236478899991
Estimated_sequence_from_DMS_V506A,111.77636369299991
Estimated_sequence_from_DMS_V506C,111.73281699899991
Estimated_sequence_from_DMS_V506D,111.7805330859999
Estimated_sequence_from_DMS_V506E,111.74521854699991
Estimated_sequence_from_DMS_V506F,111.7757774759999
Estimated_sequence_from_DMS_V506G,111.7468455289999
Estimated_sequence_from_DMS_V506H,111.7756470949999
Estimated_sequence_from_DMS_V506I,111.7598091229999
Estimated_sequence_from_DMS_V506K,111.8204099929999
Estimated_sequence_from_DMS_V506L,111.77506911499991
Estimated_sequence_from_DMS_V506M,111.77746419499991
Estimated_sequence_from_DMS_V506N,111.7664587669999
Estimated_sequence_from_DMS_V506P,111.7419610969999
Estimated_sequence_from_DMS_V506Q,111.76049670099991
Estimated_sequence_from_DMS_V506R,111.7801696889999
Estimated_sequence_from_DMS_V506S,111.7591014459999
Estimated_sequence_from_DMS_V506T,111.7654867299999
Estimated_sequence_from_DMS_V506W,111.7591099129999
Estimated_sequence_from_DMS_V506Y,111.7824709909999
Estimated_sequence_from_DMS_Y507A,111.5813770979999
Estimated_sequence_from_DMS_Y507C,111.56363250499992
Estimated_sequence_from_DMS_Y507D,111.58426115299991
Estimated_sequence_from_DMS_Y507E,111.56193501099992
Estimated_sequence_from_DMS_Y507F,111.6483897609999
Estimated_sequence_from_DMS_Y507G,111.58768826099991
Estimated_sequence_from_DMS_Y507H,111.59418250699991
Estimated_sequence_from_DMS_Y507I,111.55417587099991
Estimated_sequence_from_DMS_Y507K,111.56915215799991
Estimated_sequence_from_DMS_Y507L,111.58938055599991
Estimated_sequence_from_DMS_Y507M,111.55716428499991
Estimated_sequence_from_DMS_Y507N,111.57587374099991
Estimated_sequence_from_DMS_Y507P,111.5689134909999
Estimated_sequence_from_DMS_Y507Q,111.57177706699991
Estimated_sequence_from_DMS_Y507R,111.5684869879999
Estimated_sequence_from_DMS_Y507S,111.5717470439999
Estimated_sequence_from_DMS_Y507T,111.56725992099992
Estimated_sequence_from_DMS_Y507V,111.56087206799991
Estimated_sequence_from_DMS_Y507W,111.67691737899992
Estimated_sequence_from_DMS_R508A,111.64976633999991
Estimated_sequence_from_DMS_R508C,111.64395673399991
Estimated_sequence_from_DMS_R508D,111.64775051699992
Estimated_sequence_from_DMS_R508E,111.60250488899992
Estimated_sequence_from_DMS_R508F,111.60097103199992
Estimated_sequence_from_DMS_R508G,111.60444063599992
Estimated_sequence_from_DMS_R508H,111.64938839399991
Estimated_sequence_from_DMS_R508I,111.64803189299991
Estimated_sequence_from_DMS_R508K,111.61290224599992
Estimated_sequence_from_DMS_R508L,111.62589794799992
Estimated_sequence_from_DMS_R508M,111.61518047599992
Estimated_sequence_from_DMS_R508N,111.66193597799992
Estimated_sequence_from_DMS_R508P,111.61229749799992
Estimated_sequence_from_DMS_R508Q,111.61680927199991
Estimated_sequence_from_DMS_R508S,111.59755136799991
Estimated_sequence_from_DMS_R508T,111.61141899399992
Estimated_sequence_from_DMS_R508V,111.62672698899992
Estimated_sequence_from_DMS_R508W,111.59213455199992
Estimated_sequence_from_DMS_R508Y,111.60107913199991
Estimated_sequence_from_DMS_D509A,111.8014848059999
Estimated_sequence_from_DMS_D509C,111.74290199099991
Estimated_sequence_from_DMS_D509E,111.78246618299991
Estimated_sequence_from_DMS_D509F,111.76516222399991
Estimated_sequence_from_DMS_D509G,111.75655743599991
Estimated_sequence_from_DMS_D509H,111.7678647899999
Estimated_sequence_from_DMS_D509I,111.7690936739999
Estimated_sequence_from_DMS_D509K,111.75709810899991
Estimated_sequence_from_DMS_D509L,111.76359908899991
Estimated_sequence_from_DMS_D509M,111.77479397199991
Estimated_sequence_from_DMS_D509N,111.80470231699991
Estimated_sequence_from_DMS_D509P,111.7582277529999
Estimated_sequence_from_DMS_D509Q,111.82583813799991
Estimated_sequence_from_DMS_D509R,111.7728886319999
Estimated_sequence_from_DMS_D509S,111.7894416939999
Estimated_sequence_from_DMS_D509T,111.78516526299991
Estimated_sequence_from_DMS_D509V,111.7867016509999
Estimated_sequence_from_DMS_D509W,111.7492347829999
Estimated_sequence_from_DMS_D509Y,111.80958264199991
Estimated_sequence_from_DMS_E510A,111.6316297149999
Estimated_sequence_from_DMS_E510C,111.59055781099991
Estimated_sequence_from_DMS_E510D,111.59286979399991
Estimated_sequence_from_DMS_E510F,111.60551070699991
Estimated_sequence_from_DMS_E510G,111.61324969499991
Estimated_sequence_from_DMS_E510H,111.58283597599991
Estimated_sequence_from_DMS_E510I,111.6640443629999
Estimated_sequence_from_DMS_E510K,111.63365941499991
Estimated_sequence_from_DMS_E510L,111.60915156199991
Estimated_sequence_from_DMS_E510M,111.6123684499999
Estimated_sequence_from_DMS_E510N,111.5842674129999
Estimated_sequence_from_DMS_E510P,111.6010982569999
Estimated_sequence_from_DMS_E510Q,111.63716637599991
Estimated_sequence_from_DMS_E510R,111.58484721499991
Estimated_sequence_from_DMS_E510S,111.59088606999991
Estimated_sequence_from_DMS_E510T,111.6084414849999
Estimated_sequence_from_DMS_E510V,111.63021367899991
Estimated_sequence_from_DMS_E510W,111.58025186999991
Estimated_sequence_from_DMS_E510Y,111.60851113299991
Estimated_sequence_from_DMS_A511C,111.55127958699991
Estimated_sequence_from_DMS_A511D,111.55255554399992
Estimated_sequence_from_DMS_A511E,111.56504302599991
Estimated_sequence_from_DMS_A511F,111.54446752599992
Estimated_sequence_from_DMS_A511G,111.56443319299991
Estimated_sequence_from_DMS_A511H,111.53751576099991
Estimated_sequence_from_DMS_A511I,111.55361924399992
Estimated_sequence_from_DMS_A511K,111.56489858599991
Estimated_sequence_from_DMS_A511L,111.64277583599991
Estimated_sequence_from_DMS_A511M,111.53740947399992
Estimated_sequence_from_DMS_A511N,111.55113255899991
Estimated_sequence_from_DMS_A511P,111.55173777099992
Estimated_sequence_from_DMS_A511Q,111.53632678099991
Estimated_sequence_from_DMS_A511R,111.53034146499992
Estimated_sequence_from_DMS_A511S,111.57914219399991
Estimated_sequence_from_DMS_A511T,111.55907334999992
Estimated_sequence_from_DMS_A511V,111.55618638199992
Estimated_sequence_from_DMS_A511W,111.55621276599992
Estimated_sequence_from_DMS_A511Y,111.53541380199991
Estimated_sequence_from_DMS_L512A,111.67039410699991
Estimated_sequence_from_DMS_L512C,111.6500964379999
Estimated_sequence_from_DMS_L512D,111.68072003599991
Estimated_sequence_from_DMS_L512E,111.6537157849999
Estimated_sequence_from_DMS_L512F,111.7292218739999
Estimated_sequence_from_DMS_L512G,111.6622582219999
Estimated_sequence_from_DMS_L512H,111.67330901899992
Estimated_sequence_from_DMS_L512I,111.73562473299991
Estimated_sequence_from_DMS_L512K,111.6937355939999
Estimated_sequence_from_DMS_L512M,111.7115841449999
Estimated_sequence_from_DMS_L512N,111.69542340899991
Estimated_sequence_from_DMS_L512P,111.67388223599991
Estimated_sequence_from_DMS_L512Q,111.6794532879999
Estimated_sequence_from_DMS_L512R,111.7194800739999
Estimated_sequence_from_DMS_L512S,111.66916703899992
Estimated_sequence_from_DMS_L512T,111.6666626179999
Estimated_sequence_from_DMS_L512V,111.71823895699991
Estimated_sequence_from_DMS_L512W,111.6706620849999
Estimated_sequence_from_DMS_L512Y,111.67808138799991
Estimated_sequence_from_DMS_N513A,111.7993688839999
Estimated_sequence_from_DMS_N513C,111.7529096129999
Estimated_sequence_from_DMS_N513D,111.75135922299991
Estimated_sequence_from_DMS_N513E,111.7572957279999
Estimated_sequence_from_DMS_N513F,111.7869631929999
Estimated_sequence_from_DMS_N513G,111.7650962669999
Estimated_sequence_from_DMS_N513H,111.7416367549999
Estimated_sequence_from_DMS_N513I,111.7795241889999
Estimated_sequence_from_DMS_N513K,111.7643029159999
Estimated_sequence_from_DMS_N513L,111.7664150729999
Estimated_sequence_from_DMS_N513M,111.7573779149999
Estimated_sequence_from_DMS_N513P,111.7270840529999
Estimated_sequence_from_DMS_N513Q,111.8042555009999
Estimated_sequence_from_DMS_N513R,111.7649955279999
Estimated_sequence_from_DMS_N513S,111.7767833229999
Estimated_sequence_from_DMS_N513T,111.77828975699991
Estimated_sequence_from_DMS_N513V,111.7609438689999
Estimated_sequence_from_DMS_N513W,111.7704961199999
Estimated_sequence_from_DMS_N513Y,111.7707475599999
Estimated_sequence_from_DMS_N514A,111.68899111899991
Estimated_sequence_from_DMS_N514C,111.67871559399991
Estimated_sequence_from_DMS_N514D,111.68384371499991
Estimated_sequence_from_DMS_N514E,111.6641612809999
Estimated_sequence_from_DMS_N514F,111.6607375289999
Estimated_sequence_from_DMS_N514G,111.69703003799991
Estimated_sequence_from_DMS_N514H,111.71031677199991
Estimated_sequence_from_DMS_N514I,111.6837008529999
Estimated_sequence_from_DMS_N514K,111.76204986199991
Estimated_sequence_from_DMS_N514L,111.69087161199991
Estimated_sequence_from_DMS_N514M,111.69499236699991
Estimated_sequence_from_DMS_N514P,111.67392270999991
Estimated_sequence_from_DMS_N514Q,111.6697281949999
Estimated_sequence_from_DMS_N514R,111.7491618379999
Estimated_sequence_from_DMS_N514S,111.66778700199991
Estimated_sequence_from_DMS_N514T,111.70290285699991
Estimated_sequence_from_DMS_N514V,111.7067294009999
Estimated_sequence_from_DMS_N514W,111.69191924199991
Estimated_sequence_from_DMS_N514Y,111.70795071599991
Estimated_sequence_from_DMS_R515A,111.55507019499991
Estimated_sequence_from_DMS_R515C,111.55658658199991
Estimated_sequence_from_DMS_R515D,111.5514710699999
Estimated_sequence_from_DMS_R515E,111.62090395099992
Estimated_sequence_from_DMS_R515F,111.5602289919999
Estimated_sequence_from_DMS_R515G,111.5486768379999
Estimated_sequence_from_DMS_R515H,111.56065654799991
Estimated_sequence_from_DMS_R515I,111.55286673699992
Estimated_sequence_from_DMS_R515K,111.56350934099991
Estimated_sequence_from_DMS_R515L,111.57945678799992
Estimated_sequence_from_DMS_R515M,111.5556437669999
Estimated_sequence_from_DMS_R515N,111.56630761499991
Estimated_sequence_from_DMS_R515P,111.55316408199991
Estimated_sequence_from_DMS_R515Q,111.59675876999991
Estimated_sequence_from_DMS_R515S,111.54861231299991
Estimated_sequence_from_DMS_R515T,111.54799660999991
Estimated_sequence_from_DMS_R515V,111.57629998599991
Estimated_sequence_from_DMS_R515W,111.58264791299992
Estimated_sequence_from_DMS_R515Y,111.5886485659999
Estimated_sequence_from_DMS_F516A,111.7268092939999
Estimated_sequence_from_DMS_F516C,111.66327061699991
Estimated_sequence_from_DMS_F516D,111.6516220659999
Estimated_sequence_from_DMS_F516E,111.6496614409999
Estimated_sequence_from_DMS_F516G,111.6891974829999
Estimated_sequence_from_DMS_F516H,111.66187201399991
Estimated_sequence_from_DMS_F516I,111.68062245199991
Estimated_sequence_from_DMS_F516K,111.65739482499991
Estimated_sequence_from_DMS_F516L,111.7250421259999
Estimated_sequence_from_DMS_F516M,111.7038553079999
Estimated_sequence_from_DMS_F516N,111.65750977199991
Estimated_sequence_from_DMS_F516P,111.67676250099991
Estimated_sequence_from_DMS_F516Q,111.69865200899991
Estimated_sequence_from_DMS_F516R,111.65913141999991
Estimated_sequence_from_DMS_F516S,111.6580857089999
Estimated_sequence_from_DMS_F516T,111.67969300199991
Estimated_sequence_from_DMS_F516V,111.6588367809999
Estimated_sequence_from_DMS_F516W,111.7126064169999
Estimated_sequence_from_DMS_F516Y,111.7187072479999
Estimated_sequence_from_DMS_Q517A,111.78114307799991
Estimated_sequence_from_DMS_Q517C,111.73134743899992
Estimated_sequence_from_DMS_Q517D,111.74972372199991
Estimated_sequence_from_DMS_Q517E,111.76218932399992
Estimated_sequence_from_DMS_Q517F,111.80661553599991
Estimated_sequence_from_DMS_Q517G,111.77820809199991
Estimated_sequence_from_DMS_Q517H,111.81256363599991
Estimated_sequence_from_DMS_Q517I,111.73936966199992
Estimated_sequence_from_DMS_Q517K,111.78545369199992
Estimated_sequence_from_DMS_Q517L,111.79056183799992
Estimated_sequence_from_DMS_Q517M,111.76143304799992
Estimated_sequence_from_DMS_Q517N,111.77805042499992
Estimated_sequence_from_DMS_Q517P,111.76883772399991
Estimated_sequence_from_DMS_Q517R,111.77077246999991
Estimated_sequence_from_DMS_Q517S,111.76377645099991
Estimated_sequence_from_DMS_Q517T,111.74783267999992
Estimated_sequence_from_DMS_Q517V,111.75618323999991
Estimated_sequence_from_DMS_Q517W,111.77851713999992
Estimated_sequence_from_DMS_Q517Y,111.74721440899991
Estimated_sequence_from_DMS_I518A,111.5840189259999
Estimated_sequence_from_DMS_I518C,111.58071518299991
Estimated_sequence_from_DMS_I518D,111.5832565449999
Estimated_sequence_from_DMS_I518E,111.5699037899999
Estimated_sequence_from_DMS_I518F,111.5846365619999
Estimated_sequence_from_DMS_I518G,111.5800033309999
Estimated_sequence_from_DMS_I518H,111.5819952129999
Estimated_sequence_from_DMS_I518K,111.57887357299991
Estimated_sequence_from_DMS_I518L,111.7245793159999
Estimated_sequence_from_DMS_I518M,111.6105441839999
Estimated_sequence_from_DMS_I518N,111.6576356729999
Estimated_sequence_from_DMS_I518P,111.5847394879999
Estimated_sequence_from_DMS_I518Q,111.5862126999999
Estimated_sequence_from_DMS_I518R,111.5769319569999
Estimated_sequence_from_DMS_I518S,111.60977368899991
Estimated_sequence_from_DMS_I518T,111.5823746049999
Estimated_sequence_from_DMS_I518V,111.6828675309999
Estimated_sequence_from_DMS_I518W,111.59070671099991
Estimated_sequence_from_DMS_I518Y,111.58511258999991
Estimated_sequence_from_DMS_K519A,111.77460764599992
Estimated_sequence_from_DMS_K519C,111.76269213199991
Estimated_sequence_from_DMS_K519D,111.79529031299991
Estimated_sequence_from_DMS_K519E,111.78102208199992
Estimated_sequence_from_DMS_K519F,111.78138123599992
Estimated_sequence_from_DMS_K519G,111.79270250699992
Estimated_sequence_from_DMS_K519H,111.78830695599991
Estimated_sequence_from_DMS_K519I,111.80617013899992
Estimated_sequence_from_DMS_K519L,111.77595133099992
Estimated_sequence_from_DMS_K519M,111.78029278799991
Estimated_sequence_from_DMS_K519N,111.83762128099991
Estimated_sequence_from_DMS_K519P,111.80031038299991
Estimated_sequence_from_DMS_K519Q,111.76492368099991
Estimated_sequence_from_DMS_K519R,111.79413087399992
Estimated_sequence_from_DMS_K519S,111.75895154799991
Estimated_sequence_from_DMS_K519T,111.75563054099992
Estimated_sequence_from_DMS_K519V,111.76617828299992
Estimated_sequence_from_DMS_K519W,111.75965677799992
Estimated_sequence_from_DMS_K519Y,111.78682882699991
Estimated_sequence_from_DMS_G520A,111.7920122589999
Estimated_sequence_from_DMS_G520C,111.7319146209999
Estimated_sequence_from_DMS_G520D,111.7316492179999
Estimated_sequence_from_DMS_G520E,111.7579439549999
Estimated_sequence_from_DMS_G520F,111.74857808999991
Estimated_sequence_from_DMS_G520H,111.7560885379999
Estimated_sequence_from_DMS_G520I,111.7491787929999
Estimated_sequence_from_DMS_G520K,111.7548347229999
Estimated_sequence_from_DMS_G520L,111.73967675599991
Estimated_sequence_from_DMS_G520M,111.7621035529999
Estimated_sequence_from_DMS_G520N,111.74869515499991
Estimated_sequence_from_DMS_G520P,111.7711908699999
Estimated_sequence_from_DMS_G520Q,111.76645231899991
Estimated_sequence_from_DMS_G520R,111.7653243609999
Estimated_sequence_from_DMS_G520S,111.74121827899991
Estimated_sequence_from_DMS_G520T,111.7545541949999
Estimated_sequence_from_DMS_G520V,111.7567699999999
Estimated_sequence_from_DMS_G520W,111.75296798799991
Estimated_sequence_from_DMS_G520Y,111.7586856529999
Estimated_sequence_from_DMS_V521A,111.68966268799991
Estimated_sequence_from_DMS_V521C,111.67135899699991
Estimated_sequence_from_DMS_V521D,111.66788258399991
Estimated_sequence_from_DMS_V521E,111.6709228329999
Estimated_sequence_from_DMS_V521F,111.69618357299991
Estimated_sequence_from_DMS_V521G,111.65706062899991
Estimated_sequence_from_DMS_V521H,111.68927070399991
Estimated_sequence_from_DMS_V521I,111.77018734399991
Estimated_sequence_from_DMS_V521K,111.66356797299991
Estimated_sequence_from_DMS_V521L,111.76320208699991
Estimated_sequence_from_DMS_V521M,111.71557980699991
Estimated_sequence_from_DMS_V521N,111.6899265099999
Estimated_sequence_from_DMS_V521P,111.66975093299992
Estimated_sequence_from_DMS_V521Q,111.68371797199991
Estimated_sequence_from_DMS_V521R,111.67952511799992
Estimated_sequence_from_DMS_V521S,111.67519433499992
Estimated_sequence_from_DMS_V521T,111.73641893399991
Estimated_sequence_from_DMS_V521W,111.66191089799992
Estimated_sequence_from_DMS_V521Y,111.67486630699992
Estimated_sequence_from_DMS_E522A,111.74876329599991
Estimated_sequence_from_DMS_E522C,111.68502277699992
Estimated_sequence_from_DMS_E522D,111.73968102799991
Estimated_sequence_from_DMS_E522F,111.7080910219999
Estimated_sequence_from_DMS_E522G,111.70341754599991
Estimated_sequence_from_DMS_E522H,111.7079907879999
Estimated_sequence_from_DMS_E522I,111.77723178499991
Estimated_sequence_from_DMS_E522K,111.74756157299991
Estimated_sequence_from_DMS_E522L,111.73340463899991
Estimated_sequence_from_DMS_E522M,111.72214471399991
Estimated_sequence_from_DMS_E522N,111.74991031699992
Estimated_sequence_from_DMS_E522P,111.70504895499991
Estimated_sequence_from_DMS_E522Q,111.74760892699992
Estimated_sequence_from_DMS_E522R,111.70270440199991
Estimated_sequence_from_DMS_E522S,111.7183303819999
Estimated_sequence_from_DMS_E522T,111.72047571799992
Estimated_sequence_from_DMS_E522V,111.71979425799991
Estimated_sequence_from_DMS_E522W,111.7102267029999
Estimated_sequence_from_DMS_E522Y,111.72797317499992
Estimated_sequence_from_DMS_L523A,111.6704914859999
Estimated_sequence_from_DMS_L523C,111.8052450829999
Estimated_sequence_from_DMS_L523D,111.6608462379999
Estimated_sequence_from_DMS_L523E,111.75228460799991
Estimated_sequence_from_DMS_L523F,111.6916656959999
Estimated_sequence_from_DMS_L523G,111.6618066539999
Estimated_sequence_from_DMS_L523H,111.6677716019999
Estimated_sequence_from_DMS_L523I,111.7192466649999
Estimated_sequence_from_DMS_L523K,111.66111002799991
Estimated_sequence_from_DMS_L523M,111.7578548859999
Estimated_sequence_from_DMS_L523N,111.6677553639999
Estimated_sequence_from_DMS_L523P,111.66689817799991
Estimated_sequence_from_DMS_L523Q,111.6672327129999
Estimated_sequence_from_DMS_L523R,111.6826128589999
Estimated_sequence_from_DMS_L523S,111.67542684199991
Estimated_sequence_from_DMS_L523T,111.6780641619999
Estimated_sequence_from_DMS_L523V,111.7131867479999
Estimated_sequence_from_DMS_L523W,111.7274436989999
Estimated_sequence_from_DMS_L523Y,111.6980257769999
Estimated_sequence_from_DMS_K524A,111.75120501499991
Estimated_sequence_from_DMS_K524C,111.7224731829999
Estimated_sequence_from_DMS_K524D,111.72797264699992
Estimated_sequence_from_DMS_K524E,111.75408943999992
Estimated_sequence_from_DMS_K524F,111.7440247099999
Estimated_sequence_from_DMS_K524G,111.7475580059999
Estimated_sequence_from_DMS_K524H,111.75474712499991
Estimated_sequence_from_DMS_K524I,111.76288904099991
Estimated_sequence_from_DMS_K524L,111.74966049499992
Estimated_sequence_from_DMS_K524M,111.77805038499991
Estimated_sequence_from_DMS_K524N,111.73807600499991
Estimated_sequence_from_DMS_K524P,111.72322991799992
Estimated_sequence_from_DMS_K524Q,111.76194595299991
Estimated_sequence_from_DMS_K524R,111.7767406919999
Estimated_sequence_from_DMS_K524S,111.7708757659999
Estimated_sequence_from_DMS_K524T,111.76041661099991
Estimated_sequence_from_DMS_K524V,111.74006868999992
Estimated_sequence_from_DMS_K524W,111.75476747599991
Estimated_sequence_from_DMS_K524Y,111.7475757289999
Estimated_sequence_from_DMS_S525A,111.76091030999991
Estimated_sequence_from_DMS_S525C,111.76564862999992
Estimated_sequence_from_DMS_S525D,111.77845478199991
Estimated_sequence_from_DMS_S525E,111.79590137899991
Estimated_sequence_from_DMS_S525F,111.7741193419999
Estimated_sequence_from_DMS_S525G,111.76327439099991
Estimated_sequence_from_DMS_S525H,111.77801599399992
Estimated_sequence_from_DMS_S525I,111.73106296799992
Estimated_sequence_from_DMS_S525K,111.84854462799991
Estimated_sequence_from_DMS_S525L,111.7773870979999
Estimated_sequence_from_DMS_S525M,111.77339354399992
Estimated_sequence_from_DMS_S525N,111.7707658819999
Estimated_sequence_from_DMS_S525P,111.75428361999991
Estimated_sequence_from_DMS_S525Q,111.75024392899991
Estimated_sequence_from_DMS_S525R,111.76093707399991
Estimated_sequence_from_DMS_S525T,111.76919036799991
Estimated_sequence_from_DMS_S525V,111.80413327199992
Estimated_sequence_from_DMS_S525W,111.77770965599991
Estimated_sequence_from_DMS_S525Y,111.81400036099991
Estimated_sequence_from_DMS_G526A,111.75909253099991
Estimated_sequence_from_DMS_G526C,111.7382295739999
Estimated_sequence_from_DMS_G526D,111.7376285389999
Estimated_sequence_from_DMS_G526E,111.77092852299991
Estimated_sequence_from_DMS_G526F,111.7518843519999
Estimated_sequence_from_DMS_G526H,111.7490507679999
Estimated_sequence_from_DMS_G526I,111.7538940309999
Estimated_sequence_from_DMS_G526K,111.8140993749999
Estimated_sequence_from_DMS_G526L,111.7514429389999
Estimated_sequence_from_DMS_G526M,111.7678815499999
Estimated_sequence_from_DMS_G526N,111.7733320049999
Estimated_sequence_from_DMS_G526P,111.7524487539999
Estimated_sequence_from_DMS_G526Q,111.8587589039999
Estimated_sequence_from_DMS_G526R,111.7690226829999
Estimated_sequence_from_DMS_G526S,111.78006100499991
Estimated_sequence_from_DMS_G526T,111.7699364689999
Estimated_sequence_from_DMS_G526V,111.7694505109999
Estimated_sequence_from_DMS_G526W,111.8353247949999
Estimated_sequence_from_DMS_G526Y,111.73442691699991
Estimated_sequence_from_DMS_Y527A,111.78384548099991
Estimated_sequence_from_DMS_Y527C,111.7440121729999
Estimated_sequence_from_DMS_Y527D,111.74028281399991
Estimated_sequence_from_DMS_Y527E,111.75783779499992
Estimated_sequence_from_DMS_Y527F,111.7886198379999
Estimated_sequence_from_DMS_Y527G,111.76577371499991
Estimated_sequence_from_DMS_Y527H,111.75918611299991
Estimated_sequence_from_DMS_Y527I,111.8265605199999
Estimated_sequence_from_DMS_Y527K,111.74934593599991
Estimated_sequence_from_DMS_Y527L,111.7538488639999
Estimated_sequence_from_DMS_Y527M,111.84629361599991
Estimated_sequence_from_DMS_Y527N,111.7932925779999
Estimated_sequence_from_DMS_Y527P,111.75320993099992
Estimated_sequence_from_DMS_Y527Q,111.74240064199991
Estimated_sequence_from_DMS_Y527R,111.79832657999991
Estimated_sequence_from_DMS_Y527S,111.7370234719999
Estimated_sequence_from_DMS_Y527T,111.75831176699991
Estimated_sequence_from_DMS_Y527V,111.7706851259999
Estimated_sequence_from_DMS_Y527W,111.7383186249999
Estimated_sequence_from_DMS_K528A,111.77146183299992
Estimated_sequence_from_DMS_K528C,111.76137408099991
Estimated_sequence_from_DMS_K528D,111.76746850699992
Estimated_sequence_from_DMS_K528E,111.78619930099991
Estimated_sequence_from_DMS_K528F,111.79658036399992
Estimated_sequence_from_DMS_K528G,111.78462846499991
Estimated_sequence_from_DMS_K528H,111.76033234299992
Estimated_sequence_from_DMS_K528I,111.76633517299992
Estimated_sequence_from_DMS_K528L,111.81105540299991
Estimated_sequence_from_DMS_K528M,111.77770709199991
Estimated_sequence_from_DMS_K528N,111.83708906899992
Estimated_sequence_from_DMS_K528P,111.79141743899991
Estimated_sequence_from_DMS_K528Q,111.77267484499991
Estimated_sequence_from_DMS_K528R,111.80217325799991
Estimated_sequence_from_DMS_K528S,111.77081357899992
Estimated_sequence_from_DMS_K528T,111.78417028099992
Estimated_sequence_from_DMS_K528V,111.78501558499991
Estimated_sequence_from_DMS_K528W,111.78941344499991
Estimated_sequence_from_DMS_K528Y,111.77533958199992
Estimated_sequence_from_DMS_D529A,111.73349265399992
Estimated_sequence_from_DMS_D529C,111.72330458199991
Estimated_sequence_from_DMS_D529E,111.78756805299992
Estimated_sequence_from_DMS_D529F,111.73766289799991
Estimated_sequence_from_DMS_D529G,111.72321746499992
Estimated_sequence_from_DMS_D529H,111.73354663699992
Estimated_sequence_from_DMS_D529I,111.71674620899991
Estimated_sequence_from_DMS_D529K,111.74524725199991
Estimated_sequence_from_DMS_D529L,111.7326478069999
Estimated_sequence_from_DMS_D529M,111.71847475699991
Estimated_sequence_from_DMS_D529N,111.71765431399992
Estimated_sequence_from_DMS_D529P,111.71937115099992
Estimated_sequence_from_DMS_D529Q,111.74198376999992
Estimated_sequence_from_DMS_D529R,111.70165264599991
Estimated_sequence_from_DMS_D529S,111.7561835779999
Estimated_sequence_from_DMS_D529T,111.74482771699991
Estimated_sequence_from_DMS_D529V,111.75171733099991
Estimated_sequence_from_DMS_D529W,111.7538530699999
Estimated_sequence_from_DMS_D529Y,111.75119751599992
Estimated_sequence_from_DMS_W530A,111.7465076639999
Estimated_sequence_from_DMS_W530C,111.73508668899991
Estimated_sequence_from_DMS_W530D,111.7745764359999
Estimated_sequence_from_DMS_W530E,111.73301102599991
Estimated_sequence_from_DMS_W530F,111.7526705179999
Estimated_sequence_from_DMS_W530G,111.74448621599991
Estimated_sequence_from_DMS_W530H,111.73222201599991
Estimated_sequence_from_DMS_W530I,111.7532252439999
Estimated_sequence_from_DMS_W530K,111.72533227499991
Estimated_sequence_from_DMS_W530L,111.7483020839999
Estimated_sequence_from_DMS_W530M,111.78425811699991
Estimated_sequence_from_DMS_W530N,111.74777476799991
Estimated_sequence_from_DMS_W530P,111.73223566299991
Estimated_sequence_from_DMS_W530Q,111.7426285419999
Estimated_sequence_from_DMS_W530R,111.7224922859999
Estimated_sequence_from_DMS_W530S,111.73463625199992
Estimated_sequence_from_DMS_W530T,111.74190137599992
Estimated_sequence_from_DMS_W530V,111.75254236099991
Estimated_sequence_from_DMS_W530Y,111.77482769399991
Estimated_sequence_from_DMS_I531A,111.7480830889999
Estimated_sequence_from_DMS_I531C,111.74911267599991
Estimated_sequence_from_DMS_I531D,111.6993252619999
Estimated_sequence_from_DMS_I531E,111.6999461569999
Estimated_sequence_from_DMS_I531F,111.77632296199991
Estimated_sequence_from_DMS_I531G,111.72576021899991
Estimated_sequence_from_DMS_I531H,111.6898910469999
Estimated_sequence_from_DMS_I531K,111.6995147219999
Estimated_sequence_from_DMS_I531L,111.75029542299991
Estimated_sequence_from_DMS_I531M,111.73458506299991
Estimated_sequence_from_DMS_I531N,111.7367371669999
Estimated_sequence_from_DMS_I531P,111.7442422239999
Estimated_sequence_from_DMS_I531Q,111.72433962799991
Estimated_sequence_from_DMS_I531R,111.6921670719999
Estimated_sequence_from_DMS_I531S,111.6978126609999
Estimated_sequence_from_DMS_I531T,111.73876330999991
Estimated_sequence_from_DMS_I531V,111.7773831729999
Estimated_sequence_from_DMS_I531W,111.7046580679999
Estimated_sequence_from_DMS_I531Y,111.75278184399991
Estimated_sequence_from_DMS_L532A,111.7361177769999
Estimated_sequence_from_DMS_L532C,111.7398313069999
Estimated_sequence_from_DMS_L532D,111.70229154899991
Estimated_sequence_from_DMS_L532E,111.7404047439999
Estimated_sequence_from_DMS_L532F,111.77171288399991
Estimated_sequence_from_DMS_L532G,111.73358086099991
Estimated_sequence_from_DMS_L532H,111.72794580599991
Estimated_sequence_from_DMS_L532I,111.75215750099991
Estimated_sequence_from_DMS_L532K,111.7078844529999
Estimated_sequence_from_DMS_L532M,111.78057591399991
Estimated_sequence_from_DMS_L532N,111.70730398599991
Estimated_sequence_from_DMS_L532P,111.73299771499991
Estimated_sequence_from_DMS_L532Q,111.74047189499991
Estimated_sequence_from_DMS_L532R,111.69416907199991
Estimated_sequence_from_DMS_L532S,111.7214448789999
Estimated_sequence_from_DMS_L532T,111.7444408809999
Estimated_sequence_from_DMS_L532V,111.7547367499999
Estimated_sequence_from_DMS_L532W,111.6914412639999
Estimated_sequence_from_DMS_L532Y,111.7143065889999
Estimated_sequence_from_DMS_W533A,111.25680450699991
Estimated_sequence_from_DMS_W533C,111.2929315969999
Estimated_sequence_from_DMS_W533D,111.2625730589999
Estimated_sequence_from_DMS_W533E,111.26305268999991
Estimated_sequence_from_DMS_W533F,111.27003185899991
Estimated_sequence_from_DMS_W533G,111.3072103379999
Estimated_sequence_from_DMS_W533H,111.26470883599991
Estimated_sequence_from_DMS_W533I,111.26465096499992
Estimated_sequence_from_DMS_W533K,111.26713357099992
Estimated_sequence_from_DMS_W533L,111.2746069109999
Estimated_sequence_from_DMS_W533M,111.2974094429999
Estimated_sequence_from_DMS_W533N,111.2650871669999
Estimated_sequence_from_DMS_W533P,111.25861544399991
Estimated_sequence_from_DMS_W533Q,111.2680683219999
Estimated_sequence_from_DMS_W533R,111.29677023599992
Estimated_sequence_from_DMS_W533S,111.25380808999991
Estimated_sequence_from_DMS_W533T,111.25866054099991
Estimated_sequence_from_DMS_W533V,111.25602495899992
Estimated_sequence_from_DMS_W533Y,111.27208809099992
Estimated_sequence_from_DMS_I534A,111.56520672299992
Estimated_sequence_from_DMS_I534C,111.57204214899991
Estimated_sequence_from_DMS_I534D,111.58309735199991
Estimated_sequence_from_DMS_I534E,111.57030876499991
Estimated_sequence_from_DMS_I534F,111.69234405399992
Estimated_sequence_from_DMS_I534G,111.57514261699991
Estimated_sequence_from_DMS_I534H,111.57959945999991
Estimated_sequence_from_DMS_I534K,111.56758870099992
Estimated_sequence_from_DMS_I534L,111.59223504499991
Estimated_sequence_from_DMS_I534M,111.67455180599991
Estimated_sequence_from_DMS_I534N,111.57398849999991
Estimated_sequence_from_DMS_I534P,111.56129313599992
Estimated_sequence_from_DMS_I534Q,111.59471660299991
Estimated_sequence_from_DMS_I534R,111.56003397699992
Estimated_sequence_from_DMS_I534S,111.60801857799991
Estimated_sequence_from_DMS_I534T,111.58615375599992
Estimated_sequence_from_DMS_I534V,111.58762721199992
Estimated_sequence_from_DMS_I534W,111.56839513299991
Estimated_sequence_from_DMS_I534Y,111.60298068099992
Estimated_sequence_from_DMS_S535A,111.4824639479999
Estimated_sequence_from_DMS_S535C,111.5170736939999
Estimated_sequence_from_DMS_S535D,111.4732514249999
Estimated_sequence_from_DMS_S535E,111.4745943169999
Estimated_sequence_from_DMS_S535F,111.4973028759999
Estimated_sequence_from_DMS_S535G,111.4698887399999
Estimated_sequence_from_DMS_S535H,111.4761102209999
Estimated_sequence_from_DMS_S535I,111.4726456419999
Estimated_sequence_from_DMS_S535K,111.4802867729999
Estimated_sequence_from_DMS_S535L,111.49197723899991
Estimated_sequence_from_DMS_S535M,111.4765986099999
Estimated_sequence_from_DMS_S535N,111.4736923869999
Estimated_sequence_from_DMS_S535P,111.53972439099991
Estimated_sequence_from_DMS_S535Q,111.5304693049999
Estimated_sequence_from_DMS_S535R,111.4583213449999
Estimated_sequence_from_DMS_S535T,111.4946044679999
Estimated_sequence_from_DMS_S535V,111.4632380729999
Estimated_sequence_from_DMS_S535W,111.4714952659999
Estimated_sequence_from_DMS_S535Y,111.5057597049999
Estimated_sequence_from_DMS_F536A,111.7197627489999
Estimated_sequence_from_DMS_F536C,111.6658873949999
Estimated_sequence_from_DMS_F536D,111.6310338059999
Estimated_sequence_from_DMS_F536E,111.6296864039999
Estimated_sequence_from_DMS_F536G,111.67309954399991
Estimated_sequence_from_DMS_F536H,111.64196478399991
Estimated_sequence_from_DMS_F536I,111.6484270979999
Estimated_sequence_from_DMS_F536K,111.6228559919999
Estimated_sequence_from_DMS_F536L,111.7049812729999
Estimated_sequence_from_DMS_F536M,111.6451786209999
Estimated_sequence_from_DMS_F536N,111.6460182209999
Estimated_sequence_from_DMS_F536P,111.64721034199991
Estimated_sequence_from_DMS_F536Q,111.6259099589999
Estimated_sequence_from_DMS_F536R,111.6416937149999
Estimated_sequence_from_DMS_F536S,111.7305519319999
Estimated_sequence_from_DMS_F536T,111.6817045759999
Estimated_sequence_from_DMS_F536V,111.6503604709999
Estimated_sequence_from_DMS_F536W,111.6520080649999
Estimated_sequence_from_DMS_F536Y,111.6450149389999
Estimated_sequence_from_DMS_A537C,111.36704929399991
Estimated_sequence_from_DMS_A537D,111.3762887039999
Estimated_sequence_from_DMS_A537E,111.3614967979999
Estimated_sequence_from_DMS_A537F,111.3649762639999
Estimated_sequence_from_DMS_A537G,111.3530956699999
Estimated_sequence_from_DMS_A537H,111.3682988819999
Estimated_sequence_from_DMS_A537I,111.3615453819999
Estimated_sequence_from_DMS_A537K,111.36789388399991
Estimated_sequence_from_DMS_A537L,111.35389222899991
Estimated_sequence_from_DMS_A537M,111.3760737689999
Estimated_sequence_from_DMS_A537N,111.3633745739999
Estimated_sequence_from_DMS_A537P,111.37503452999991
Estimated_sequence_from_DMS_A537Q,111.3637021449999
Estimated_sequence_from_DMS_A537R,111.3520391739999
Estimated_sequence_from_DMS_A537S,111.4454988719999
Estimated_sequence_from_DMS_A537T,111.4475736919999
Estimated_sequence_from_DMS_A537V,111.38168995799991
Estimated_sequence_from_DMS_A537W,111.36292498999991
Estimated_sequence_from_DMS_A537Y,111.3694731739999
Estimated_sequence_from_DMS_I538A,111.5542982929999
Estimated_sequence_from_DMS_I538C,111.53585598099991
Estimated_sequence_from_DMS_I538D,111.55670795599991
Estimated_sequence_from_DMS_I538E,111.5938486939999
Estimated_sequence_from_DMS_I538F,111.5374478609999
Estimated_sequence_from_DMS_I538G,111.5530975459999
Estimated_sequence_from_DMS_I538H,111.55440290199991
Estimated_sequence_from_DMS_I538K,111.5578871589999
Estimated_sequence_from_DMS_I538L,111.5362371229999
Estimated_sequence_from_DMS_I538M,111.6583772969999
Estimated_sequence_from_DMS_I538N,111.5876511359999
Estimated_sequence_from_DMS_I538P,111.5329394699999
Estimated_sequence_from_DMS_I538Q,111.5396449239999
Estimated_sequence_from_DMS_I538R,111.5500534049999
Estimated_sequence_from_DMS_I538S,111.60048415299991
Estimated_sequence_from_DMS_I538T,111.5900027509999
Estimated_sequence_from_DMS_I538V,111.5654516939999
Estimated_sequence_from_DMS_I538W,111.5574336139999
Estimated_sequence_from_DMS_I538Y,111.54188218599991
Estimated_sequence_from_DMS_S539A,111.57468488799992
Estimated_sequence_from_DMS_S539C,111.56588732599991
Estimated_sequence_from_DMS_S539D,111.57124932299992
Estimated_sequence_from_DMS_S539E,111.71653328399992
Estimated_sequence_from_DMS_S539F,111.52989346899992
Estimated_sequence_from_DMS_S539G,111.53260687199992
Estimated_sequence_from_DMS_S539H,111.53656194999992
Estimated_sequence_from_DMS_S539I,111.52934520699992
Estimated_sequence_from_DMS_S539K,111.53523168199992
Estimated_sequence_from_DMS_S539L,111.54012745399992
Estimated_sequence_from_DMS_S539M,111.54021813299991
Estimated_sequence_from_DMS_S539N,111.53993023699992
Estimated_sequence_from_DMS_S539P,111.54283028599991
Estimated_sequence_from_DMS_S539Q,111.54355415299992
Estimated_sequence_from_DMS_S539R,111.52236665899991
Estimated_sequence_from_DMS_S539T,111.58791110799991
Estimated_sequence_from_DMS_S539V,111.53926077999992
Estimated_sequence_from_DMS_S539W,111.55876925499992
Estimated_sequence_from_DMS_S539Y,111.53572967999992
Estimated_sequence_from_DMS_C540A,111.7759789919999
Estimated_sequence_from_DMS_C540D,111.79325793299991
Estimated_sequence_from_DMS_C540E,111.7486145319999
Estimated_sequence_from_DMS_C540F,111.75284301799991
Estimated_sequence_from_DMS_C540G,111.81474327599992
Estimated_sequence_from_DMS_C540H,111.79860478499991
Estimated_sequence_from_DMS_C540I,111.74927845999991
Estimated_sequence_from_DMS_C540K,111.7213340799999
Estimated_sequence_from_DMS_C540L,111.7693566109999
Estimated_sequence_from_DMS_C540M,111.7631432989999
Estimated_sequence_from_DMS_C540N,111.81960726099992
Estimated_sequence_from_DMS_C540P,111.72935264299991
Estimated_sequence_from_DMS_C540Q,111.77905651599991
Estimated_sequence_from_DMS_C540R,111.72280450899991
Estimated_sequence_from_DMS_C540S,111.75947911799992
Estimated_sequence_from_DMS_C540T,111.75256310299991
Estimated_sequence_from_DMS_C540V,111.74285831299991
Estimated_sequence_from_DMS_C540W,111.73037555899991
Estimated_sequence_from_DMS_C540Y,111.7510136189999
Estimated_sequence_from_DMS_F541A,111.77455104699992
Estimated_sequence_from_DMS_F541C,111.78531755999991
Estimated_sequence_from_DMS_F541D,111.79610569499991
Estimated_sequence_from_DMS_F541E,111.76300242799992
Estimated_sequence_from_DMS_F541G,111.77450299099992
Estimated_sequence_from_DMS_F541H,111.82210347399992
Estimated_sequence_from_DMS_F541I,111.75788312199991
Estimated_sequence_from_DMS_F541K,111.76870870299992
Estimated_sequence_from_DMS_F541L,111.79195005699991
Estimated_sequence_from_DMS_F541M,111.77467812999991
Estimated_sequence_from_DMS_F541N,111.74841831799992
Estimated_sequence_from_DMS_F541P,111.73624697499991
Estimated_sequence_from_DMS_F541Q,111.75688432199992
Estimated_sequence_from_DMS_F541R,111.73566799699992
Estimated_sequence_from_DMS_F541S,111.76231589799991
Estimated_sequence_from_DMS_F541T,111.76036084699992
Estimated_sequence_from_DMS_F541V,111.77160142899992
Estimated_sequence_from_DMS_F541W,111.78593528599991
Estimated_sequence_from_DMS_F541Y,111.77584642699992
Estimated_sequence_from_DMS_L542A,111.74499171299992
Estimated_sequence_from_DMS_L542C,111.81125628399991
Estimated_sequence_from_DMS_L542D,111.7677262919999
Estimated_sequence_from_DMS_L542E,111.82218068699991
Estimated_sequence_from_DMS_L542F,111.80230164499991
Estimated_sequence_from_DMS_L542G,111.80599931099991
Estimated_sequence_from_DMS_L542H,111.74865883599992
Estimated_sequence_from_DMS_L542I,111.79007543099992
Estimated_sequence_from_DMS_L542K,111.73619168599991
Estimated_sequence_from_DMS_L542M,111.8361564699999
Estimated_sequence_from_DMS_L542N,111.7439462729999
Estimated_sequence_from_DMS_L542P,111.74995368399992
Estimated_sequence_from_DMS_L542Q,111.76316438099991
Estimated_sequence_from_DMS_L542R,111.73930098099991
Estimated_sequence_from_DMS_L542S,111.7531663239999
Estimated_sequence_from_DMS_L542T,111.78722095299992
Estimated_sequence_from_DMS_L542V,111.8081775839999
Estimated_sequence_from_DMS_L542W,111.80329318399991
Estimated_sequence_from_DMS_L542Y,111.77008548699992
Estimated_sequence_from_DMS_L543A,111.76977098699992
Estimated_sequence_from_DMS_L543C,111.78427036999992
Estimated_sequence_from_DMS_L543D,111.7597561269999
Estimated_sequence_from_DMS_L543E,111.76591817599991
Estimated_sequence_from_DMS_L543F,111.7832449369999
Estimated_sequence_from_DMS_L543G,111.76374487699991
Estimated_sequence_from_DMS_L543H,111.73805791899991
Estimated_sequence_from_DMS_L543I,111.8531835249999
Estimated_sequence_from_DMS_L543K,111.73057034599991
Estimated_sequence_from_DMS_L543M,111.75264182499991
Estimated_sequence_from_DMS_L543N,111.73386111499991
Estimated_sequence_from_DMS_L543P,111.77239660099991
Estimated_sequence_from_DMS_L543Q,111.76886221399991
Estimated_sequence_from_DMS_L543R,111.75175862699992
Estimated_sequence_from_DMS_L543S,111.78043316599991
Estimated_sequence_from_DMS_L543T,111.79524818999991
Estimated_sequence_from_DMS_L543V,111.78130793699991
Estimated_sequence_from_DMS_L543W,111.7854363639999
Estimated_sequence_from_DMS_L543Y,111.7784811259999
Estimated_sequence_from_DMS_C544A,111.7818994569999
Estimated_sequence_from_DMS_C544D,111.7818854739999
Estimated_sequence_from_DMS_C544E,111.7843763579999
Estimated_sequence_from_DMS_C544F,111.7528986339999
Estimated_sequence_from_DMS_C544G,111.7807796019999
Estimated_sequence_from_DMS_C544H,111.7945673529999
Estimated_sequence_from_DMS_C544I,111.7948438349999
Estimated_sequence_from_DMS_C544K,111.8560388139999
Estimated_sequence_from_DMS_C544L,111.7718018839999
Estimated_sequence_from_DMS_C544M,111.7649017059999
Estimated_sequence_from_DMS_C544N,111.7899477089999
Estimated_sequence_from_DMS_C544P,111.7580923689999
Estimated_sequence_from_DMS_C544Q,111.8031447219999
Estimated_sequence_from_DMS_C544R,111.7500906999999
Estimated_sequence_from_DMS_C544S,111.7755174849999
Estimated_sequence_from_DMS_C544T,111.7708000989999
Estimated_sequence_from_DMS_C544V,111.7749178869999
Estimated_sequence_from_DMS_C544W,111.81790205199991
Estimated_sequence_from_DMS_C544Y,111.7800112649999
Estimated_sequence_from_DMS_V545A,111.76236603799991
Estimated_sequence_from_DMS_V545C,111.7746583839999
Estimated_sequence_from_DMS_V545D,111.7658765849999
Estimated_sequence_from_DMS_V545E,111.77606132399991
Estimated_sequence_from_DMS_V545F,111.8032510509999
Estimated_sequence_from_DMS_V545G,111.78238445399991
Estimated_sequence_from_DMS_V545H,111.7325870729999
Estimated_sequence_from_DMS_V545I,111.77740219599991
Estimated_sequence_from_DMS_V545K,111.7620355529999
Estimated_sequence_from_DMS_V545L,111.79421642399991
Estimated_sequence_from_DMS_V545M,111.77373242199991
Estimated_sequence_from_DMS_V545N,111.77458019099991
Estimated_sequence_from_DMS_V545P,111.75041847699991
Estimated_sequence_from_DMS_V545Q,111.74890204599991
Estimated_sequence_from_DMS_V545R,111.72951068199991
Estimated_sequence_from_DMS_V545S,111.7853935009999
Estimated_sequence_from_DMS_V545T,111.78708128499991
Estimated_sequence_from_DMS_V545W,111.75766992799991
Estimated_sequence_from_DMS_V545Y,111.7387430319999
Estimated_sequence_from_DMS_A546C,111.78332796799991
Estimated_sequence_from_DMS_A546D,111.73855504099991
Estimated_sequence_from_DMS_A546E,111.73338150799991
Estimated_sequence_from_DMS_A546F,111.7334809269999
Estimated_sequence_from_DMS_A546G,111.78193368399991
Estimated_sequence_from_DMS_A546H,111.71629257199992
Estimated_sequence_from_DMS_A546I,111.75960822999991
Estimated_sequence_from_DMS_A546K,111.70903078899991
Estimated_sequence_from_DMS_A546L,111.75466092099991
Estimated_sequence_from_DMS_A546M,111.74091867399991
Estimated_sequence_from_DMS_A546N,111.7479487879999
Estimated_sequence_from_DMS_A546P,111.7812155789999
Estimated_sequence_from_DMS_A546Q,111.7161904319999
Estimated_sequence_from_DMS_A546R,111.7134639649999
Estimated_sequence_from_DMS_A546S,111.77335064299992
Estimated_sequence_from_DMS_A546T,111.7723370379999
Estimated_sequence_from_DMS_A546V,111.79058986699991
Estimated_sequence_from_DMS_A546W,111.72494494999991
Estimated_sequence_from_DMS_A546Y,111.7710741499999
Estimated_sequence_from_DMS_L547A,111.7727047739999
Estimated_sequence_from_DMS_L547C,111.76693208999991
Estimated_sequence_from_DMS_L547D,111.8094181519999
Estimated_sequence_from_DMS_L547E,111.8163413079999
Estimated_sequence_from_DMS_L547F,111.83203190499991
Estimated_sequence_from_DMS_L547G,111.78583019999991
Estimated_sequence_from_DMS_L547H,111.77935206399991
Estimated_sequence_from_DMS_L547I,111.78276693499991
Estimated_sequence_from_DMS_L547K,111.81653179699991
Estimated_sequence_from_DMS_L547M,111.8019164319999
Estimated_sequence_from_DMS_L547N,111.80026342399991
Estimated_sequence_from_DMS_L547P,111.7442715719999
Estimated_sequence_from_DMS_L547Q,111.8004505299999
Estimated_sequence_from_DMS_L547R,111.7462137559999
Estimated_sequence_from_DMS_L547S,111.77818359699991
Estimated_sequence_from_DMS_L547T,111.7682661769999
Estimated_sequence_from_DMS_L547V,111.7820830599999
Estimated_sequence_from_DMS_L547W,111.7907770569999
Estimated_sequence_from_DMS_L547Y,111.78444725599991
Estimated_sequence_from_DMS_L548A,111.73265023599991
Estimated_sequence_from_DMS_L548C,111.74313486599992
Estimated_sequence_from_DMS_L548D,111.81250991599991
Estimated_sequence_from_DMS_L548E,111.79059426099991
Estimated_sequence_from_DMS_L548F,111.74978540099991
Estimated_sequence_from_DMS_L548G,111.75552004799991
Estimated_sequence_from_DMS_L548H,111.72658526799991
Estimated_sequence_from_DMS_L548I,111.73898923199991
Estimated_sequence_from_DMS_L548K,111.70427230399991
Estimated_sequence_from_DMS_L548M,111.72385938699992
Estimated_sequence_from_DMS_L548N,111.77363129099992
Estimated_sequence_from_DMS_L548P,111.71363782999991
Estimated_sequence_from_DMS_L548Q,111.72993408699992
Estimated_sequence_from_DMS_L548R,111.73834050599991
Estimated_sequence_from_DMS_L548S,111.77097530099991
Estimated_sequence_from_DMS_L548T,111.79882227999991
Estimated_sequence_from_DMS_L548V,111.73929280299991
Estimated_sequence_from_DMS_L548W,111.75223164699992
Estimated_sequence_from_DMS_L548Y,111.71926236399992
Estimated_sequence_from_DMS_G549A,111.73068160999992
Estimated_sequence_from_DMS_G549C,111.76426075899991
Estimated_sequence_from_DMS_G549D,111.70272307099991
Estimated_sequence_from_DMS_G549E,111.71610936999991
Estimated_sequence_from_DMS_G549F,111.72778369799991
Estimated_sequence_from_DMS_G549H,111.70486334599991
Estimated_sequence_from_DMS_G549I,111.76202078899992
Estimated_sequence_from_DMS_G549K,111.70439074799991
Estimated_sequence_from_DMS_G549L,111.72372155499991
Estimated_sequence_from_DMS_G549M,111.80336317299991
Estimated_sequence_from_DMS_G549N,111.70180577299992
Estimated_sequence_from_DMS_G549P,111.71157708799991
Estimated_sequence_from_DMS_G549Q,111.70243577899991
Estimated_sequence_from_DMS_G549R,111.70904821899991
Estimated_sequence_from_DMS_G549S,111.73462246399991
Estimated_sequence_from_DMS_G549T,111.73522777999992
Estimated_sequence_from_DMS_G549V,111.87015894199992
Estimated_sequence_from_DMS_G549W,111.89643073199991
Estimated_sequence_from_DMS_G549Y,111.71134277099992
Estimated_sequence_from_DMS_F550A,111.77043541599991
Estimated_sequence_from_DMS_F550C,111.74713136299991
Estimated_sequence_from_DMS_F550D,111.74059707399991
Estimated_sequence_from_DMS_F550E,111.73095294199992
Estimated_sequence_from_DMS_F550G,111.73820576599991
Estimated_sequence_from_DMS_F550H,111.73038629699991
Estimated_sequence_from_DMS_F550I,111.79357485099992
Estimated_sequence_from_DMS_F550K,111.72602027999991
Estimated_sequence_from_DMS_F550L,111.81251511199991
Estimated_sequence_from_DMS_F550M,111.76242320899992
Estimated_sequence_from_DMS_F550N,111.76883448099991
Estimated_sequence_from_DMS_F550P,111.74041943899991
Estimated_sequence_from_DMS_F550Q,111.73218838099992
Estimated_sequence_from_DMS_F550R,111.71072130599991
Estimated_sequence_from_DMS_F550S,111.76309813499991
Estimated_sequence_from_DMS_F550T,111.77638157699991
Estimated_sequence_from_DMS_F550V,111.75707127599992
Estimated_sequence_from_DMS_F550W,111.73934231999992
Estimated_sequence_from_DMS_F550Y,111.73830680099991
Estimated_sequence_from_DMS_I551A,111.7093261329999
Estimated_sequence_from_DMS_I551C,111.72975137599991
Estimated_sequence_from_DMS_I551D,111.7376125519999
Estimated_sequence_from_DMS_I551E,111.7433336679999
Estimated_sequence_from_DMS_I551F,111.7474703849999
Estimated_sequence_from_DMS_I551G,111.7522218629999
Estimated_sequence_from_DMS_I551H,111.71479659899991
Estimated_sequence_from_DMS_I551K,111.7101298119999
Estimated_sequence_from_DMS_I551L,111.73901982299991
Estimated_sequence_from_DMS_I551M,111.75212472399991
Estimated_sequence_from_DMS_I551N,111.7568456699999
Estimated_sequence_from_DMS_I551P,111.7079780179999
Estimated_sequence_from_DMS_I551Q,111.7222803489999
Estimated_sequence_from_DMS_I551R,111.7049557359999
Estimated_sequence_from_DMS_I551S,111.7409007059999
Estimated_sequence_from_DMS_I551T,111.76019715299991
Estimated_sequence_from_DMS_I551V,111.75607024299991
Estimated_sequence_from_DMS_I551W,111.72321628999991
Estimated_sequence_from_DMS_I551Y,111.72252808599991
Estimated_sequence_from_DMS_M552A,111.7703515079999
Estimated_sequence_from_DMS_M552C,111.75815862499991
Estimated_sequence_from_DMS_M552D,111.7388456329999
Estimated_sequence_from_DMS_M552E,111.7849944779999
Estimated_sequence_from_DMS_M552F,111.7799874709999
Estimated_sequence_from_DMS_M552G,111.7605572359999
Estimated_sequence_from_DMS_M552H,111.7283960019999
Estimated_sequence_from_DMS_M552I,111.7711273029999
Estimated_sequence_from_DMS_M552K,111.71767955599991
Estimated_sequence_from_DMS_M552L,111.7659719329999
Estimated_sequence_from_DMS_M552N,111.74622522199991
Estimated_sequence_from_DMS_M552P,111.7366361079999
Estimated_sequence_from_DMS_M552Q,111.7912582749999
Estimated_sequence_from_DMS_M552R,111.7161647459999
Estimated_sequence_from_DMS_M552S,111.7586454189999
Estimated_sequence_from_DMS_M552T,111.7500344919999
Estimated_sequence_from_DMS_M552V,111.7591973179999
Estimated_sequence_from_DMS_M552W,111.7880222719999
Estimated_sequence_from_DMS_M552Y,111.7624661699999
Estimated_sequence_from_DMS_W553A,111.74566556999991
Estimated_sequence_from_DMS_W553C,111.74245315499991
Estimated_sequence_from_DMS_W553D,111.75289135399991
Estimated_sequence_from_DMS_W553E,111.75961479499992
Estimated_sequence_from_DMS_W553F,111.77229302199991
Estimated_sequence_from_DMS_W553G,111.74732335799992
Estimated_sequence_from_DMS_W553H,111.72801910199992
Estimated_sequence_from_DMS_W553I,111.78129777199992
Estimated_sequence_from_DMS_W553K,111.74668556299991
Estimated_sequence_from_DMS_W553L,111.77392243499992
Estimated_sequence_from_DMS_W553M,111.76113247799991
Estimated_sequence_from_DMS_W553N,111.74816232099991
Estimated_sequence_from_DMS_W553P,111.7507242699999
Estimated_sequence_from_DMS_W553Q,111.74033956099991
Estimated_sequence_from_DMS_W553R,111.72337716899992
Estimated_sequence_from_DMS_W553S,111.76766213299992
Estimated_sequence_from_DMS_W553T,111.77314920299992
Estimated_sequence_from_DMS_W553V,111.77522367999991
Estimated_sequence_from_DMS_W553Y,111.75946250499992
Estimated_sequence_from_DMS_A554C,111.72870714799991
Estimated_sequence_from_DMS_A554D,111.82523424599991
Estimated_sequence_from_DMS_A554E,111.72940208699991
Estimated_sequence_from_DMS_A554F,111.71054045699991
Estimated_sequence_from_DMS_A554G,111.7888352499999
Estimated_sequence_from_DMS_A554H,111.7086226129999
Estimated_sequence_from_DMS_A554I,111.73190092599991
Estimated_sequence_from_DMS_A554K,111.7156711759999
Estimated_sequence_from_DMS_A554L,111.7154168599999
Estimated_sequence_from_DMS_A554M,111.7873490619999
Estimated_sequence_from_DMS_A554N,111.7797898109999
Estimated_sequence_from_DMS_A554P,111.7344049039999
Estimated_sequence_from_DMS_A554Q,111.72273458899991
Estimated_sequence_from_DMS_A554R,111.71176182499991
Estimated_sequence_from_DMS_A554S,111.80733789299991
Estimated_sequence_from_DMS_A554T,111.77421365399991
Estimated_sequence_from_DMS_A554V,111.72793835199991
Estimated_sequence_from_DMS_A554W,111.7232405429999
Estimated_sequence_from_DMS_A554Y,111.72267364799991
Estimated_sequence_from_DMS_C555A,111.6616746609999
Estimated_sequence_from_DMS_C555D,111.62803176799991
Estimated_sequence_from_DMS_C555E,111.6328458249999
Estimated_sequence_from_DMS_C555F,111.65867872099992
Estimated_sequence_from_DMS_C555G,111.64203465299991
Estimated_sequence_from_DMS_C555H,111.61212435599991
Estimated_sequence_from_DMS_C555I,111.64200376099991
Estimated_sequence_from_DMS_C555K,111.6086122689999
Estimated_sequence_from_DMS_C555L,111.63157922999991
Estimated_sequence_from_DMS_C555M,111.61467053299991
Estimated_sequence_from_DMS_C555N,111.6066216449999
Estimated_sequence_from_DMS_C555P,111.59936851099991
Estimated_sequence_from_DMS_C555Q,111.61558241699991
Estimated_sequence_from_DMS_C555R,111.60476837299991
Estimated_sequence_from_DMS_C555S,111.61392207599991
Estimated_sequence_from_DMS_C555T,111.66858422699991
Estimated_sequence_from_DMS_C555V,111.6140793639999
Estimated_sequence_from_DMS_C555W,111.65323634999991
Estimated_sequence_from_DMS_C555Y,111.63355696599992
Estimated_sequence_from_DMS_Q556A,111.75359678499991
Estimated_sequence_from_DMS_Q556C,111.7277932229999
Estimated_sequence_from_DMS_Q556D,111.73727502699991
Estimated_sequence_from_DMS_Q556E,111.75309696699992
Estimated_sequence_from_DMS_Q556F,111.78492506199991
Estimated_sequence_from_DMS_Q556G,111.72872909599991
Estimated_sequence_from_DMS_Q556H,111.72852731299992
Estimated_sequence_from_DMS_Q556I,111.74735323599991
Estimated_sequence_from_DMS_Q556K,111.74447623699992
Estimated_sequence_from_DMS_Q556L,111.79103508699991
Estimated_sequence_from_DMS_Q556M,111.78282642199991
Estimated_sequence_from_DMS_Q556N,111.72701305699991
Estimated_sequence_from_DMS_Q556P,111.70671835799992
Estimated_sequence_from_DMS_Q556R,111.73650772699992
Estimated_sequence_from_DMS_Q556S,111.75514827599991
Estimated_sequence_from_DMS_Q556T,111.71965033099991
Estimated_sequence_from_DMS_Q556V,111.75648748599991
Estimated_sequence_from_DMS_Q556W,111.7615275759999
Estimated_sequence_from_DMS_Q556Y,111.7415860999999
Estimated_sequence_from_DMS_K557A,111.76076331999991
Estimated_sequence_from_DMS_K557C,111.7401186749999
Estimated_sequence_from_DMS_K557D,111.76733892699991
Estimated_sequence_from_DMS_K557E,111.77060903999991
Estimated_sequence_from_DMS_K557F,111.78640512099992
Estimated_sequence_from_DMS_K557G,111.7702798879999
Estimated_sequence_from_DMS_K557H,111.77139176199991
Estimated_sequence_from_DMS_K557I,111.78958040599991
Estimated_sequence_from_DMS_K557L,111.79766887499991
Estimated_sequence_from_DMS_K557M,111.79747047399991
Estimated_sequence_from_DMS_K557N,111.79739586799991
Estimated_sequence_from_DMS_K557P,111.72925253399991
Estimated_sequence_from_DMS_K557Q,111.78621726399992
Estimated_sequence_from_DMS_K557R,111.75910108399991
Estimated_sequence_from_DMS_K557S,111.79246810499991
Estimated_sequence_from_DMS_K557T,111.78596365199991
Estimated_sequence_from_DMS_K557V,111.7823405669999
Estimated_sequence_from_DMS_K557W,111.75616739299991
Estimated_sequence_from_DMS_K557Y,111.76454347099991
Estimated_sequence_from_DMS_G558A,111.41660753899991
Estimated_sequence_from_DMS_G558C,111.4276351709999
Estimated_sequence_from_DMS_G558D,111.41813455999991
Estimated_sequence_from_DMS_G558E,111.4155221199999
Estimated_sequence_from_DMS_G558F,111.39725744599991
Estimated_sequence_from_DMS_G558H,111.4284040289999
Estimated_sequence_from_DMS_G558I,111.4095578989999
Estimated_sequence_from_DMS_G558K,111.45028156599992
Estimated_sequence_from_DMS_G558L,111.3965023959999
Estimated_sequence_from_DMS_G558M,111.43952274399992
Estimated_sequence_from_DMS_G558N,111.45666563899991
Estimated_sequence_from_DMS_G558P,111.41215955299991
Estimated_sequence_from_DMS_G558Q,111.4271798079999
Estimated_sequence_from_DMS_G558R,111.42743408799991
Estimated_sequence_from_DMS_G558S,111.40033925199991
Estimated_sequence_from_DMS_G558T,111.4360318219999
Estimated_sequence_from_DMS_G558V,111.4094189309999
Estimated_sequence_from_DMS_G558W,111.40964462099991
Estimated_sequence_from_DMS_G558Y,111.40538056299991
Estimated_sequence_from_DMS_N559A,111.77079583399991
Estimated_sequence_from_DMS_N559C,111.72931469799991
Estimated_sequence_from_DMS_N559D,111.75461077699991
Estimated_sequence_from_DMS_N559E,111.76045376499991
Estimated_sequence_from_DMS_N559F,111.82838053099991
Estimated_sequence_from_DMS_N559G,111.72667873999991
Estimated_sequence_from_DMS_N559H,111.7342708939999
Estimated_sequence_from_DMS_N559I,111.76079148899991
Estimated_sequence_from_DMS_N559K,111.7542698389999
Estimated_sequence_from_DMS_N559L,111.74342534199991
Estimated_sequence_from_DMS_N559M,111.7831810519999
Estimated_sequence_from_DMS_N559P,111.71573058799991
Estimated_sequence_from_DMS_N559Q,111.7617915469999
Estimated_sequence_from_DMS_N559R,111.74092950799991
Estimated_sequence_from_DMS_N559S,111.79167659099991
Estimated_sequence_from_DMS_N559T,111.77286134899991
Estimated_sequence_from_DMS_N559V,111.74796025099991
Estimated_sequence_from_DMS_N559W,111.79977914699991
Estimated_sequence_from_DMS_N559Y,111.81635262499991
Estimated_sequence_from_DMS_I560A,111.6223514129999
Estimated_sequence_from_DMS_I560C,111.62562983899991
Estimated_sequence_from_DMS_I560D,111.5990360159999
Estimated_sequence_from_DMS_I560E,111.5914897259999
Estimated_sequence_from_DMS_I560F,111.71473749199991
Estimated_sequence_from_DMS_I560G,111.59495302099991
Estimated_sequence_from_DMS_I560H,111.59911440599991
Estimated_sequence_from_DMS_I560K,111.60105037399991
Estimated_sequence_from_DMS_I560L,111.65806767799991
Estimated_sequence_from_DMS_I560M,111.64940696799991
Estimated_sequence_from_DMS_I560N,111.6112021049999
Estimated_sequence_from_DMS_I560P,111.5974996849999
Estimated_sequence_from_DMS_I560Q,111.59904407599991
Estimated_sequence_from_DMS_I560R,111.6168491639999
Estimated_sequence_from_DMS_I560S,111.61023244499991
Estimated_sequence_from_DMS_I560T,111.6117410869999
Estimated_sequence_from_DMS_I560V,111.6781302979999
Estimated_sequence_from_DMS_I560W,111.6154636059999
Estimated_sequence_from_DMS_I560Y,111.6361055859999
Estimated_sequence_from_DMS_R561A,111.72610042999992
Estimated_sequence_from_DMS_R561C,111.71119496099992
Estimated_sequence_from_DMS_R561D,111.73077917899991
Estimated_sequence_from_DMS_R561E,111.71163202399991
Estimated_sequence_from_DMS_R561F,111.73791457899992
Estimated_sequence_from_DMS_R561G,111.72369364399992
Estimated_sequence_from_DMS_R561H,111.75213752399992
Estimated_sequence_from_DMS_R561I,111.75927191899991
Estimated_sequence_from_DMS_R561K,111.73707539999991
Estimated_sequence_from_DMS_R561L,111.74489218599992
Estimated_sequence_from_DMS_R561M,111.74342905099992
Estimated_sequence_from_DMS_R561N,111.71343593299991
Estimated_sequence_from_DMS_R561P,111.69796249399991
Estimated_sequence_from_DMS_R561Q,111.74002834099991
Estimated_sequence_from_DMS_R561S,111.75199076199992
Estimated_sequence_from_DMS_R561T,111.76493480499991
Estimated_sequence_from_DMS_R561V,111.82170327799992
Estimated_sequence_from_DMS_R561W,111.73322327299992
Estimated_sequence_from_DMS_R561Y,111.73089226399992
Estimated_sequence_from_DMS_C562A,111.63709911399991
Estimated_sequence_from_DMS_C562D,111.61053625999992
Estimated_sequence_from_DMS_C562E,111.6037704559999
Estimated_sequence_from_DMS_C562F,111.70230042399992
Estimated_sequence_from_DMS_C562G,111.59877330599991
Estimated_sequence_from_DMS_C562H,111.63680756599992
Estimated_sequence_from_DMS_C562I,111.64340792599991
Estimated_sequence_from_DMS_C562K,111.6129627839999
Estimated_sequence_from_DMS_C562L,111.70259693899992
Estimated_sequence_from_DMS_C562M,111.61756990499991
Estimated_sequence_from_DMS_C562N,111.62478765999991
Estimated_sequence_from_DMS_C562P,111.5960547649999
Estimated_sequence_from_DMS_C562Q,111.61678337399991
Estimated_sequence_from_DMS_C562R,111.60517743099992
Estimated_sequence_from_DMS_C562S,111.61082453599991
Estimated_sequence_from_DMS_C562T,111.60989131399991
Estimated_sequence_from_DMS_C562V,111.65455360099992
Estimated_sequence_from_DMS_C562W,111.65990719699991
Estimated_sequence_from_DMS_C562Y,111.6212535069999
Estimated_sequence_from_DMS_N563A,111.71536755599992
Estimated_sequence_from_DMS_N563C,111.68206732999991
Estimated_sequence_from_DMS_N563D,111.69798244599991
Estimated_sequence_from_DMS_N563E,111.72389547399992
Estimated_sequence_from_DMS_N563F,111.71188231199991
Estimated_sequence_from_DMS_N563G,111.7079656579999
Estimated_sequence_from_DMS_N563H,111.70028452699991
Estimated_sequence_from_DMS_N563I,111.70536405999991
Estimated_sequence_from_DMS_N563K,111.71843217499992
Estimated_sequence_from_DMS_N563L,111.72934862199992
Estimated_sequence_from_DMS_N563M,111.71066158699992
Estimated_sequence_from_DMS_N563P,111.6724094779999
Estimated_sequence_from_DMS_N563Q,111.71836266099992
Estimated_sequence_from_DMS_N563R,111.68248777799991
Estimated_sequence_from_DMS_N563S,111.76762850799992
Estimated_sequence_from_DMS_N563T,111.76912069499991
Estimated_sequence_from_DMS_N563V,111.73481432899992
Estimated_sequence_from_DMS_N563W,111.73369432099992
Estimated_sequence_from_DMS_N563Y,111.70698336899991
Estimated_sequence_from_DMS_I564A,111.64267071399992
Estimated_sequence_from_DMS_I564C,111.66449829399991
Estimated_sequence_from_DMS_I564D,111.67868060999992
Estimated_sequence_from_DMS_I564E,111.64046005299991
Estimated_sequence_from_DMS_I564F,111.71648647099991
Estimated_sequence_from_DMS_I564G,111.63930776599992
Estimated_sequence_from_DMS_I564H,111.64514280499992
Estimated_sequence_from_DMS_I564K,111.66575097099991
Estimated_sequence_from_DMS_I564L,111.74271570299992
Estimated_sequence_from_DMS_I564M,111.66363440199991
Estimated_sequence_from_DMS_I564N,111.67449339499991
Estimated_sequence_from_DMS_I564P,111.65543876999992
Estimated_sequence_from_DMS_I564Q,111.65614691799992
Estimated_sequence_from_DMS_I564R,111.65353759199992
Estimated_sequence_from_DMS_I564S,111.66376146299991
Estimated_sequence_from_DMS_I564T,111.76085639099992
Estimated_sequence_from_DMS_I564V,111.75441263999991
Estimated_sequence_from_DMS_I564W,111.64850040999991
Estimated_sequence_from_DMS_I564Y,111.68133371899991
Estimated_sequence_from_DMS_C565A,111.6997864519999
Estimated_sequence_from_DMS_C565D,111.6262550929999
Estimated_sequence_from_DMS_C565E,111.60909681299991
Estimated_sequence_from_DMS_C565F,111.67848426899991
Estimated_sequence_from_DMS_C565G,111.62400981899991
Estimated_sequence_from_DMS_C565H,111.6354838179999
Estimated_sequence_from_DMS_C565I,111.6527146379999
Estimated_sequence_from_DMS_C565K,111.6286927119999
Estimated_sequence_from_DMS_C565L,111.63973418899991
Estimated_sequence_from_DMS_C565M,111.6356399189999
Estimated_sequence_from_DMS_C565N,111.6106636289999
Estimated_sequence_from_DMS_C565P,111.6119265169999
Estimated_sequence_from_DMS_C565Q,111.61835834199991
Estimated_sequence_from_DMS_C565R,111.6782719779999
Estimated_sequence_from_DMS_C565S,111.61287334399991
Estimated_sequence_from_DMS_C565T,111.6234987879999
Estimated_sequence_from_DMS_C565V,111.6580226529999
Estimated_sequence_from_DMS_C565W,111.6816632749999
Estimated_sequence_from_DMS_C565Y,111.61959149899991
Estimated_sequence_from_DMS_I566A,111.71815553099991
Estimated_sequence_from_DMS_I566C,111.6004664049999
Estimated_sequence_from_DMS_I566D,111.6125259499999
Estimated_sequence_from_DMS_I566E,111.61020334299991
Estimated_sequence_from_DMS_I566F,111.6300473639999
Estimated_sequence_from_DMS_I566G,111.5972486239999
Estimated_sequence_from_DMS_I566H,111.59693753199991
Estimated_sequence_from_DMS_I566K,111.59294708699991
Estimated_sequence_from_DMS_I566L,111.64688150799991
Estimated_sequence_from_DMS_I566M,111.63732819199991
Estimated_sequence_from_DMS_I566N,111.6029778549999
Estimated_sequence_from_DMS_I566P,111.6014685999999
Estimated_sequence_from_DMS_I566Q,111.61558364899992
Estimated_sequence_from_DMS_I566R,111.59284983099991
Estimated_sequence_from_DMS_I566S,111.6009260009999
Estimated_sequence_from_DMS_I566T,111.6508822569999
Estimated_sequence_from_DMS_I566V,111.6976552829999
Estimated_sequence_from_DMS_I566W,111.6141224789999
Estimated_sequence_from_DMS_I566Y,111.6137569369999
