site,site_fix,A,C,D,E,F,G,H,I,K,L,M,N,P,Q,R,S,T,V,W,Y
-16,1,0.030442605,0.069560666,0.088015462,0.047027617,0.041564157,0.039200709,0.031182407,0.069471131,0.080678583,0.041087761,0.070250001,0.063805103,0.005747746,0.038608968,0.052973511,0.026934759,0.047104081,0.043956161,0.049711437,0.062677133
-15,2,0.011385593,0.024787397,0.027133847,0.021698498,0.058978922,0.009172848,0.048872665,0.107496733,0.124536882,0.062981237,0.023205365,0.077331404,0.012901941,0.042910468,0.057860058,0.022036917,0.033877535,0.061851484,0.074322565,0.096657642
-14,3,0.026860086,0.054170901,0.030984573,0.054105998,0.051027172,0.004146843,0.051236424,0.043197358,0.056106413,0.056357903,0.022256929,0.099912101,0.058472189,0.063826021,0.058625519,0.048216798,0.06843249,0.028470814,0.05870052,0.064892947
-13,4,0.101014922,0.094520839,0.019739254,0.03546069,0.038814931,0.064944252,0.035718297,0.06598831,0.050161023,0.034817887,0.056724332,0.03840032,0.031447093,0.032524172,0.019314984,0.052375176,0.037791292,0.101601047,0.021999643,0.066641537
-12,5,0.049741108,0.052033565,0.023039698,0.012047483,0.080806401,0.074833064,0.00801467,0.125443183,0.03297809,0.07793942,0.049725144,0.031492682,0.012017401,0.015738068,0.014260788,0.032573387,0.054806354,0.030926266,0.156134164,0.065449064
-11,6,0.159567553,0.08510173,0.0342192,0.06313767,0.033380018,0.072780391,0.032756117,0.034934732,0.018988774,0.036212126,0.073711545,0.037043105,0.020456861,0.02592228,0.025917578,0.059745153,0.087447572,0.02851915,0.039196876,0.03096157
-10,7,0.038411116,0.030756956,0.064543644,0.062518801,0.120938907,0.057374724,0.035055468,0.066405374,0.016298257,0.053778258,0.057104139,0.064337931,0.035834911,0.015501938,0.005949468,0.057395234,0.04445564,0.034485912,0.086606955,0.052246367
-9,8,0.075826194,0.09685704,0.015552512,0.037338145,0.050443587,0.079428729,0.050297484,0.076327156,0.013876278,0.030257327,0.043543563,0.039060152,0.035962377,0.06328488,0.014915721,0.098319121,0.042129575,0.044316175,0.035072574,0.057191409
-8,9,0.051590446,0.035927277,0.09252026,0.049340882,0.041343907,0.043543678,0.016135909,0.038855653,0.06542672,0.04793785,0.058073677,0.032721997,0.05478638,0.030106432,0.059952091,0.038122485,0.047239679,0.077988264,0.065361122,0.053025291
-7,10,0.030963253,0.059505001,0.022312198,0.084812312,0.051310897,0.051927262,0.041818328,0.04833225,0.023724607,0.035524274,0.079259921,0.118174037,0.060391671,0.053963004,0.017484913,0.021604492,0.090855905,0.011191748,0.067302957,0.029540968
-6,11,0.029895667,0.05043103,0.045810096,0.050733175,0.05301033,0.051233398,0.063723651,0.114018953,0.075986597,0.053583888,0.052773103,0.035735599,0.064656519,0.061718901,0.039977265,0.024800983,0.025013694,0.037310543,0.030953661,0.038632945
-5,12,0.03787155,0.040134779,0.070708031,0.060803175,0.062851794,0.031646347,0.029066742,0.068146357,0.074163511,0.046850825,0.048493073,0.037782321,0.059848666,0.042177189,0.042110298,0.054491827,0.067592867,0.026378762,0.047470023,0.051411861
-4,13,0.029580313,0.043700313,0.105163688,0.05181883,0.058569836,0.028789939,0.048141967,0.042715846,0.043880091,0.034390675,0.05565376,0.050034612,0.027188993,0.047588895,0.074380297,0.046470717,0.050996888,0.069431761,0.038481995,0.053020585
-3,14,0.051951185,0.06622347,0.039090637,0.022322572,0.014157798,0.098110849,0.017453455,0.068356579,0.009777907,0.044171476,0.032611006,0.08968978,0.017012552,0.018724383,0.032875612,0.110966834,0.110201652,0.11065855,0.018366246,0.027277457
-2,15,0.046319045,0.053701617,0.044052299,0.047832268,0.046257853,0.063393251,0.059414271,0.066308998,0.053481409,0.042060021,0.064728841,0.035917826,0.032615955,0.03329195,0.047178536,0.049509233,0.041496201,0.048723918,0.056713061,0.067003445
-1,16,0.155384285,0.081138346,0.040258203,0.021203594,0.04251996,0.078295261,0.012848652,0.049379472,0.017313691,0.018090295,0.068303357,0.022093198,0.043288389,0.024349967,0.005892502,0.132153147,0.090671888,0.045887992,0.032611543,0.018316256
1,17,0.051640579,0.015662137,0.065567809,0.045814941,0.027341786,0.026654519,0.058672879,0.064257221,0.060204692,0.045881344,0.043240279,0.093852991,0.003142623,0.069633099,0.056751588,0.053694402,0.0625558,0.062987089,0.037214282,0.055229939
2,18,0.061286429,0.046093961,0.069149733,0.092827557,0.008938622,0.060635768,0.093151448,0.004989476,0.085976285,0.005490711,0.022880856,0.082492323,0.04129798,0.067088499,0.057211878,0.059542988,0.055089399,0.003410273,0.041646407,0.040799406
3,19,0.04695011,0.019106303,0.067280313,0.056898105,0.053490752,0.037776885,0.024039373,0.08059728,0.032596787,0.06104132,0.058889034,0.051317509,0.04900657,0.037992825,0.035392367,0.042757866,0.051279908,0.041430002,0.081187136,0.070969554
4,20,0.039519977,0.037856536,0.044010265,0.030813003,0.034993289,0.039093136,0.084694073,0.040490088,0.058888332,0.066169798,0.069766594,0.059027728,0.047468129,0.066126971,0.023482843,0.033026086,0.059512828,0.063115044,0.058738807,0.043206473
5,21,0.045455241,0.018223952,0.049086757,0.034441289,0.046872064,0.049046837,0.049604248,0.073290359,0.018289948,0.06935532,0.124721137,0.051616083,0.031335655,0.030184241,0.037755589,0.042439935,0.038465906,0.070843811,0.055603439,0.063368188
6,22,0.037584536,0.016655976,0.050638077,0.080909322,0.039212101,0.060970998,0.062237994,0.050624178,0.034686014,0.049661007,0.095181195,0.049645059,0.035342491,0.031210806,0.02459615,0.067695755,0.043300381,0.037805774,0.076065167,0.055977019
7,23,0.024631421,0.023957752,0.064818106,0.059825835,0.04884595,0.035470952,0.06068981,0.054018749,0.022811446,0.041480742,0.070852532,0.092388248,0.035453434,0.048021673,0.018915794,0.060720581,0.04647655,0.039411449,0.022187367,0.129021607
8,24,0.037574676,0.014626998,0.07973188,0.056259202,0.049351326,0.044775468,0.062549174,0.097810456,0.058441754,0.057785392,0.071412043,0.033515067,0.061070514,0.056202196,0.042570922,0.023634334,0.019063313,0.043393326,0.033728553,0.056503406
9,25,0.052970533,0.019706847,0.058588484,0.090369591,0.061072154,0.045219309,0.035873289,0.047680178,0.069565908,0.044495401,0.065367339,0.049231006,0.06931098,0.038479197,0.064473821,0.045336348,0.037707518,0.036117173,0.033722649,0.034712274
10,26,0.048179782,0.045371467,0.036791834,0.054845824,0.058420011,0.046184807,0.046705241,0.066233323,0.056190391,0.07342741,0.085679783,0.023038981,0.024195517,0.050668707,0.029083714,0.021781736,0.06050289,0.049376798,0.065778909,0.057542875
11,27,0.176235199,0.020413018,0.022107621,0.04815945,0.034093291,0.055106295,0.023670622,0.029303724,0.03249522,0.024751419,0.0492824,0.03315124,0.090112708,0.03030996,0.021302868,0.072354225,0.076403616,0.076466589,0.047596264,0.03668427
12,28,0.050618825,0.038745959,0.038024336,0.036274558,0.104518103,0.030768223,0.053373284,0.061223455,0.049012258,0.064292701,0.081022456,0.022887307,0.016173287,0.04310909,0.022684233,0.016504945,0.090334107,0.067893129,0.049463393,0.063076351
13,29,0.021799798,0.0448215,0.032418601,0.037317318,0.063340753,0.010978034,0.021158233,0.101517412,0.032856834,0.271124179,0.071509056,0.025690044,0.016053923,0.029588938,0.012716424,0.034476399,0.053395562,0.048607406,0.035093535,0.035536048
14,30,0.030781858,0.338897145,0.063474964,0.041982244,0.03965621,0.023454334,0.045594915,0.03807845,0.03136471,0.025652075,0.040354798,0.02997158,0.019285308,0.033001885,0.029521129,0.031493357,0.03084739,0.02067786,0.024698565,0.061211223
15,31,0.04007939,0.054939573,0.021244946,0.030123435,0.035274373,0.011832401,0.024535167,0.075922107,0.021103946,0.238849331,0.054863786,0.024446675,0.035574823,0.023555502,0.040553573,0.02232434,0.053199382,0.134760754,0.037106567,0.019709929
16,32,0.014927388,0.023670409,0.022655739,0.035092113,0.151212717,0.295812947,0.032988423,0.023959965,0.019074643,0.016833451,0.035953357,0.043779687,0.025081559,0.039624948,0.058136538,0.02869318,0.021454647,0.033943182,0.048063136,0.029041971
17,33,0.011732621,0.020069094,0.020521473,0.040916258,0.097306851,0.013756276,0.246604709,0.016319094,0.072611861,0.021660981,0.058890396,0.045955305,0.019279812,0.041256096,0.128590209,0.011483033,0.021186941,0.032459399,0.042253952,0.03714564
18,34,0.01870671,0.026070111,0.014025212,0.055764284,0.042034545,0.018278347,0.157180587,0.076953842,0.037264042,0.051736956,0.057756252,0.05496139,0.026723214,0.058937807,0.028673839,0.021907021,0.052212528,0.056927847,0.061515719,0.082369747
19,35,0.192517405,0.038942939,0.014035754,0.033653179,0.043883601,0.015737929,0.021057388,0.032211906,0.030716932,0.014638145,0.040640512,0.110123749,0.02183416,0.028311918,0.020835045,0.112054288,0.095933365,0.019039582,0.035562459,0.078269745
20,36,0.054038311,0.02139147,0.01788412,0.031261406,0.094205695,0.019583502,0.03021083,0.061685137,0.050336946,0.083365869,0.040915452,0.043701754,0.033406753,0.024404027,0.023816663,0.020860323,0.053429649,0.225128208,0.034698373,0.035675511
21,37,0.060243266,0.032405885,0.025448177,0.013988492,0.051703423,0.033347297,0.081335519,0.036613091,0.058355559,0.058810713,0.068712037,0.035996318,0.073127136,0.063287797,0.05066458,0.069291516,0.075088097,0.041737375,0.046739691,0.023104031
22,38,0.060418063,0.017566709,0.048070467,0.078888352,0.017666663,0.027173371,0.11686454,0.004784168,0.063735563,0.066680072,0.020249364,0.107156277,0.004178468,0.084662371,0.069633506,0.038774865,0.059761255,0.013476224,0.038238183,0.062021521
23,39,0.046308994,0.02516063,0.029692257,0.038413325,0.01676899,0.302976405,0.04831299,0.021172632,0.034302347,0.026886913,0.044861893,0.085776732,0.056022415,0.036378052,0.020634768,0.022234986,0.02160274,0.059181667,0.033869283,0.02944198
24,40,0.044484137,0.027626439,0.011728599,0.050521953,0.109022649,0.015220872,0.077473335,0.074928587,0.061186838,0.022629523,0.035022493,0.009870696,0.035173502,0.069833276,0.01523107,0.032657823,0.091991223,0.087135326,0.033594811,0.094666848
25,41,0.035269302,0.031995919,0.011885956,0.024547651,0.079322316,0.016112721,0.034272125,0.086330482,0.041685265,0.083064898,0.078670836,0.034661509,0.020237867,0.03531356,0.053499363,0.035049971,0.011575198,0.081772892,0.111858589,0.092873582
26,42,0.051143104,0.022453974,0.022026459,0.037961026,0.030372813,0.03286191,0.013348171,0.174469353,0.022890094,0.078041412,0.047635954,0.024432576,0.02468763,0.017041765,0.027084126,0.015579001,0.019589156,0.290438739,0.023563085,0.024379652
27,43,0.084787534,0.013858649,0.01863505,0.020295715,0.019475466,0.037567422,0.058657935,0.019304649,0.127318595,0.017052142,0.066234117,0.057167745,0.009566725,0.122539803,0.120976521,0.065250425,0.068583061,0.027133782,0.024844253,0.02075041
28,44,0.085851688,0.023054449,0.030153562,0.027342851,0.018632205,0.073533572,0.013664619,0.030317884,0.037600427,0.047457634,0.05471547,0.021669237,0.033341056,0.034707792,0.022777177,0.125710857,0.230800255,0.045779901,0.021354954,0.021534409
29,45,0.036292947,0.02591302,0.026351112,0.020219805,0.049261636,0.017415478,0.030579257,0.172464776,0.024762195,0.052302302,0.062206326,0.036209344,0.071101476,0.020560958,0.012922974,0.04088712,0.035638453,0.137804345,0.086220535,0.040885942
30,46,0.059541462,0.016545704,0.031792343,0.065988805,0.027728403,0.037053453,0.037427859,0.036886806,0.047694341,0.062885334,0.061748219,0.078270575,0.007379582,0.05521351,0.07493262,0.069697953,0.081304443,0.073548243,0.030896444,0.043463902
31,47,0.070188274,0.042010663,0.057788416,0.064634081,0.056282023,0.046541327,0.047069039,0.034679031,0.045993949,0.038512276,0.042516635,0.071468515,0.013493511,0.063249545,0.043648172,0.035134187,0.045270187,0.058469846,0.052504459,0.070545864
32,48,0.069204764,0.014495961,0.081563388,0.094736369,0.018249308,0.046327378,0.032224707,0.03311886,0.018716743,0.042382492,0.038117479,0.112879648,0.083253519,0.057941716,0.029989649,0.061610633,0.056982826,0.020515867,0.034061189,0.053627505
33,49,0.083452663,0.008745122,0.036574257,0.067541714,0.055725667,0.070919275,0.058470191,0.037683056,0.051936644,0.06219836,0.035803131,0.039012292,0.011093062,0.085855873,0.08550783,0.017163079,0.022223547,0.054872061,0.029723024,0.085499152
34,50,0.02320355,0.024784625,0.011705185,0.076933197,0.032705545,0.013345102,0.035919967,0.121786179,0.011732868,0.121458465,0.086511658,0.105112519,0.008465771,0.105542145,0.013162609,0.015208102,0.06700679,0.094433507,0.012814917,0.018167298
35,51,0.091670723,0.029985227,0.048207307,0.189370236,0.027430155,0.038026072,0.023570743,0.033521071,0.028280197,0.042663775,0.026491996,0.046480267,0.029096589,0.083930651,0.022492553,0.079113553,0.055256504,0.026660091,0.029367374,0.048384917
36,52,0.088062856,0.11338669,0.023742634,0.058170793,0.034964706,0.016276829,0.023802876,0.05254391,0.031383299,0.025654232,0.030328641,0.055944832,0.015512471,0.019402158,0.016358931,0.017038832,0.035991996,0.293813937,0.024404704,0.023214672
37,53,0.067586138,0.069603802,0.031629928,0.03977218,0.014490848,0.016262398,0.00843855,0.091736569,0.012046634,0.028984517,0.091183899,0.078264807,0.010254845,0.015204795,0.007996268,0.013440219,0.162516282,0.142334408,0.02198255,0.076270363
38,54,0.099158301,0.040169133,0.04502946,0.103736239,0.065334735,0.035964698,0.025378118,0.015883366,0.03592112,0.019263982,0.039642977,0.081125424,0.003978655,0.062177926,0.050422986,0.125679764,0.057458768,0.012561028,0.020927376,0.060185944
39,55,0.154040881,0.025141307,0.063889955,0.02172607,0.045369051,0.034911025,0.03051171,0.008558046,0.013074315,0.080887236,0.019066036,0.157012368,0.050736925,0.043555682,0.008587625,0.094265852,0.07537218,0.029690152,0.021138313,0.022465271
40,56,0.043245695,0.024528829,0.016508718,0.092597589,0.059020289,0.008822891,0.01872276,0.060109745,0.04053308,0.089499668,0.076822643,0.032458484,0.009634176,0.067318478,0.03208734,0.024263861,0.10009208,0.12642368,0.020072619,0.057237374
41,57,0.029277635,0.036982435,0.033815942,0.300514013,0.033660213,0.029815145,0.02235431,0.014012907,0.090154832,0.025352655,0.055274573,0.023981922,0.014556556,0.028513638,0.05930031,0.030218522,0.021125987,0.019750321,0.113041904,0.018296181
42,58,0.058307695,0.018467863,0.044056838,0.03788827,0.050259137,0.026524042,0.024584961,0.031099847,0.028218239,0.249746027,0.053022908,0.018008956,0.046847415,0.058234069,0.028688422,0.021849637,0.053778965,0.091335405,0.024909634,0.034171672
43,59,0.031568265,0.020105887,0.046863825,0.035417332,0.033260173,0.040614369,0.027827215,0.064992131,0.059647725,0.03782569,0.026865268,0.029393834,0.014406563,0.029595586,0.02968031,0.032277407,0.032094068,0.355144877,0.022701406,0.029718069
44,60,0.054023266,0.020544159,0.039137283,0.086911329,0.066180516,0.058482146,0.069937144,0.084775152,0.054872325,0.029245324,0.059419716,0.01045504,0.01064248,0.081543617,0.015926378,0.025739833,0.056051763,0.098052168,0.037149243,0.040911118
45,61,0.054818176,0.03082571,0.091557332,0.012284508,0.02301755,0.043517137,0.072317401,0.10200075,0.037279336,0.035612679,0.023788423,0.052553519,0.030636924,0.036281134,0.068115602,0.093072097,0.090702136,0.052511978,0.017613118,0.031494488
46,62,0.061615627,0.018949044,0.049061743,0.055716281,0.045704415,0.062419142,0.050146809,0.047338642,0.05034657,0.039419759,0.052810231,0.05595213,0.016694282,0.057638154,0.046356457,0.059665406,0.069631512,0.05378015,0.034283006,0.072470639
47,63,0.086978324,0.027792705,0.033611428,0.02147269,0.047160757,0.074207531,0.032666624,0.064597005,0.024042957,0.053191854,0.060087949,0.037141565,0.017908037,0.026466311,0.016054789,0.101076008,0.086123538,0.058800015,0.039496654,0.091123258
48,64,0.025156326,0.01696078,0.055832985,0.039330672,0.062676256,0.052558652,0.053930568,0.061755092,0.072722243,0.071716641,0.020422828,0.072825116,0.048630511,0.051607763,0.043919647,0.065667932,0.059278345,0.042763847,0.032715826,0.049527969
49,65,0.06163456,0.041373036,0.03921802,0.04949513,0.0540601,0.127551653,0.044388129,0.024349755,0.045619008,0.03847952,0.037710726,0.051118043,0.062752959,0.05000287,0.083990585,0.047946479,0.045174414,0.017106517,0.024582562,0.053445935
50,66,0.067765724,0.028640026,0.019050939,0.053581548,0.042587567,0.006239807,0.060511116,0.081781321,0.089923308,0.059792004,0.061398098,0.025961192,0.030313883,0.069938063,0.051289956,0.042650855,0.068826245,0.073547974,0.030325746,0.035874629
51,67,0.017045684,0.027734986,0.033242341,0.102795259,0.037147237,0.04897395,0.031058049,0.256349557,0.036224358,0.107239556,0.035580917,0.032811625,0.014515855,0.021586643,0.014285581,0.021109338,0.031734491,0.044782666,0.054286554,0.031495352
52,68,0.019723305,0.383774958,0.043676265,0.038945069,0.029990145,0.026627728,0.035060314,0.020824461,0.025860591,0.039528534,0.022608904,0.023950685,0.024338751,0.025520523,0.055917482,0.034538103,0.025606331,0.027441154,0.052440836,0.043625863
53,69,0.073675908,0.018134171,0.150061806,0.092679009,0.02260587,0.094202802,0.063909502,0.016002581,0.032134667,0.023250984,0.023322305,0.057942086,0.014115294,0.051044803,0.02799196,0.082867797,0.036832259,0.028746267,0.033407837,0.057072092
54,70,0.063838064,0.007872221,0.021209008,0.113520589,0.020484891,0.085960035,0.055472116,0.006185243,0.051208042,0.021714037,0.062119911,0.042678203,0.008973135,0.130518657,0.066771453,0.085508998,0.052571153,0.034802548,0.01737643,0.051215264
55,71,0.049430503,0.029376369,0.031053624,0.04176995,0.060521242,0.039257965,0.0364667,0.035603325,0.06076795,0.033133229,0.020300075,0.019312765,0.254253488,0.045804459,0.029351758,0.029632406,0.048578651,0.05777473,0.040484723,0.037126087
56,72,0.035231965,0.013907207,0.014159089,0.016290783,0.123347541,0.030610163,0.141204816,0.061967589,0.017733953,0.063550744,0.051190332,0.052969054,0.00884749,0.042306775,0.01823187,0.009537432,0.018208891,0.026826153,0.107974083,0.145904068
57,73,0.061022196,0.007868707,0.036119479,0.052949923,0.02261098,0.025127791,0.048757461,0.073280871,0.086466758,0.087192095,0.031956607,0.112078146,0.007416312,0.064117124,0.056648846,0.055791767,0.059618951,0.080279636,0.014006497,0.016689854
58,74,0.022699867,0.023044591,0.02078214,0.020971189,0.051750596,0.036208681,0.023318464,0.250942731,0.03576164,0.055908538,0.031069646,0.023810339,0.013938958,0.031542367,0.021860357,0.022690286,0.019639088,0.197013241,0.075255694,0.021791587
59,75,0.025055012,0.038180457,0.032102436,0.021998788,0.024330449,0.015880036,0.015561019,0.121646089,0.018510397,0.229348845,0.059512311,0.016694858,0.02713649,0.024701107,0.015363174,0.023226837,0.022252572,0.210337904,0.029810992,0.028350227
60,76,0.040109434,0.040105426,0.344068618,0.043221185,0.016566009,0.022110378,0.035239385,0.035084087,0.026535445,0.02207222,0.029961082,0.039219723,0.035863966,0.033705689,0.027318775,0.035225124,0.02207198,0.048285012,0.038971616,0.064264847
61,77,0.021537148,0.020390581,0.030931056,0.048196145,0.024946753,0.266631637,0.02380001,0.043542863,0.029030097,0.021750854,0.032697625,0.020454335,0.014433787,0.029474775,0.02774887,0.025398531,0.039498772,0.217440374,0.04536139,0.016734396
62,78,0.066939329,0.018097548,0.069250303,0.039523735,0.022260915,0.145415788,0.0333396,0.029492627,0.083082941,0.05330904,0.111320213,0.066486742,0.007583875,0.057338526,0.048120478,0.01821516,0.025694824,0.041064861,0.039249627,0.02421387
63,79,0.058216871,0.015098515,0.045527739,0.063572161,0.021679755,0.068210024,0.061981235,0.015700583,0.051844384,0.033401888,0.050691154,0.1986938,0.018439255,0.064864525,0.027867347,0.037668733,0.06352015,0.018175992,0.039266241,0.045579649
64,80,0.014372538,0.287599916,0.217872578,0.060695482,0.059484005,0.027574409,0.011936419,0.017150927,0.022777984,0.017196343,0.030000702,0.024617645,0.024646998,0.019794599,0.013792161,0.017788404,0.058580751,0.016835374,0.026817895,0.030464868
65,81,0.040531568,0.032186144,0.024694654,0.022743826,0.035332492,0.037078334,0.03738859,0.040411148,0.05368171,0.056270644,0.080131915,0.030652922,0.018498423,0.034262835,0.03015244,0.097406963,0.247095947,0.031882045,0.031003959,0.018593441
66,82,0.016072551,0.022096807,0.027179716,0.028717741,0.05987232,0.01576124,0.020994485,0.075716253,0.025526331,0.362239506,0.047025199,0.019974013,0.050582631,0.036484477,0.036121369,0.030710861,0.021594498,0.041139484,0.033268033,0.028922484
67,83,0.011733319,0.034017466,0.018284038,0.028147367,0.026627325,0.017494931,0.02409511,0.258583315,0.107783381,0.070683935,0.158180529,0.020404536,0.017257065,0.01638322,0.023736644,0.021154193,0.025854955,0.080857457,0.014974521,0.023746692
68,84,0.023588271,0.053774079,0.354861726,0.031008743,0.025721658,0.031656632,0.023256065,0.025784614,0.026527418,0.017495973,0.041776583,0.03075664,0.022454337,0.02168846,0.03796468,0.045218913,0.017935387,0.08194864,0.034225175,0.052356002
69,85,0.274944513,0.070725544,0.038917052,0.024757358,0.026130723,0.026741154,0.026226892,0.090477079,0.033919151,0.017926724,0.02736595,0.01740865,0.017190932,0.027823279,0.041275882,0.075832983,0.072622148,0.029144132,0.028775557,0.031794299
70,86,0.028152752,0.016734484,0.013280085,0.017640958,0.024051838,0.027266364,0.020305607,0.17484384,0.022427325,0.303669467,0.075778552,0.01729867,0.036054497,0.051894948,0.022594016,0.016052021,0.024570987,0.061150172,0.022744391,0.023489026
71,87,0.024310821,0.020943517,0.026591704,0.030145516,0.042872305,0.032359979,0.086048529,0.071432002,0.064042307,0.28119583,0.030391315,0.037919707,0.018911067,0.034190664,0.014025606,0.025821832,0.033375317,0.052055375,0.045705844,0.027660762
72,88,0.018172419,0.02596749,0.037301633,0.044152933,0.03216122,0.355040519,0.042254146,0.029748052,0.038135927,0.02804264,0.056166364,0.030486244,0.014141941,0.032466632,0.050680378,0.013692313,0.023384567,0.080604599,0.032139129,0.015260852
73,89,0.136324133,0.019558661,0.3101211,0.028335105,0.018470225,0.039941885,0.014959203,0.018361781,0.04965128,0.016643033,0.029293381,0.02855163,0.019661634,0.027221991,0.021835051,0.061352678,0.040574385,0.062342319,0.031269358,0.025531167
74,90,0.028323098,0.021933968,0.051758589,0.032377347,0.052779713,0.021512742,0.053441882,0.052769368,0.035913204,0.020497439,0.0179917,0.026280165,0.332457317,0.02474377,0.013718816,0.027043412,0.027065582,0.033178258,0.038096136,0.088117493
75,91,0.061312421,0.010020335,0.039704817,0.044873553,0.021109084,0.118851647,0.139430587,0.038192605,0.02690872,0.057470267,0.071910793,0.093117312,0.013473371,0.099357254,0.011945327,0.058599712,0.02738668,0.028225963,0.017630027,0.020479524
76,92,0.034701988,0.34008073,0.019488862,0.030246085,0.084311089,0.048033709,0.017532084,0.026570963,0.031619978,0.044018861,0.041781916,0.041946138,0.018174943,0.033421755,0.02563167,0.050162508,0.017256769,0.032694979,0.040778659,0.021546312
77,93,0.024097761,0.013470275,0.314581888,0.118389856,0.028893793,0.060103263,0.026872495,0.017023663,0.017187874,0.031663342,0.04372911,0.033533604,0.031375261,0.031278198,0.019739371,0.031268932,0.028833176,0.030181756,0.04848668,0.049289703
78,94,0.024907715,0.033110616,0.124906179,0.228417275,0.012353956,0.049408318,0.036374573,0.014279565,0.026447557,0.020579469,0.023103079,0.042823455,0.017091463,0.035204606,0.017483192,0.040329563,0.027628854,0.155362612,0.024330693,0.045857261
79,95,0.019484356,0.021115414,0.028521725,0.011323156,0.183579983,0.007864808,0.037269417,0.100282979,0.049277907,0.26264037,0.067547248,0.018309454,0.012295951,0.023525814,0.016396847,0.01840018,0.033763627,0.053707975,0.012443158,0.02224963
80,96,0.099363354,0.01675677,0.046541906,0.087650755,0.012247622,0.034777891,0.053838067,0.046259822,0.056144237,0.030252051,0.093778318,0.052960373,0.012160656,0.150900338,0.032976594,0.056054226,0.043840823,0.031807474,0.013369365,0.02831936
81,97,0.025674344,0.025448757,0.161349492,0.056803203,0.028378317,0.140964131,0.044303252,0.015234931,0.026389737,0.031511704,0.028290125,0.209363175,0.013195449,0.057705823,0.021714311,0.039392729,0.019755683,0.017803113,0.014649529,0.022072194
82,98,0.185487398,0.015068308,0.014842264,0.052188036,0.015255036,0.027720785,0.017829722,0.028559308,0.112124121,0.045514245,0.037877394,0.028111355,0.008119717,0.07738098,0.034004119,0.13762878,0.046150982,0.079350994,0.019101875,0.017684582
83,99,0.043268024,0.033531751,0.037536739,0.135908555,0.014700685,0.019725911,0.056210028,0.018209434,0.098307083,0.007242834,0.020362855,0.051087195,0.012216157,0.095069823,0.097918297,0.088106281,0.099428044,0.026137661,0.024748133,0.020284509
84,100,0.01796195,0.049197286,0.020650347,0.034985266,0.164021236,0.021357554,0.015030514,0.029635671,0.035866106,0.017301877,0.039320271,0.023548451,0.015358235,0.033802564,0.025116752,0.028501241,0.038318911,0.02805516,0.335939965,0.026030642
85,101,0.020042487,0.037818745,0.30711921,0.073004013,0.023495967,0.054057096,0.022991005,0.10785771,0.032419032,0.02907823,0.025927283,0.035818029,0.01950019,0.028289161,0.024703954,0.032673483,0.032809522,0.014473393,0.02972576,0.04819573
86,102,0.025554561,0.024448343,0.036771989,0.028216772,0.026302379,0.009074541,0.0328473,0.102192065,0.023181003,0.290874748,0.036191152,0.023252081,0.043208853,0.024433994,0.045428448,0.017439311,0.019068854,0.109339268,0.042514122,0.039660217
87,103,0.027960175,0.04215246,0.025593678,0.014996146,0.322521841,0.019856,0.020430287,0.046495279,0.026579816,0.026245312,0.038275214,0.020336158,0.030408116,0.01763211,0.026793019,0.032195424,0.015845567,0.01835902,0.04439883,0.182925547
88,104,0.065664443,0.044368111,0.035784504,0.028714739,0.039598827,0.018661969,0.018144914,0.082139983,0.019827629,0.124391666,0.039237107,0.026277735,0.018795003,0.017608385,0.029526616,0.013578034,0.025869119,0.293450838,0.03446805,0.023892328
89,105,0.011892039,0.043029945,0.025907362,0.388990755,0.027766952,0.044844391,0.026864334,0.056350967,0.046041116,0.021505673,0.047360163,0.041491737,0.014786268,0.028890184,0.022431581,0.028860837,0.032474296,0.02443889,0.031850576,0.034221932
90,106,0.031719655,0.023408322,0.028879879,0.040482889,0.020960141,0.050045022,0.023513223,0.023112961,0.036310241,0.049274545,0.050436812,0.027402536,0.029039063,0.020082836,0.412052828,0.017288891,0.022171889,0.015741418,0.030016682,0.048060169
91,107,0.029959642,0.01614567,0.043415737,0.075544127,0.023684008,0.053613865,0.033701578,0.016032386,0.036853843,0.01244248,0.033335946,0.023625361,0.118470703,0.049064308,0.035446267,0.15712266,0.14844499,0.016589329,0.025594039,0.050913061
92,108,0.038888014,0.00844604,0.017289254,0.02781195,0.057076714,0.068896991,0.088465886,0.024121803,0.031174951,0.013389881,0.027942359,0.06042233,0.00667119,0.042447652,0.031424923,0.061104682,0.112859805,0.016503651,0.080267335,0.184794592
93,109,0.184600276,0.025370996,0.044390485,0.029889852,0.02357422,0.038367364,0.047240535,0.018747181,0.018020926,0.025874961,0.027010244,0.01822711,0.023984439,0.013617256,0.045364578,0.10196654,0.191787249,0.078998554,0.025839555,0.01712768
94,110,0.042043175,0.015239977,0.019799716,0.094566253,0.033657606,0.03106395,0.070668787,0.02741176,0.110294061,0.018843053,0.032397122,0.049125415,0.007871436,0.076509426,0.066096399,0.077185395,0.085863679,0.071335634,0.025944132,0.044083023
95,111,0.032948868,0.027442999,0.016081957,0.036059317,0.019148491,0.089421311,0.096708796,0.027045538,0.034113664,0.021719335,0.035565032,0.030287035,0.09199831,0.07545911,0.023705353,0.240664939,0.024788857,0.032142674,0.02034139,0.024357025
96,112,0.097774139,0.017939574,0.030553388,0.019865464,0.016492923,0.057083581,0.023594191,0.024685401,0.011444948,0.020048855,0.033376977,0.067853719,0.006244962,0.035061686,0.024946209,0.224031066,0.224360503,0.019614189,0.013924142,0.031104084
97,113,0.03455283,0.390008464,0.013886365,0.023259504,0.074775562,0.031446848,0.054689571,0.018042461,0.025703924,0.032158494,0.036858182,0.03148589,0.021112262,0.026736135,0.035925347,0.02977498,0.030922768,0.021988577,0.02949574,0.037176097
98,114,0.032838844,0.056860417,0.029777165,0.042023169,0.08489971,0.025255476,0.048167127,0.033142328,0.022907834,0.045527308,0.041870691,0.050095744,0.011354745,0.041261252,0.020480767,0.025490803,0.017649601,0.054701712,0.021374319,0.294320988
99,115,0.067991225,0.024594552,0.048954008,0.047835819,0.034092942,0.023629752,0.038548897,0.030208214,0.027553448,0.037029101,0.033341801,0.027556634,0.350447943,0.025127837,0.03049279,0.035992314,0.027256483,0.029345022,0.028897238,0.03110398
100,116,0.016798127,0.037150908,0.028023555,0.031856046,0.032212279,0.042346939,0.058203714,0.043850408,0.024189541,0.031543294,0.039573899,0.048282783,0.033707766,0.014416841,0.038677456,0.011118641,0.033434909,0.034638296,0.039741802,0.360232796
101,117,0.010789162,0.012429766,0.164950156,0.195382581,0.044351014,0.023047089,0.048704536,0.038258197,0.016410476,0.019503617,0.037517373,0.025249723,0.014731545,0.028787177,0.012713657,0.036444577,0.044150663,0.156986141,0.022459703,0.047132847
102,118,0.028238229,0.029521046,0.021884954,0.041140125,0.034498902,0.049822075,0.034549545,0.113018528,0.019913892,0.058608362,0.057515424,0.015635396,0.02225718,0.023930988,0.033838622,0.024708343,0.026555327,0.320366774,0.032547526,0.011448762
103,119,0.044280106,0.009660963,0.130777973,0.113674857,0.041163595,0.008174126,0.075050626,0.03101106,0.025248925,0.018859786,0.05453911,0.061380736,0.048742034,0.082812002,0.01794713,0.052993706,0.052584782,0.033134295,0.05272957,0.045234619
104,120,0.029238473,0.014379974,0.195824375,0.037364062,0.028932008,0.065492254,0.205376575,0.014812376,0.045231737,0.028495896,0.056776845,0.021585483,0.01944413,0.075363298,0.021355594,0.030162514,0.019398482,0.014683572,0.024825751,0.051256601
105,121,0.036599001,0.080397122,0.033811368,0.044713328,0.043684664,0.048545935,0.052100512,0.048425548,0.042983677,0.082006919,0.058936793,0.022982905,0.012808846,0.050313557,0.035419787,0.031613892,0.015615424,0.014205011,0.031813704,0.213022008
106,122,0.087172842,0.011994135,0.056204165,0.162631831,0.020855894,0.02664977,0.066647096,0.02915207,0.030789338,0.036196499,0.061578982,0.04823565,0.028572484,0.084123812,0.021019137,0.062346847,0.047273519,0.036639468,0.052748437,0.029168022
107,123,0.059843876,0.034437961,0.073363169,0.028487773,0.048468207,0.077294161,0.017587403,0.019702842,0.016770226,0.007912679,0.044316565,0.099359435,0.034336707,0.035928735,0.021835683,0.141504504,0.085045537,0.039177662,0.061524528,0.053102346
108,124,0.032594304,0.020390366,0.018757881,0.038249274,0.043576465,0.031834113,0.048582473,0.050221353,0.024923055,0.385651068,0.025041629,0.057699127,0.034884962,0.015856384,0.018639118,0.027203333,0.015745499,0.055680937,0.028185774,0.026282885
109,125,0.021691988,0.021855678,0.025215412,0.069688672,0.024429823,0.023227325,0.02181659,0.039817683,0.095307685,0.034865807,0.047406184,0.02746249,0.018418515,0.040350451,0.322555327,0.031480073,0.029739926,0.04777211,0.024115001,0.032783259
110,126,0.115665729,0.016987182,0.035760766,0.02546947,0.040662288,0.049075942,0.026043165,0.012060342,0.064885747,0.040281472,0.044822712,0.053037119,0.020539753,0.047513022,0.060035951,0.23067296,0.030625168,0.012487658,0.044428814,0.02894474
111,127,0.03165086,0.027238448,0.032050616,0.029375949,0.04162387,0.026248092,0.027924856,0.099543837,0.028212388,0.291248933,0.029374641,0.040910365,0.034111071,0.021507777,0.015008965,0.023370009,0.038593367,0.069518205,0.065478418,0.027009335
112,128,0.040714606,0.032217738,0.046286805,0.02089364,0.025883583,0.023880458,0.03680918,0.063867444,0.034967186,0.073923362,0.040982624,0.025607751,0.020514414,0.037734256,0.026648744,0.018254651,0.029254699,0.336833029,0.031841067,0.032884763
113,129,0.311944065,0.034817132,0.029417126,0.025752935,0.03912248,0.093603799,0.027883699,0.040814257,0.026214342,0.02874655,0.028591762,0.045831853,0.025080437,0.033638929,0.02298317,0.069718071,0.0219708,0.032836571,0.026281897,0.034750127
114,130,0.042888049,0.043717425,0.041884306,0.08808856,0.050967667,0.043074706,0.043749359,0.022974102,0.078811988,0.036542235,0.051312086,0.036362709,0.013377849,0.114026331,0.037432451,0.085408796,0.06195669,0.044885257,0.034064891,0.028474545
115,131,0.058986741,0.017586719,0.023586082,0.022306024,0.05405392,0.049053285,0.029024888,0.070749842,0.023772171,0.087010838,0.066437737,0.029128907,0.033552912,0.046255577,0.01977684,0.171120763,0.052044985,0.056864777,0.031316305,0.057370686
116,132,0.046916347,0.051366824,0.022201573,0.028385664,0.050407757,0.360060565,0.012713602,0.025580423,0.030196661,0.025636191,0.03448564,0.026652258,0.008673664,0.03366544,0.052328099,0.027262878,0.027160855,0.053609986,0.037351943,0.045343628
117,133,0.060413567,0.040730329,0.034129088,0.054277581,0.026150222,0.037166119,0.043931816,0.036484763,0.052154289,0.028900936,0.037501879,0.028506706,0.019021812,0.025649047,0.039120061,0.145145595,0.175140104,0.038997686,0.029396344,0.047182056
118,134,0.02879142,0.031924314,0.037202024,0.027399168,0.069538377,0.090565912,0.026777668,0.067397324,0.027732451,0.275201318,0.051891894,0.047748312,0.025373139,0.033120437,0.024800487,0.019109455,0.017957534,0.038385518,0.036335248,0.022747998
119,135,0.042528694,0.033108235,0.044928877,0.341818494,0.048861345,0.037446314,0.016247249,0.036117302,0.043335021,0.037799329,0.020079881,0.029739402,0.026755537,0.048512525,0.025524892,0.019836334,0.033162947,0.048956557,0.035514796,0.029726265
120,136,0.017409706,0.030621826,0.034573287,0.038247045,0.342219908,0.018337858,0.050409981,0.025887976,0.020457133,0.029431982,0.044399615,0.018944428,0.029693131,0.039289316,0.021919565,0.086411684,0.040870836,0.020257104,0.03935472,0.0512629
121,137,0.035670711,0.00320639,0.029132758,0.107156767,0.097142223,0.011552622,0.064526007,0.061137091,0.045260071,0.016181677,0.045159651,0.035264927,0.003746794,0.074566471,0.011343964,0.036621947,0.11134984,0.075460589,0.038800366,0.096719134
122,138,0.06591274,0.006802626,0.046881969,0.143208861,0.03852083,0.022606945,0.106306057,0.030124982,0.020636234,0.025895768,0.030257171,0.06549321,0.043146956,0.072458374,0.011776804,0.082009959,0.075326878,0.042305296,0.01400046,0.05632788
123,139,0.02654593,0.018608443,0.030851046,0.408890023,0.02526138,0.030350926,0.035869259,0.025692391,0.042455961,0.036041742,0.051989926,0.01966213,0.045610249,0.023914746,0.030034111,0.016053405,0.023727874,0.035342882,0.050174034,0.022923544
124,140,0.068106612,0.014123888,0.060460771,0.090471746,0.078769804,0.029920763,0.069622342,0.04125314,0.028578531,0.032006524,0.034063751,0.129678217,0.048412303,0.030900098,0.025546866,0.060183687,0.011716773,0.05050588,0.03973507,0.055943236
125,141,0.014470535,0.054381009,0.020830355,0.033968594,0.393757468,0.017657424,0.036407015,0.047340306,0.025092766,0.052213521,0.035718617,0.017968394,0.01454118,0.029078309,0.028460145,0.035565888,0.030832101,0.033759382,0.050140886,0.027816106
126,142,0.025559443,0.013766239,0.090872667,0.071616323,0.02253856,0.042563034,0.026256909,0.057806852,0.022163366,0.029026912,0.049846738,0.247770853,0.014190405,0.065521622,0.024967574,0.046580926,0.032545926,0.027895512,0.054105603,0.034404535
127,143,0.02173032,0.075708608,0.018366248,0.016983407,0.067817267,0.019972541,0.037086716,0.056290372,0.037092215,0.035393733,0.055436965,0.023514085,0.020287292,0.030891692,0.021895414,0.014907862,0.045657937,0.036470608,0.310019117,0.054477603
128,144,0.05005731,0.018596607,0.043647072,0.08184619,0.03968905,0.026546761,0.065724746,0.038814933,0.032410683,0.038999833,0.056923751,0.046105564,0.050907363,0.046951818,0.032854237,0.038935031,0.175721273,0.042094461,0.033314396,0.03985892
129,145,0.026295465,0.021465685,0.05819161,0.069118295,0.094085347,0.224053811,0.023276662,0.013114482,0.023043365,0.01271285,0.025874459,0.08488396,0.022628148,0.04143502,0.040387203,0.036700048,0.056529936,0.075192283,0.024056822,0.026954549
130,146,0.04218313,0.028122048,0.032453105,0.021211254,0.028999484,0.032188031,0.0656544,0.051098786,0.026961834,0.033831311,0.039454263,0.044629496,0.013859157,0.044910117,0.036201111,0.050551924,0.031106018,0.278471105,0.035756693,0.062356734
131,147,0.046917422,0.018787776,0.02982358,0.035132436,0.017548345,0.034894792,0.041887478,0.062744551,0.026609962,0.060478525,0.04880555,0.058359698,0.022891432,0.173987062,0.021492722,0.071968452,0.128426827,0.052447457,0.028111138,0.018684794
132,148,0.017556021,0.075817833,0.02389931,0.311739525,0.018682318,0.017695026,0.025988997,0.038059455,0.054763536,0.012816804,0.022852538,0.022153437,0.039569184,0.152854912,0.011680839,0.022707846,0.023978376,0.063449526,0.024102712,0.019631805
133,149,0.021363778,0.018675228,0.230309952,0.054613657,0.03131127,0.040502007,0.032760816,0.01338563,0.024448692,0.020496342,0.041188538,0.263863757,0.014630955,0.030336517,0.013663684,0.039847309,0.025189691,0.015678976,0.036929486,0.030803713
134,150,0.038051083,0.018159673,0.022504922,0.045327629,0.028365258,0.24962801,0.150114378,0.030883552,0.02419029,0.046167145,0.039069226,0.021977837,0.013572547,0.046641385,0.028233277,0.023400967,0.084596486,0.038833047,0.026586049,0.023697239
135,151,0.093811363,0.017032878,0.009001199,0.109582375,0.023223449,0.018642724,0.035769372,0.023209582,0.02604913,0.014335459,0.032284546,0.071747607,0.006705755,0.050696677,0.010064815,0.04545884,0.073193932,0.311999574,0.010131379,0.017059344
136,152,0.03386142,0.041894468,0.039310519,0.032334918,0.02971077,0.047542523,0.025855071,0.03749607,0.034367234,0.01769744,0.024714145,0.071526805,0.015287905,0.062031172,0.021071946,0.209538615,0.183016181,0.017715495,0.033067273,0.02196003
137,153,0.09535053,0.016636223,0.032995509,0.048638784,0.071736627,0.076247943,0.057123927,0.026700545,0.03353672,0.024626464,0.039330145,0.043352516,0.027675577,0.028891043,0.027792494,0.17105447,0.055083377,0.046539881,0.029895862,0.046791365
138,154,0.083254359,0.019784654,0.032786135,0.012517435,0.038433691,0.032701954,0.063378165,0.010866885,0.012877297,0.111312788,0.041279106,0.027342137,0.011495587,0.056876714,0.008851219,0.042224147,0.145593124,0.011957165,0.083777949,0.152689489
139,155,0.023681576,0.321133985,0.021419694,0.032218464,0.081773418,0.02941233,0.041640629,0.041924924,0.034598874,0.019271731,0.023238702,0.038865167,0.024270153,0.02352617,0.024654386,0.029399251,0.030771911,0.039397242,0.047327084,0.071474308
140,156,0.027733512,0.042577689,0.033042344,0.034915577,0.024259221,0.026971856,0.033227313,0.148770283,0.021681035,0.049752539,0.074346489,0.069444192,0.077365951,0.116750827,0.025172386,0.030929683,0.055157516,0.034051803,0.040609641,0.033240142
141,157,0.033004434,0.03353358,0.071781648,0.026116737,0.042685536,0.019543612,0.067382385,0.022703828,0.048474019,0.028131665,0.053060669,0.056827854,0.019213321,0.053336353,0.175730051,0.08306972,0.036042604,0.037704776,0.049563746,0.042093463
142,158,0.074131989,0.011258752,0.14078372,0.097985385,0.020418489,0.071279973,0.057857611,0.016081388,0.047665292,0.012570355,0.037265029,0.148786581,0.006304068,0.114265074,0.044316617,0.028051425,0.031194684,0.007054648,0.021269466,0.011459454
143,159,0.060292582,0.008625228,0.07926915,0.064907525,0.023730175,0.325592785,0.03503902,0.010298464,0.034647233,0.01498422,0.045417173,0.057003166,0.012463239,0.067493203,0.011550104,0.053192331,0.035752028,0.011618164,0.03827653,0.009847682
144,160,0.035610553,0.020366898,0.023314088,0.176420224,0.026912377,0.035633088,0.063638154,0.03343858,0.086423697,0.016207257,0.026161218,0.027206267,0.007701148,0.190938814,0.039241592,0.057074831,0.051784458,0.03306745,0.013602678,0.035256627
145,161,0.092747922,0.012655198,0.022476762,0.033746263,0.022379274,0.037369343,0.040694356,0.023328884,0.021321066,0.018551422,0.01259724,0.077462066,0.303315212,0.102365796,0.008933388,0.051743488,0.044038289,0.020322539,0.031677893,0.022273599
146,162,0.035844137,0.085574742,0.051157992,0.031090378,0.063199587,0.057356907,0.01999054,0.048391399,0.0255296,0.017241561,0.041075418,0.049983953,0.009442564,0.032073472,0.023385008,0.303118514,0.01476299,0.040227006,0.028398161,0.022156072
147,163,0.022403971,0.043829869,0.028339117,0.033329676,0.360583815,0.028634598,0.019439035,0.05287231,0.016213723,0.035454572,0.04639793,0.028494882,0.028812083,0.02701273,0.017507626,0.051895982,0.017588466,0.026323672,0.056240885,0.058625059
148,164,0.027117293,0.024557865,0.045389784,0.028382062,0.380750729,0.026555225,0.020041926,0.017917868,0.03540851,0.020349291,0.035207851,0.017998498,0.059707186,0.024464386,0.041204574,0.02994791,0.01583599,0.039227452,0.032614,0.077321599
149,165,0.066554137,0.027163306,0.051232283,0.107214473,0.030803772,0.025303371,0.027794149,0.009320455,0.028664148,0.044505505,0.037976813,0.03952827,0.024414622,0.038556382,0.024596072,0.287089243,0.042176375,0.016170427,0.043646612,0.027289586
150,166,0.032432788,0.055332548,0.025664267,0.027377841,0.021513664,0.030896456,0.053139307,0.049781709,0.058498042,0.016954022,0.038544178,0.071305714,0.034708364,0.029970447,0.250092049,0.023046984,0.06316067,0.022924137,0.058037485,0.03661933
151,167,0.038310882,0.019505628,0.040298964,0.025433003,0.049694436,0.029204669,0.028222226,0.054317809,0.079256261,0.319728479,0.038917462,0.013204023,0.011181081,0.028129481,0.026952643,0.085823372,0.026305184,0.01935286,0.047582533,0.018579003
152,168,0.022511082,0.031765745,0.055180735,0.057334597,0.019606743,0.01738465,0.03161295,0.018354369,0.044974697,0.014086444,0.047168478,0.370376166,0.020698174,0.019118875,0.039686491,0.027673016,0.045183776,0.040574568,0.03656169,0.040146756
153,169,0.0184447,0.049682779,0.021270045,0.035119508,0.040086363,0.041451465,0.037819719,0.051439215,0.034527075,0.046312127,0.039085522,0.024329534,0.033052097,0.043518069,0.033193305,0.027838389,0.02206748,0.018783445,0.357431221,0.024547941
154,170,0.035242476,0.015468057,0.03293839,0.044075149,0.047698493,0.022378318,0.032113095,0.098097273,0.018418572,0.276244094,0.040575373,0.039569173,0.026945947,0.034937374,0.019758713,0.07399022,0.016886987,0.041931085,0.059911671,0.022819541
155,171,0.026059928,0.048065873,0.049178902,0.040008132,0.04430722,0.054787066,0.047682235,0.04823344,0.012532723,0.01678991,0.02155584,0.015476022,0.020276616,0.059928856,0.024599569,0.118872578,0.287858635,0.024235444,0.022860635,0.016690375
156,172,0.105099352,0.033917115,0.024067646,0.036444447,0.02922962,0.082008252,0.147024365,0.020701362,0.056592991,0.024138353,0.064771645,0.069507665,0.058098803,0.052826734,0.023489801,0.07880571,0.029980622,0.023957642,0.015286741,0.024051132
157,173,0.065704017,0.011021356,0.096088578,0.209281763,0.029126398,0.024639433,0.065859092,0.021060842,0.029709352,0.055091817,0.041384008,0.060301581,0.01991168,0.062150115,0.01339559,0.091869977,0.033186423,0.017122782,0.017136924,0.035958272
158,174,0.015434559,0.005894193,0.248736821,0.085133428,0.01217824,0.118890003,0.041468316,0.010519385,0.025418421,0.013176004,0.02014212,0.174646552,0.024702129,0.032507765,0.017748239,0.037993789,0.035608508,0.019070315,0.034467395,0.026263817
159,175,0.03375335,0.005379339,0.039303015,0.021511098,0.03228342,0.342942378,0.082538964,0.00324957,0.034138738,0.018105792,0.023147935,0.113310919,0.015895181,0.087954443,0.014407316,0.044226141,0.028221075,0.016909911,0.015144387,0.027577027
160,176,0.034725823,0.007244669,0.081023819,0.1282314,0.008465635,0.033395577,0.043493933,0.011882935,0.059433099,0.019322357,0.032529506,0.062382402,0.019971133,0.05787635,0.038133893,0.154257494,0.151282608,0.031099627,0.010852178,0.014395562
161,177,0.022406475,0.017827297,0.026859113,0.030675433,0.349741451,0.020993258,0.043544846,0.010327767,0.013500179,0.019750518,0.084238303,0.016188828,0.020913391,0.021021448,0.011369056,0.025160741,0.023500257,0.010954917,0.146693763,0.084332958
162,178,0.043618989,0.024818881,0.084864639,0.0700079,0.029606356,0.047225129,0.032479645,0.030568498,0.031310831,0.015523156,0.039986759,0.048551917,0.226570668,0.05137025,0.013809749,0.05861604,0.054702757,0.030430187,0.041452896,0.024484752
163,179,0.085483893,0.01857561,0.037772518,0.089302266,0.058678212,0.018890313,0.044424965,0.045334387,0.009317781,0.035537346,0.05625138,0.030588094,0.081660194,0.052397499,0.014050115,0.067463413,0.093621666,0.04515732,0.049745097,0.065747932
164,180,0.010157427,0.008310651,0.009637041,0.017674902,0.045857134,0.009485779,0.034567427,0.05665871,0.009141224,0.076662935,0.018556609,0.026213144,0.018099301,0.553763858,0.006234482,0.012322154,0.019387212,0.027162806,0.022416093,0.017691112
165,181,0.026781674,0.02596583,0.056704562,0.10717025,0.060075783,0.039893854,0.041855658,0.03361333,0.035383146,0.0269968,0.040337312,0.236662452,0.025520602,0.034516407,0.014362545,0.031613733,0.036433292,0.055302995,0.041370201,0.029439573
166,182,0.0939446,0.032273666,0.017910425,0.053388315,0.022020538,0.027995379,0.021158966,0.066973471,0.015458705,0.060639995,0.052471233,0.024125832,0.051548637,0.027774087,0.025059662,0.021992493,0.049562737,0.265206791,0.044983446,0.02551102
167,183,0.041479009,0.03287768,0.020818846,0.018868417,0.047484863,0.02166332,0.026333055,0.026531546,0.017238445,0.017642671,0.031805451,0.026992387,0.024761174,0.020151131,0.018173476,0.356019618,0.175407403,0.023678024,0.025912376,0.026161107
168,184,0.026113778,0.045582438,0.026005874,0.028880725,0.033530195,0.0172471,0.021344002,0.128297685,0.031427636,0.028671287,0.31458346,0.01551646,0.011572376,0.116040707,0.018104401,0.025526642,0.032015196,0.035142341,0.016049065,0.028348632
169,185,0.042993866,0.022361423,0.021855977,0.063135645,0.019630479,0.017959148,0.040186227,0.045257618,0.044864514,0.057262385,0.034440026,0.022419868,0.236744837,0.047170873,0.061896542,0.036403829,0.037278219,0.060075978,0.064244828,0.023817719
170,186,0.031908497,0.029084814,0.0406887,0.036902259,0.014534193,0.032746471,0.014807748,0.028784619,0.046615335,0.017700544,0.049062967,0.387157021,0.033055661,0.029637069,0.017714846,0.044754975,0.033493028,0.02736668,0.066592313,0.017392261
171,187,0.024256192,0.019936779,0.040100235,0.047918972,0.028392343,0.017919786,0.072883339,0.013477499,0.05455763,0.063263548,0.046914892,0.165941394,0.011931803,0.063467789,0.06154471,0.038153526,0.068632836,0.030439742,0.043973379,0.086293604
172,188,0.023809855,0.022686249,0.096081145,0.210382847,0.023776738,0.047700682,0.031692693,0.015315342,0.048947139,0.027879752,0.050039331,0.081682939,0.014172056,0.07142303,0.037588123,0.031310172,0.012789926,0.071814599,0.046472551,0.034434833
173,189,0.057843519,0.029454422,0.053501953,0.067244086,0.046159802,0.039483068,0.044456527,0.039778961,0.103241468,0.045389087,0.039382734,0.080932114,0.059744133,0.059733517,0.027539078,0.051956813,0.048898876,0.042729966,0.029557301,0.032972575
174,190,0.026455919,0.029628618,0.028230832,0.040990293,0.243042999,0.019365444,0.129990731,0.024090439,0.016238404,0.035827657,0.03560473,0.022349854,0.019404436,0.026418218,0.019399221,0.024442569,0.043565602,0.03917212,0.051855154,0.123926761
175,191,0.02995949,0.030286736,0.188776676,0.048348704,0.040071901,0.022789555,0.024422823,0.034318069,0.028650281,0.00989416,0.0429113,0.055684321,0.072677611,0.037402877,0.032282324,0.057419879,0.074019027,0.064098093,0.054461869,0.051524304
176,192,0.031451668,0.020675017,0.030069321,0.044363557,0.025212356,0.022709634,0.025299728,0.046140366,0.373731405,0.024387941,0.021226358,0.067749766,0.046889104,0.034487818,0.047732455,0.020984547,0.035382356,0.022921525,0.029313258,0.029271822
177,193,0.036437413,0.028198249,0.04225733,0.023382825,0.050621584,0.035459285,0.027500086,0.026191563,0.028812545,0.349004669,0.068077213,0.029391694,0.020879449,0.018205967,0.013903448,0.044338745,0.03033746,0.030830204,0.037332961,0.058837308
178,194,0.036099473,0.030493408,0.032569969,0.055061067,0.050791457,0.035581976,0.047084283,0.012547783,0.030463616,0.016641825,0.029339631,0.025135986,0.019254533,0.084772848,0.021449283,0.038975933,0.010439415,0.037425275,0.045628762,0.340243477
179,195,0.033606146,0.045569466,0.022988432,0.041126612,0.025998309,0.034143983,0.034780862,0.301505984,0.024072558,0.064954255,0.062216793,0.014648332,0.027494557,0.023316656,0.022539442,0.029849245,0.028892144,0.117853907,0.02697491,0.017467405
180,196,0.038044995,0.052487445,0.035892751,0.02989893,0.04638757,0.045256265,0.023852121,0.016524673,0.023194353,0.030922482,0.034038606,0.026058747,0.035749027,0.037416284,0.027378667,0.015961008,0.015514014,0.017067754,0.421707619,0.026646689
181,197,0.019748625,0.022849185,0.044804848,0.046569324,0.024965148,0.404290981,0.017832505,0.01381764,0.031242371,0.023324034,0.032209124,0.02997173,0.024771706,0.02068085,0.092998628,0.017461799,0.020693521,0.039581429,0.048005543,0.024181008
182,198,0.069400965,0.030562825,0.027226558,0.058624326,0.053725849,0.028159923,0.021759143,0.062960082,0.024085207,0.050082627,0.063136141,0.029606866,0.015198299,0.021527669,0.015931414,0.01832978,0.030099827,0.298661822,0.031980843,0.048939834
183,199,0.011245455,0.041821377,0.042060778,0.034545668,0.196837798,0.011015179,0.141225585,0.046231026,0.031907911,0.100716401,0.129747061,0.020648529,0.008803798,0.017325279,0.014023838,0.01952593,0.009849417,0.042684725,0.057065709,0.022718536
184,200,0.02407607,0.013433793,0.029835897,0.094183074,0.048112588,0.013125605,0.202545934,0.0328304,0.031524462,0.030132006,0.075499029,0.121288625,0.022537121,0.069201046,0.016028918,0.036074358,0.04404389,0.026273381,0.020882845,0.048370958
185,201,0.08310318,0.01699746,0.032999902,0.033336605,0.027842849,0.027397675,0.021981251,0.015752014,0.030545551,0.038492584,0.02966252,0.029043385,0.364936784,0.045552478,0.01714431,0.034449987,0.057952883,0.040283516,0.02467618,0.027848886
186,202,0.320324653,0.049354408,0.010583258,0.046530034,0.008448963,0.059574642,0.026354323,0.019948199,0.032689647,0.007003855,0.043488964,0.082667264,0.03471508,0.014596789,0.008974078,0.138814617,0.02319146,0.038881141,0.019513698,0.014344927
187,203,0.053761593,0.012204922,0.067273603,0.105447656,0.055497238,0.036709523,0.031049514,0.029609989,0.026072384,0.021983256,0.026809261,0.074833763,0.008653456,0.035747717,0.017267738,0.198065435,0.09973198,0.028611335,0.034580734,0.036088903
188,204,0.015165077,0.004506814,0.044628489,0.167365319,0.043282495,0.012941052,0.032207924,0.073222673,0.014899575,0.127804483,0.130554216,0.021563978,0.016593721,0.055956369,0.004596269,0.017029488,0.042405016,0.068553472,0.065675681,0.041047886
189,205,0.050344746,0.004535494,0.073559279,0.166498722,0.077242898,0.025131831,0.041127782,0.042470347,0.048080222,0.020835698,0.034799317,0.044708438,0.011275866,0.040948526,0.018328339,0.034681497,0.076822223,0.112539435,0.019247717,0.056821623
190,206,0.02718231,0.020581805,0.325778179,0.044879041,0.023374425,0.019804221,0.043981872,0.039177069,0.013840216,0.016009126,0.04334377,0.093024694,0.028095909,0.021942867,0.021664766,0.018045759,0.03166003,0.014999385,0.047537043,0.105077512
191,207,0.073019217,0.017743476,0.036968814,0.064062248,0.01605101,0.059088283,0.052955439,0.025146905,0.051898473,0.01853511,0.021111425,0.091033918,0.033488171,0.214821572,0.01168642,0.116366761,0.027414482,0.019782562,0.024013225,0.024812489
192,208,0.04899797,0.004038613,0.077709747,0.07745805,0.047931059,0.019327376,0.08787644,0.03208172,0.038902315,0.042329501,0.068357223,0.081904119,0.011989593,0.130886162,0.028523194,0.035020779,0.039199049,0.028236001,0.046375631,0.05285546
193,209,0.032642119,0.010334411,0.15009366,0.077190554,0.042848622,0.052401026,0.114621463,0.004817257,0.025256409,0.052697373,0.046987391,0.122027584,0.006287484,0.104264444,0.038050434,0.073304309,0.018094647,0.008102578,0.008863052,0.011115184
194,210,0.051365425,0.020723783,0.032437874,0.026254471,0.029878138,0.057113076,0.049850834,0.068419765,0.036076818,0.215169901,0.049225178,0.016310719,0.028130591,0.046233439,0.037164002,0.027759047,0.040724661,0.090988002,0.033427662,0.042746613
195,211,0.019693017,0.027677666,0.039588139,0.050688144,0.050305504,0.037211648,0.051469521,0.077804522,0.042037921,0.015368226,0.050044079,0.079650483,0.038960793,0.062619877,0.039513315,0.057771524,0.10362606,0.016535475,0.027480173,0.111953914
196,212,0.116913396,0.032359971,0.050985481,0.056686571,0.031872446,0.0495791,0.042336493,0.015090086,0.030847667,0.014862765,0.03379635,0.078076553,0.102219329,0.069375478,0.044399065,0.091003859,0.044787538,0.024670046,0.04264903,0.027488775
197,213,0.047476084,0.046810222,0.052972321,0.0464132,0.057613448,0.058461723,0.064732488,0.047643896,0.051984551,0.050928816,0.047562796,0.050400971,0.047406894,0.057384791,0.046345972,0.04486273,0.047263572,0.047414301,0.043139499,0.043181725
198,214,0.05904745,0.043383759,0.056351586,0.10563606,0.038883171,0.058345065,0.048379247,0.043730975,0.043440473,0.039743065,0.048249237,0.056091148,0.097894018,0.044935036,0.029407176,0.051385604,0.01425739,0.019816717,0.05130904,0.049713783
199,215,0.064334518,0.00646669,0.049344081,0.110210222,0.016594387,0.053113889,0.034239164,0.017855116,0.032519063,0.034780398,0.032920798,0.041952227,0.258056955,0.058637012,0.016593798,0.049363297,0.046814514,0.037603806,0.015153838,0.023446228
200,216,0.082315438,0.026114511,0.044788254,0.051915616,0.02399139,0.152854785,0.056310548,0.023348935,0.017749976,0.011400035,0.05412943,0.067881326,0.071523842,0.039208842,0.011402163,0.075270716,0.064945755,0.03358861,0.058388935,0.032870893
201,217,0.038870281,0.011069414,0.044489962,0.072240073,0.018054949,0.049561181,0.047003051,0.03556739,0.034209836,0.048175075,0.077986428,0.064911572,0.081637804,0.07857913,0.039146959,0.090520579,0.079063615,0.053122103,0.020184711,0.015605888
202,218,0.033178818,0.025688639,0.018585806,0.029132986,0.021026069,0.014323603,0.01600614,0.208959895,0.027272889,0.021425206,0.028191328,0.049279535,0.018986003,0.031066885,0.01252215,0.019470656,0.174175249,0.196403321,0.040795311,0.013509511
203,219,0.058594994,0.044715152,0.040750544,0.107562525,0.025721197,0.018644252,0.07747575,0.083242902,0.017345235,0.014333437,0.056602348,0.023210217,0.006265351,0.063043511,0.01705265,0.088747065,0.124568649,0.067271619,0.02248856,0.042364041
204,220,0.059588975,0.021041112,0.063796897,0.0327411,0.045775464,0.017182761,0.046779836,0.09420072,0.023068958,0.035919654,0.026661504,0.030182168,0.02494776,0.030575045,0.016302903,0.022132047,0.019359967,0.339071988,0.02582525,0.024845891
205,221,0.096540394,0.027576792,0.021163791,0.040306214,0.034219545,0.045319632,0.041634725,0.040898781,0.04050896,0.019969897,0.056826926,0.026688077,0.01971672,0.076834922,0.017379499,0.245670194,0.055797306,0.036284895,0.018454491,0.038208239
206,222,0.035832695,0.024553895,0.02379823,0.023203071,0.026321633,0.021919169,0.02046984,0.032587256,0.031932358,0.04322416,0.042158558,0.042905129,0.035714564,0.03183563,0.019271907,0.045728214,0.399855448,0.028026818,0.031071469,0.039589958
207,223,0.082508418,0.023571348,0.017736777,0.024438912,0.022263399,0.0596908,0.038719681,0.016505321,0.12272837,0.027340382,0.083856065,0.046450462,0.011095103,0.065924899,0.095378486,0.163854205,0.051527126,0.013347271,0.016906286,0.016156689
208,224,0.033216657,0.013970552,0.029571475,0.069829148,0.064416793,0.028331211,0.071568179,0.131586093,0.037597569,0.057351151,0.050686715,0.068578776,0.008876653,0.038219115,0.061066234,0.046476691,0.062485208,0.058850671,0.014988231,0.052332878
209,225,0.039844378,0.019398102,0.046232402,0.040961882,0.029626256,0.054120312,0.049379614,0.016812897,0.045482471,0.01844299,0.03928609,0.058150064,0.012882419,0.043497583,0.034058798,0.193493009,0.184727755,0.024496655,0.019981114,0.029125209
210,226,0.054927747,0.022391684,0.016045997,0.087267685,0.019576563,0.01432523,0.034865044,0.082126526,0.052817095,0.045741792,0.072407981,0.034442961,0.015354232,0.180693384,0.014949397,0.049215711,0.054220211,0.089811925,0.02916256,0.029656275
211,227,0.037985414,0.019886817,0.026220478,0.021212493,0.051534067,0.034324199,0.021210019,0.034793998,0.042520406,0.024965914,0.044863605,0.039065524,0.020775107,0.324412973,0.029756244,0.030496986,0.091335734,0.056653686,0.024563822,0.023422515
212,228,0.021197346,0.018849301,0.08287721,0.107019835,0.025826052,0.011909609,0.047513829,0.165986973,0.023804759,0.02709397,0.050817902,0.042762495,0.018585747,0.035859435,0.03491776,0.042852647,0.093882687,0.114191361,0.021090135,0.012960946
213,229,0.054549581,0.038068198,0.039806462,0.016852649,0.035119157,0.023567113,0.022042553,0.139249721,0.03064065,0.042751469,0.036389778,0.034330449,0.026892094,0.035612452,0.013479448,0.02848924,0.031982858,0.286555924,0.031522424,0.032097779
214,230,0.039606719,0.014039051,0.059241542,0.17784631,0.059642112,0.017881316,0.031967672,0.100920293,0.026297353,0.036039604,0.042536161,0.012228023,0.01056163,0.042452204,0.023702361,0.04236518,0.081603166,0.064744182,0.043898519,0.072426603
215,231,0.178287519,0.031049728,0.032901989,0.029375106,0.042452865,0.027615732,0.036114789,0.096591923,0.010226992,0.022218267,0.036085103,0.03788342,0.095488097,0.038354895,0.013136663,0.083492598,0.073103223,0.095965329,0.007624228,0.012031534
216,232,0.019602667,0.016038806,0.098946355,0.132820507,0.03943469,0.008719867,0.025401962,0.09891256,0.044352877,0.029394578,0.057023294,0.048603988,0.008788063,0.06315543,0.032699252,0.056690319,0.049848976,0.132700217,0.013493698,0.023371896
217,233,0.024466862,0.021006697,0.056470611,0.088822533,0.053519415,0.037052494,0.02925184,0.120858415,0.015694962,0.115691972,0.077842425,0.024841036,0.021160602,0.071704156,0.016171944,0.011783619,0.03533812,0.106413819,0.029229426,0.042679053
218,234,0.099592812,0.021977769,0.072055753,0.037933517,0.051713986,0.100288112,0.110920148,0.045731772,0.006199935,0.032635603,0.046866266,0.00622985,0.064487855,0.02623229,0.004837611,0.114025391,0.044091944,0.052037349,0.011703782,0.050438255
219,235,0.04575242,0.016430226,0.128175175,0.125115898,0.041417993,0.025516548,0.048550002,0.057459498,0.019317906,0.066787432,0.078288005,0.045068672,0.067394299,0.049194602,0.010001926,0.046178674,0.038457818,0.046033987,0.015287043,0.029571875
220,236,0.03652208,0.012746647,0.069363917,0.099173291,0.026530785,0.004580102,0.023400944,0.149683244,0.033455114,0.074799043,0.051410004,0.013414902,0.01010411,0.027312758,0.031829224,0.048495559,0.048327309,0.073202973,0.119906409,0.045741584
221,237,0.131340747,0.022491504,0.039466221,0.038401203,0.047857045,0.019065886,0.049784739,0.047239145,0.023407772,0.069386221,0.032540274,0.014765271,0.196041093,0.031970953,0.011536765,0.057659505,0.081231961,0.040171541,0.021434183,0.024207972
222,238,0.085209748,0.009403923,0.126168201,0.03330111,0.036105084,0.056349381,0.030041901,0.042733599,0.016100652,0.044361887,0.025165773,0.06895132,0.072603083,0.039585578,0.041108331,0.082173221,0.054744051,0.033888093,0.069454281,0.032550784
223,239,0.063246297,0.026261183,0.030939628,0.015612537,0.031036252,0.0283434,0.019109144,0.120795048,0.028795613,0.126604061,0.039364377,0.036867708,0.027124895,0.048500341,0.093384809,0.028380482,0.025012847,0.16006375,0.026439512,0.024118116
224,240,0.046553245,0.014962758,0.03314787,0.075587575,0.047983666,0.009602817,0.078508707,0.070724869,0.024525865,0.031066073,0.071376763,0.07733094,0.05753163,0.159264896,0.048085348,0.044466065,0.010894952,0.032926611,0.021647817,0.043811532
225,241,0.036018761,0.020447699,0.062330565,0.071656495,0.018191177,0.213358185,0.052876887,0.02106763,0.045080825,0.024876746,0.028749902,0.150382858,0.021115743,0.048406636,0.012013036,0.032089597,0.078748583,0.021636546,0.020333976,0.020618153
226,242,0.008742174,0.019404631,0.016174579,0.018467152,0.043216073,0.014099431,0.078851514,0.068492214,0.010091081,0.035467999,0.096879271,0.040978673,0.003113814,0.125666593,0.007785389,0.130986873,0.140743315,0.110109537,0.017073508,0.01365618
227,243,0.032070635,0.009760312,0.088244761,0.069132844,0.006794092,0.083486585,0.038146303,0.016826141,0.010276513,0.004699503,0.026413752,0.104386769,0.037304591,0.041267981,0.004033685,0.073519679,0.323071228,0.014786456,0.010162705,0.005615464
228,244,0.157267145,0.011024253,0.027554131,0.034148777,0.038779821,0.069229,0.030487178,0.042381928,0.016271518,0.0188124,0.042949625,0.032842257,0.024316537,0.017239815,0.015930033,0.315055044,0.037810027,0.011412457,0.03157711,0.024910943
229,245,0.025029624,0.024382004,0.019869162,0.015396377,0.20056024,0.085629084,0.01952412,0.030966039,0.044350245,0.034778898,0.038219793,0.027737008,0.018565731,0.028688525,0.19115015,0.037088743,0.023738646,0.025621964,0.049647519,0.059056127
230,246,0.027140674,0.043760962,0.053411981,0.022020831,0.01214845,0.025232001,0.02479804,0.345055994,0.034376483,0.049822651,0.044195077,0.051399764,0.038126874,0.053746752,0.02177748,0.023201044,0.021647572,0.058495188,0.024980777,0.024661404
231,247,0.06493532,0.012674125,0.069531041,0.064609367,0.029392479,0.037010589,0.065176567,0.087108095,0.022546916,0.056295611,0.031636405,0.025992386,0.020812215,0.050364922,0.019499403,0.15817845,0.069417986,0.056029182,0.016448179,0.042340762
232,248,0.018866316,0.01789485,0.019342853,0.064693298,0.068367653,0.015158557,0.019275042,0.327098196,0.036650971,0.052911777,0.041454171,0.043891594,0.012151343,0.032981657,0.024894194,0.031828044,0.03323492,0.095015912,0.01898694,0.02530171
233,249,0.024633623,0.058711744,0.01648055,0.029273182,0.082601479,0.021830528,0.132025597,0.025372716,0.018848732,0.035548617,0.039454981,0.036753555,0.018423136,0.052967706,0.031099767,0.017045358,0.011483104,0.032446177,0.02509355,0.289905899
234,250,0.016037105,0.021075862,0.01999153,0.018248263,0.114276768,0.020146199,0.142237443,0.010562904,0.016567068,0.016372029,0.032300516,0.016382217,0.015089669,0.022927262,0.015369345,0.028993354,0.013491376,0.011987661,0.181755832,0.266187597
235,251,0.028074249,0.023401068,0.052635693,0.029045362,0.014094779,0.032963636,0.025666323,0.029891012,0.042663204,0.021669845,0.050233084,0.043899077,0.016443924,0.01612337,0.028716401,0.036922189,0.390480509,0.053659106,0.041032506,0.022384662
236,252,0.025764515,0.018229207,0.020027565,0.014098008,0.02118945,0.015611631,0.037097518,0.281842529,0.040483328,0.109462919,0.073082445,0.011641271,0.017389147,0.054702694,0.023373379,0.028916337,0.047478823,0.127238971,0.016388653,0.015981612
237,253,0.091036522,0.035502094,0.048272528,0.040923446,0.016795651,0.027866901,0.04066976,0.02744468,0.035146596,0.032151937,0.029802867,0.023684447,0.027836678,0.023456431,0.019143012,0.026805925,0.029061995,0.371952021,0.022011186,0.030435322
238,254,0.068413622,0.039287465,0.015836428,0.058463793,0.044619956,0.021170646,0.041244483,0.014986632,0.147981751,0.010221834,0.029126146,0.033963603,0.138750992,0.078945007,0.074737573,0.051958594,0.035553131,0.026529441,0.045141239,0.023067663
239,255,0.062188384,0.029188722,0.026033843,0.041513294,0.02639796,0.027056247,0.043662029,0.019397832,0.046002781,0.022094753,0.034091942,0.037421631,0.28836313,0.047425806,0.039524864,0.082429269,0.039018568,0.034352035,0.027767882,0.026069029
240,256,0.025460884,0.017568459,0.054735185,0.045355142,0.02153461,0.30891405,0.081519329,0.018501776,0.028134696,0.01718466,0.037593574,0.081662436,0.034579904,0.027339014,0.037578629,0.042279128,0.02423582,0.051545211,0.017769767,0.026507727
241,257,0.030873884,0.020644401,0.416156028,0.036543031,0.037379215,0.023390925,0.049549265,0.033219292,0.019846067,0.017529423,0.030679104,0.043298667,0.020465562,0.036837119,0.019788954,0.045975157,0.016855719,0.031027415,0.014406261,0.055534512
242,258,0.062533208,0.056605096,0.040433867,0.123053463,0.030274813,0.012183112,0.037413158,0.105473766,0.016605093,0.034476397,0.075844704,0.0210325,0.01014506,0.060020359,0.012389332,0.056994056,0.132243775,0.06245354,0.014321257,0.035503447
243,259,0.020955891,0.030202423,0.03458926,0.037265651,0.062268421,0.028600922,0.031562093,0.045051267,0.021088303,0.425616155,0.024447395,0.035608413,0.043264039,0.024874876,0.023736436,0.022189404,0.012055354,0.037248794,0.019020494,0.02035441
244,260,0.07098459,0.027749102,0.012507967,0.065680463,0.137914775,0.019821404,0.101622776,0.03845385,0.013534445,0.060817596,0.126040868,0.062061916,0.003451964,0.098068302,0.00475268,0.056823281,0.019532395,0.021945991,0.016222272,0.042013361
245,261,0.032391519,0.021818862,0.02303827,0.021682483,0.042794161,0.023955061,0.033807475,0.400173708,0.021955909,0.057727776,0.077103286,0.030250142,0.019105315,0.018039039,0.025282045,0.013181461,0.043374088,0.036222293,0.027370003,0.030727103
246,262,0.042864885,0.026520417,0.021037577,0.055820358,0.031028129,0.021324327,0.04061539,0.051718244,0.03172737,0.021031801,0.039846527,0.366933708,0.038693971,0.058605601,0.031659262,0.03381643,0.028233198,0.020783339,0.018951276,0.018788189
247,263,0.194965278,0.028712361,0.024723915,0.035078871,0.05465455,0.019474456,0.118266034,0.028466103,0.008788143,0.010322071,0.044174802,0.017613413,0.011125849,0.016746784,0.021498753,0.150702454,0.110812641,0.026722735,0.05103549,0.026115301
248,264,0.023513831,0.032159345,0.083752138,0.03584079,0.02562006,0.019949612,0.016709571,0.062270064,0.023788654,0.019194507,0.025875715,0.032233444,0.028341167,0.030836232,0.026601276,0.09426871,0.345345732,0.01917494,0.035103445,0.019420767
249,265,0.060390514,0.030675508,0.039204873,0.035520146,0.027916614,0.333955926,0.035851847,0.027174535,0.017311194,0.035445855,0.021023228,0.031160143,0.023172014,0.023619357,0.025974361,0.081474534,0.0464776,0.057792453,0.031602071,0.014257226
250,266,0.046772045,0.017345402,0.02958746,0.039148297,0.021323856,0.106996923,0.049074293,0.018400846,0.016886631,0.02357876,0.044931003,0.257506647,0.099807418,0.033613132,0.023526578,0.036548653,0.054057012,0.02602428,0.030692965,0.0241778
251,267,0.017662899,0.01883654,0.024264481,0.015338878,0.267395813,0.022030915,0.011601467,0.038784972,0.012823666,0.303408593,0.079964675,0.013764814,0.024065533,0.030492693,0.014032115,0.011944478,0.020964175,0.019024252,0.031235293,0.02236375
252,268,0.03146942,0.020539169,0.020036704,0.018368393,0.031170083,0.024593496,0.017877661,0.361718668,0.031708137,0.064648005,0.046351367,0.033076965,0.012020263,0.013410141,0.023141639,0.0273739,0.065721152,0.096664039,0.024950314,0.035160484
253,269,0.424125127,0.019257301,0.031412532,0.017993395,0.027051231,0.083245002,0.029018102,0.030094442,0.018717996,0.032992136,0.027860876,0.026725419,0.024676261,0.036649466,0.029250573,0.03729516,0.032344144,0.019456217,0.032041558,0.019793061
254,270,0.024444713,0.035533203,0.025499189,0.014766813,0.025678633,0.03313548,0.053552071,0.021839962,0.023959036,0.024453904,0.04517349,0.026124638,0.426647605,0.031993449,0.032864335,0.025746499,0.031581628,0.024294231,0.044589626,0.028121492
255,271,0.030588101,0.03549734,0.018495638,0.022636186,0.011009532,0.020618687,0.042306216,0.03164141,0.028681859,0.034045629,0.043543907,0.033069655,0.034058025,0.030338168,0.405155478,0.04824965,0.02155136,0.025372896,0.039379735,0.043760529
256,272,0.022149477,0.051448294,0.032632934,0.038334264,0.02535556,0.404205754,0.019437697,0.021007475,0.06445219,0.016151498,0.02963104,0.022764632,0.019783397,0.030527561,0.016132193,0.020264389,0.032602912,0.049787384,0.033680184,0.049651166
257,273,0.01732306,0.026936087,0.02806049,0.027058956,0.053467029,0.015573794,0.03965276,0.026612495,0.039205733,0.01858897,0.044683159,0.05318669,0.031156093,0.032560949,0.030245951,0.052315523,0.015423249,0.022092032,0.034446927,0.391410051
258,274,0.007910889,0.03841318,0.02181473,0.015453423,0.248998196,0.01791341,0.03205854,0.009954384,0.016360314,0.027099193,0.016582541,0.011109071,0.017660968,0.015881376,0.015936418,0.019609407,0.021824148,0.012593267,0.029342139,0.403484406
259,275,0.057785506,0.014900503,0.022355287,0.049152788,0.043629135,0.015124088,0.030013256,0.045238827,0.160817677,0.041214615,0.034488833,0.02280728,0.104701,0.022628995,0.144600657,0.04239023,0.027512842,0.06504806,0.044197722,0.011392699
260,276,0.02531858,0.020709993,0.01881829,0.010729701,0.062459007,0.012678621,0.030500141,0.165043893,0.02029862,0.309735189,0.046687939,0.013332092,0.018607238,0.018812782,0.021795262,0.015807293,0.030905891,0.08889671,0.02466158,0.04420118
261,277,0.043034761,0.01592205,0.022614073,0.025619257,0.027140178,0.261698548,0.037595304,0.038901293,0.050494004,0.041191814,0.038853231,0.060262615,0.020165583,0.049938023,0.071990054,0.045974089,0.058348853,0.046536445,0.014300593,0.029419231
262,278,0.042746371,0.007586717,0.056015228,0.100925569,0.017498157,0.02823132,0.06178777,0.017347217,0.054605353,0.018729321,0.063548236,0.078379388,0.088578525,0.054959044,0.055694876,0.068087461,0.088991059,0.021663055,0.018127328,0.056498005
263,279,0.062637304,0.012930188,0.02052602,0.023400836,0.037253783,0.198355078,0.038460721,0.028982993,0.046986667,0.018027456,0.08175722,0.032957376,0.036102834,0.058476904,0.052013754,0.060908957,0.063598738,0.051938011,0.037622947,0.037062212
264,280,0.048156683,0.009124429,0.062132848,0.024124464,0.026962689,0.037895792,0.082342245,0.024117134,0.093612938,0.02308707,0.030988837,0.195441958,0.019980079,0.082009757,0.039199186,0.05710407,0.0578948,0.027827696,0.024782647,0.033214679
265,281,0.158275093,0.036713467,0.040360277,0.017940509,0.035867149,0.095603447,0.02711227,0.039575556,0.028578202,0.012365495,0.030534687,0.088370132,0.014844841,0.016512388,0.011871516,0.252413712,0.010257147,0.019790437,0.022353937,0.040659737
266,282,0.086600576,0.032050441,0.04802635,0.030919704,0.027163253,0.061874007,0.040643978,0.017627546,0.027745126,0.018483707,0.025369411,0.048098713,0.014386853,0.03082199,0.026731833,0.24318271,0.124754914,0.027224435,0.02522553,0.043068925
267,283,0.052376201,0.037648631,0.016940164,0.012090309,0.039230821,0.008825986,0.02279929,0.287224843,0.016304872,0.048415548,0.052347207,0.01391831,0.012876363,0.024567123,0.012071353,0.024497217,0.021821078,0.174460545,0.072456394,0.049127743
268,284,0.007274196,0.019164318,0.009709255,0.030946071,0.031111669,0.013437255,0.024028553,0.323412072,0.023545544,0.095387923,0.205359415,0.011214304,0.01198943,0.024695986,0.013116689,0.02130297,0.016616594,0.073400391,0.027337481,0.016949882
269,285,0.0274953,0.024580304,0.022118205,0.028573227,0.030437069,0.033326059,0.057798995,0.123033809,0.053490042,0.084578993,0.062295472,0.023657953,0.010594251,0.080983512,0.118119197,0.035759932,0.053221907,0.084583057,0.021998548,0.023354169
270,286,0.0462651,0.018031778,0.027258638,0.020670448,0.032109357,0.016013559,0.031393866,0.028977354,0.017716585,0.017200716,0.026946783,0.013756103,0.025040989,0.023155207,0.0212853,0.326690591,0.231418026,0.013754638,0.045061864,0.017253098
271,287,0.022629209,0.032867443,0.37219043,0.03999939,0.048485897,0.036884787,0.028297359,0.01282266,0.022440001,0.025896488,0.043920591,0.030697797,0.014718119,0.054092682,0.038910411,0.032672118,0.039271046,0.025418933,0.025645333,0.052139305
272,288,0.178227725,0.032484105,0.045056983,0.034599397,0.025279893,0.067889453,0.065779731,0.040603181,0.022848663,0.097252611,0.059433346,0.030060931,0.011201714,0.054903446,0.035101273,0.043903103,0.035649582,0.055868621,0.027872442,0.035983803
273,289,0.045206933,0.015243258,0.027382343,0.040226539,0.046987827,0.023300531,0.05046616,0.058238431,0.104959891,0.051370669,0.036177383,0.036947535,0.180334819,0.026235908,0.069212352,0.040993216,0.038503802,0.071699058,0.01423067,0.022282676
274,290,0.030882666,0.020434713,0.024217291,0.028236382,0.039256993,0.025708841,0.021473896,0.398330433,0.024234511,0.067111627,0.05285589,0.022273407,0.012489911,0.019745802,0.014465841,0.027652619,0.019408373,0.092386082,0.03742301,0.021411712
275,291,0.06079979,0.050076444,0.012151728,0.0257711,0.022641475,0.078765885,0.030357243,0.092658096,0.07562091,0.03192782,0.057838999,0.020368427,0.004689182,0.061588122,0.075325743,0.056308028,0.069636892,0.132049579,0.023301563,0.018122975
276,292,0.041474101,0.019462639,0.035623204,0.061994416,0.016742599,0.042860435,0.10782099,0.056304708,0.110152135,0.042671601,0.051932658,0.042923581,0.038248926,0.070157405,0.054376983,0.071566065,0.039820803,0.045519648,0.026881954,0.023465149
277,293,0.021152075,0.423882545,0.05343388,0.025593,0.036069034,0.038753697,0.042849779,0.019696864,0.023091212,0.035785756,0.016064426,0.017382244,0.022800548,0.018005061,0.025194853,0.051824098,0.022723386,0.028457794,0.029170497,0.048069252
278,294,0.039326665,0.0134736,0.03261206,0.034368566,0.054284176,0.022858427,0.099773664,0.043043432,0.047230495,0.032486667,0.041367518,0.064733985,0.002838368,0.037414386,0.061368144,0.044418195,0.049671936,0.068668973,0.098060331,0.11200041
279,295,0.083688179,0.037744651,0.049383513,0.062224813,0.025541379,0.020893977,0.061644259,0.041056894,0.039547601,0.072276212,0.081263254,0.037197444,0.007104843,0.038955546,0.043064606,0.051933728,0.018060612,0.039492438,0.022004762,0.166921288
280,296,0.066437475,0.011037275,0.050778592,0.080325917,0.035128375,0.031726641,0.080540732,0.03908079,0.025416165,0.045956623,0.091758495,0.060318067,0.092174537,0.062186217,0.022801783,0.056635341,0.058971456,0.039198588,0.030146814,0.019380118
281,297,0.036084347,0.417464938,0.020714394,0.013486965,0.047939241,0.011408789,0.020646199,0.021624769,0.025157387,0.017479016,0.04922643,0.03457585,0.026905559,0.026467411,0.038007555,0.044179856,0.022012065,0.03775956,0.053004139,0.035855529
282,298,0.042140882,0.030933213,0.020293317,0.017078237,0.048630721,0.020244427,0.113616141,0.248337768,0.02787793,0.083253483,0.026449355,0.01156561,0.017736815,0.013949479,0.009629627,0.020329672,0.035235266,0.134344916,0.044711597,0.033641546
283,299,0.041273431,0.048545332,0.026229234,0.043541398,0.02813329,0.015718542,0.030070881,0.045670116,0.03310567,0.018082524,0.039244757,0.050336297,0.016942604,0.048358924,0.0347614,0.127669953,0.243811334,0.041671395,0.039875391,0.026957529
284,300,0.081430994,0.034296807,0.030789502,0.046350732,0.027061488,0.033882635,0.030571647,0.027253089,0.026139138,0.032175252,0.041633761,0.036629359,0.246928223,0.049167626,0.0263971,0.030902659,0.061383358,0.042041877,0.044768902,0.050195849
285,301,0.040703955,0.046252555,0.051731122,0.041358127,0.030246687,0.042398127,0.042813344,0.026344932,0.043870064,0.056416941,0.052122041,0.184465407,0.029443649,0.039060916,0.030756973,0.050382364,0.030646177,0.062998844,0.05032512,0.047662654
286,302,0.052515108,0.043342402,0.050232037,0.039720409,0.028208522,0.3526991,0.047599027,0.014903048,0.03796781,0.024853914,0.029310747,0.046610064,0.025848744,0.041356852,0.026741505,0.02292689,0.022600916,0.039752938,0.020239195,0.032570773
287,303,0.031078708,0.026611823,0.038960916,0.030649495,0.030117257,0.0335243,0.055232721,0.040673737,0.025413203,0.024185676,0.058209237,0.038979359,0.019485622,0.029911077,0.023098952,0.34946448,0.063108554,0.030622557,0.027703917,0.022968411
288,304,0.034978372,0.030848271,0.02333732,0.026073604,0.045377518,0.012179909,0.026897815,0.273651573,0.017762535,0.160994541,0.121723585,0.031297376,0.020518746,0.017920758,0.020245295,0.01415037,0.019972429,0.057986543,0.017160915,0.026922525
289,305,0.095039642,0.022519532,0.032399882,0.071242948,0.03377931,0.052791308,0.056320471,0.037333633,0.033239353,0.034381861,0.032494172,0.050955258,0.134037799,0.047464143,0.035443426,0.05793497,0.051504016,0.04219487,0.047185192,0.031738214
290,306,0.08132901,0.028539373,0.02341943,0.027032532,0.038744534,0.064946693,0.048565337,0.05028714,0.010626749,0.032325674,0.033458018,0.177558435,0.019007095,0.030822508,0.033182495,0.06624166,0.102444182,0.07973072,0.022763615,0.028974801
291,307,0.052385921,0.018053883,0.10600344,0.081674528,0.040694285,0.049465283,0.069899442,0.045027445,0.022918796,0.028838402,0.040812183,0.069662185,0.005162091,0.059083491,0.031280447,0.079953068,0.066108539,0.054250993,0.021210319,0.057515257
292,308,0.030629412,0.019008929,0.027063872,0.032953609,0.025312509,0.025576675,0.034278025,0.028469248,0.207822441,0.116725955,0.037230607,0.031624931,0.017727077,0.018634885,0.155365996,0.02200994,0.063926783,0.054931083,0.015257839,0.035450184
293,309,0.060391793,0.045413792,0.021571285,0.04327506,0.020675736,0.023032465,0.021095267,0.051844919,0.031112798,0.068504676,0.056034667,0.02201686,0.322834322,0.04638076,0.00924175,0.014603636,0.019704687,0.063484085,0.025091767,0.033689675
294,310,0.04042091,0.042066746,0.029021316,0.025425184,0.350379379,0.029718491,0.026407956,0.026669757,0.034810601,0.060251124,0.024398003,0.023548783,0.016296057,0.028063668,0.024313647,0.043325579,0.025729061,0.019081744,0.057704577,0.072367418
295,311,0.017830956,0.027964548,0.033397337,0.02407038,0.018104547,0.028528196,0.053826162,0.021859296,0.049020206,0.032650646,0.047849783,0.051630549,0.02080868,0.406156179,0.019196889,0.025351124,0.039082337,0.031211728,0.019997748,0.03146271
296,312,0.043452797,0.037077529,0.021808377,0.021830478,0.017846392,0.01287195,0.10310987,0.029727565,0.040642916,0.014148777,0.023628818,0.255007883,0.014966519,0.039977412,0.028512129,0.19200407,0.031784506,0.023524645,0.022128685,0.025948682
297,313,0.01922334,0.027296255,0.017267357,0.019336184,0.011764412,0.021662435,0.013386966,0.189232365,0.024950846,0.127083246,0.077046119,0.024389081,0.015519868,0.021926538,0.020052004,0.017009088,0.050283263,0.253803305,0.033669614,0.015097716
298,314,0.072902535,0.022611243,0.057464116,0.024753665,0.025301585,0.027913682,0.194986968,0.022687899,0.016324357,0.032101871,0.023185413,0.271582684,0.035760633,0.024902551,0.012862495,0.035508041,0.018868445,0.011571671,0.03845747,0.030252678
299,315,0.048012148,0.012296715,0.008405718,0.014326791,0.030375191,0.024015684,0.058855958,0.043594441,0.090890341,0.046724787,0.061167445,0.013218919,0.13982109,0.061385241,0.119594875,0.05722734,0.060758482,0.042466362,0.026627009,0.040235461
300,316,0.082148415,0.018558427,0.054822449,0.025100303,0.040021758,0.015448892,0.071519956,0.132214024,0.025084747,0.025038286,0.052620421,0.033899727,0.04324144,0.087751164,0.024066308,0.012204241,0.059162884,0.088364831,0.057003156,0.051728572
301,317,0.089385498,0.023312838,0.011894355,0.009190417,0.055567023,0.017846988,0.082172992,0.062997162,0.017154104,0.029495467,0.042699182,0.039969735,0.016445544,0.021697518,0.016293251,0.135302989,0.200063733,0.070573285,0.023259785,0.034678136
302,318,0.018320917,0.041724111,0.018361872,0.019925489,0.140402394,0.03882796,0.04652447,0.036302833,0.021443678,0.016417317,0.027656198,0.023714142,0.020062595,0.018456039,0.024822707,0.028387939,0.021960711,0.045775231,0.06139204,0.329521354
303,319,0.019162561,0.021269594,0.023605486,0.034668548,0.024253213,0.437726442,0.073317702,0.010109474,0.015643791,0.025105004,0.046261208,0.029326498,0.025738461,0.024660269,0.02720993,0.028011185,0.018255053,0.046723168,0.043123111,0.025829301
304,320,0.087044968,0.006514197,0.067160076,0.032926138,0.049959585,0.039508797,0.040520321,0.026002832,0.071141322,0.038303052,0.108730683,0.100942252,0.024267404,0.031273125,0.074346198,0.081413493,0.044658966,0.025626645,0.02449782,0.025162126
305,321,0.018534127,0.305695481,0.041149793,0.029828063,0.022470401,0.041580826,0.026867831,0.026992191,0.051879624,0.040930519,0.035011294,0.030537396,0.028341192,0.023366631,0.00915331,0.130196473,0.022959657,0.029801101,0.042960453,0.041743639
306,322,0.034511817,0.033876462,0.030239572,0.018561537,0.027711451,0.065515253,0.041093276,0.02205268,0.014328506,0.032272618,0.032825948,0.021248654,0.461847509,0.033284544,0.018133055,0.024386464,0.027888273,0.019986002,0.027614388,0.012621991
307,323,0.053019372,0.008534462,0.011284629,0.015227142,0.061818088,0.011803283,0.063446894,0.062220292,0.046729145,0.073527449,0.039048597,0.030684966,0.036363938,0.049246876,0.10594947,0.044870037,0.081067529,0.085810965,0.067880054,0.051466816
308,324,0.036290034,0.032071207,0.048433033,0.040242089,0.162541635,0.024923167,0.023529897,0.020174059,0.026339776,0.022259258,0.018489632,0.03922017,0.053236125,0.021780575,0.027522908,0.016472289,0.027356537,0.021832794,0.033554952,0.303729864
309,325,0.036410086,0.022246045,0.022993165,0.022049604,0.033950379,0.019165062,0.023677183,0.226654705,0.023312123,0.039037371,0.02534843,0.0101113,0.020981093,0.017150775,0.02209519,0.02581711,0.027083894,0.327468882,0.022734203,0.031713404
310,326,0.023615639,0.022172764,0.007645374,0.027568969,0.025817145,0.009787576,0.078058829,0.059924737,0.122303603,0.052379724,0.039538327,0.103782824,0.030515258,0.042732788,0.079061245,0.037750395,0.100133308,0.074706,0.02169638,0.040809116
311,327,0.081931422,0.022713872,0.019861444,0.012250351,0.05222164,0.012093735,0.071865398,0.042039584,0.043430439,0.085579709,0.074205011,0.014093214,0.018029997,0.141404639,0.04003878,0.075646762,0.044295475,0.060380885,0.048913289,0.039004353
312,328,0.070292023,0.02336946,0.061052601,0.039634284,0.016223187,0.064278004,0.033058913,0.01708154,0.0719446,0.020242082,0.046377957,0.091170911,0.076255466,0.076035154,0.076996377,0.084345893,0.042216638,0.028328479,0.024864748,0.036231684
313,329,0.023455105,0.019177964,0.016343468,0.017314871,0.034416831,0.021193098,0.137089294,0.025356603,0.03864141,0.0107439,0.021610035,0.040290641,0.015039609,0.054598504,0.014492174,0.20283253,0.239454005,0.019529664,0.018859256,0.029561038
314,330,0.023115291,0.018963783,0.024145079,0.020266212,0.026377449,0.017320114,0.023238563,0.167017557,0.011050904,0.356773169,0.054188816,0.054271771,0.018951071,0.037091447,0.022323264,0.024792278,0.013023355,0.041624529,0.022938813,0.022526535
315,331,0.03447602,0.030127092,0.018225259,0.014499675,0.018431632,0.023628688,0.018880707,0.025193391,0.215088886,0.136311464,0.080197397,0.026053157,0.029031977,0.068012701,0.10763347,0.034686306,0.031344821,0.033736732,0.016779853,0.037660773
316,332,0.016495256,0.02556046,0.036637331,0.033035676,0.081530498,0.015832765,0.025556041,0.050280646,0.020859317,0.348102834,0.060734981,0.021012547,0.019555043,0.034855946,0.023512015,0.029395325,0.025287441,0.034430643,0.055520543,0.041804692
317,333,0.371205675,0.044118779,0.036169362,0.048544456,0.016879597,0.026612606,0.036906234,0.02702025,0.013612503,0.027528912,0.024689008,0.085013514,0.020249474,0.035763079,0.022380791,0.047584723,0.0167916,0.042953488,0.028963862,0.027012088
318,334,0.041199078,0.040390457,0.012277761,0.016179444,0.04645035,0.016840112,0.020851241,0.058002574,0.019456727,0.125664337,0.107737728,0.028609208,0.011571886,0.050607853,0.023905233,0.028340757,0.20111132,0.09891945,0.025892457,0.025992028
319,335,0.032139669,0.012878124,0.035414122,0.044500593,0.02522136,0.422029516,0.022903214,0.031587036,0.030895762,0.010382116,0.024054995,0.030198574,0.054212203,0.031897402,0.035090158,0.027289828,0.025887466,0.022900035,0.054234432,0.026283396
320,336,0.034789066,0.031176181,0.029092924,0.019479479,0.025796957,0.014626306,0.012205356,0.024089215,0.024692701,0.043011498,0.47653831,0.018342575,0.015623676,0.049654352,0.007123585,0.027229505,0.056443531,0.048420049,0.02556354,0.016101191
321,337,0.036935374,0.009529609,0.036651442,0.023162109,0.039128825,0.026662579,0.030009884,0.035439577,0.11514491,0.064156551,0.026042448,0.07653519,0.026902082,0.017693249,0.311208106,0.020853994,0.023919946,0.028540049,0.017994902,0.033489174
322,338,0.028879328,0.024299786,0.048357447,0.017378638,0.022209297,0.02509389,0.03281915,0.053424927,0.03399613,0.024221272,0.03572251,0.467700496,0.023220313,0.030697297,0.019442886,0.040663545,0.009594284,0.016774416,0.029524426,0.015979964
323,339,0.025855628,0.043112487,0.015680308,0.020167608,0.052112843,0.007600078,0.071251543,0.078945143,0.0800902,0.074948837,0.068146254,0.061478768,0.008072129,0.034102962,0.068448078,0.059529615,0.060641435,0.098028066,0.035445797,0.036342223
324,340,0.049057577,0.031314833,0.007394142,0.009183398,0.022584945,0.044055486,0.092925248,0.025628782,0.136199201,0.03900264,0.045519528,0.05511382,0.120758688,0.070548534,0.147751035,0.027079825,0.005450001,0.034471001,0.011273524,0.024687792
325,341,0.065880907,0.020235727,0.083919487,0.177327892,0.026690533,0.064797584,0.022597434,0.025719113,0.031212912,0.015273378,0.041801891,0.025990662,0.057684801,0.059043379,0.027196609,0.100749195,0.06187389,0.027726848,0.029747045,0.034530712
326,342,0.050163478,0.025697273,0.00504746,0.024061191,0.06015945,0.012541232,0.06444061,0.063982818,0.108145576,0.086422183,0.049530843,0.021093567,0.037780054,0.065920373,0.104506316,0.042421841,0.060167524,0.062601815,0.010208326,0.045108071
327,343,0.07024046,0.013557602,0.038499933,0.096602717,0.044300666,0.040261816,0.032582974,0.024334695,0.060881745,0.040428219,0.038866469,0.068298808,0.019364715,0.124015479,0.06148613,0.078480424,0.048132529,0.045459981,0.038627378,0.015577259
328,344,0.074923021,0.056453148,0.047813378,0.038324821,0.071059947,0.041767195,0.033165973,0.01812582,0.032009487,0.030328094,0.046846575,0.033647863,0.060258705,0.077656595,0.018785925,0.054766723,0.103323476,0.071183499,0.029412139,0.060147617
329,345,0.017452927,0.03238626,0.016429028,0.030164477,0.014315116,0.025459355,0.026615056,0.063890924,0.169284903,0.017530596,0.034057426,0.019241466,0.020242049,0.023945915,0.39218886,0.010345171,0.024834816,0.019530858,0.025441005,0.016643791
(HA2)1,346,0.117701758,0.047264628,0.027467176,0.018822775,0.041742628,0.301765515,0.024771708,0.029902638,0.026450036,0.030876757,0.033899008,0.02721465,0.02568857,0.020374857,0.033702566,0.033785527,0.040030108,0.020669193,0.069828049,0.028041853
(HA2)2,347,0.071880065,0.039987425,0.017093232,0.019652902,0.107017725,0.023920102,0.028222298,0.154314789,0.026239803,0.067598467,0.115745481,0.019364297,0.020155611,0.00959341,0.025903594,0.012000334,0.024378178,0.175508855,0.020556242,0.020867191
(HA2)3,348,0.025737981,0.033608161,0.014219531,0.023002279,0.228019332,0.022265446,0.025313259,0.189435171,0.022755923,0.135486339,0.044629421,0.023002726,0.013228267,0.017803771,0.010422381,0.025091512,0.021382579,0.056843615,0.029824966,0.03792734
(HA2)4,349,0.086376154,0.049637691,0.02085099,0.016679785,0.011747908,0.145990331,0.018638491,0.014381951,0.073755931,0.054947884,0.09200733,0.030445603,0.012528648,0.052353361,0.074470534,0.113390544,0.064100532,0.021313607,0.034052244,0.012330481
(HA2)5,350,0.230004521,0.05504524,0.023690026,0.025983644,0.025139908,0.055996372,0.02296134,0.024870748,0.034300385,0.095690705,0.090945079,0.017357261,0.019526106,0.042744428,0.021142638,0.119057749,0.022939657,0.0212768,0.019906941,0.031420451
(HA2)6,351,0.048828218,0.033572034,0.013534074,0.013643348,0.05288164,0.023539469,0.019858946,0.187342869,0.014034547,0.111057822,0.192621199,0.041527833,0.016164173,0.016229437,0.0142376,0.021971891,0.031055671,0.087726025,0.043157427,0.017015777
(HA2)7,352,0.3428645,0.021195497,0.026789467,0.029267544,0.021225459,0.067936291,0.039161358,0.0161092,0.021712352,0.01068405,0.043078426,0.035178592,0.015140202,0.029437014,0.023641535,0.095011623,0.025300975,0.057612984,0.033486288,0.045166644
(HA2)8,353,0.022336991,0.049499243,0.036776013,0.017085086,0.041915873,0.361674962,0.025738868,0.018777429,0.01927507,0.05224516,0.050520715,0.022401809,0.033513142,0.053767183,0.026388148,0.03902997,0.010918665,0.039205133,0.03868337,0.04024717
(HA2)9,354,0.033105,0.031103357,0.019705181,0.052806901,0.338625069,0.020335962,0.020191302,0.041838612,0.038462423,0.021279429,0.040542909,0.037844988,0.02735911,0.015993495,0.008290839,0.028621148,0.015690025,0.036163477,0.11355661,0.058484162
(HA2)10,355,0.035854394,0.05614423,0.016344262,0.013886942,0.042511845,0.009097788,0.013530538,0.274552378,0.012140486,0.149885376,0.068979074,0.030658519,0.023798312,0.051329407,0.014320606,0.023904113,0.026015712,0.113495712,0.009888601,0.013661706
(HA2)11,356,0.035524572,0.023518531,0.04269521,0.34121406,0.043412268,0.028475229,0.048483651,0.05689996,0.039066415,0.023065265,0.037826645,0.028155061,0.039936294,0.044733115,0.030374885,0.021215397,0.028793657,0.031889932,0.018892647,0.035827208
(HA2)12,357,0.010058394,0.006002291,0.015618201,0.011834619,0.060865988,0.004747461,0.134148981,0.0152523,0.023629911,0.032608644,0.020407828,0.269846179,0.033425498,0.076015749,0.002803132,0.075882622,0.067410262,0.003847275,0.009852572,0.125742092
(HA2)13,358,0.032057374,0.044260615,0.043249759,0.042561978,0.029389975,0.354740912,0.050737031,0.043325806,0.027126879,0.023944647,0.026632385,0.026250565,0.031023771,0.048347641,0.020804057,0.040859248,0.047877444,0.021941708,0.010929558,0.033938647
(HA2)14,359,0.023174652,0.045790694,0.043656893,0.030600897,0.035004693,0.024288127,0.022358192,0.038026095,0.025531446,0.026954225,0.03630069,0.033022936,0.028457977,0.050113465,0.025285969,0.02088665,0.030398399,0.022552419,0.383577729,0.054017851
(HA2)15,360,0.031456038,0.052130065,0.118996505,0.117442641,0.048421205,0.020063657,0.015507319,0.035820246,0.016891175,0.059502516,0.08100557,0.052292505,0.02639887,0.038096226,0.011153278,0.05532244,0.058925942,0.052214646,0.02262699,0.085732166
(HA2)16,361,0.066491483,0.133474189,0.03086049,0.026353979,0.017337135,0.237169651,0.031526824,0.019832295,0.027406732,0.028569523,0.049051618,0.029842731,0.027380881,0.035020838,0.0287502,0.05217081,0.03641015,0.070581869,0.018881738,0.032886864
(HA2)17,362,0.018910162,0.026998697,0.027230606,0.007390456,0.10885856,0.002040746,0.022102963,0.037014983,0.048287192,0.223281373,0.277481025,0.023526829,0.022200791,0.023154505,0.015447374,0.044622675,0.022181462,0.015100004,0.0064966,0.027672998
(HA2)18,363,0.054337448,0.083550063,0.01433017,0.035148162,0.090770073,0.000640068,0.04043569,0.058935183,0.060660605,0.069044238,0.076027229,0.034900913,0.005826459,0.062904412,0.037786421,0.048510079,0.073691799,0.056609833,0.01050682,0.085384337
(HA2)19,364,0.022584458,0.041514592,0.301355697,0.084395252,0.024120747,0.0097096,0.061535944,0.034369579,0.019715578,0.018059117,0.022658802,0.077889101,0.039524725,0.028764489,0.016294678,0.046648636,0.070028605,0.039077353,0.012115161,0.029637886
(HA2)20,365,0.052420708,0.049718904,0.0588162,0.016637163,0.022642509,0.411534401,0.025183783,0.013809856,0.014166006,0.051550487,0.042333095,0.015900991,0.030976113,0.016767382,0.023168953,0.027561708,0.023268332,0.043772603,0.033968633,0.025802174
(HA2)21,366,0.014502893,0.054593986,0.044194734,0.029448312,0.028011597,0.013098492,0.029042415,0.025809756,0.025812114,0.028543479,0.041720689,0.046451907,0.030503158,0.032466992,0.016601816,0.038036768,0.02521017,0.010271542,0.439099932,0.026579248
(HA2)22,367,0.014394845,0.037412918,0.022841122,0.008289378,0.135155643,0.003782584,0.042647301,0.031858978,0.020947203,0.05567966,0.018288788,0.019521203,0.014463987,0.035574344,0.018692588,0.019910175,0.04629326,0.015521517,0.012972497,0.425752008
(HA2)23,368,0.063152532,0.044696839,0.028767043,0.049015417,0.074383413,0.360027982,0.018255149,0.020235424,0.035925041,0.029763957,0.011834624,0.034093936,0.015807581,0.038588477,0.03284262,0.035599868,0.008798274,0.015305428,0.030637941,0.052268452
(HA2)24,369,0.016894663,0.017619503,0.012787164,0.015503357,0.270407679,0.007622447,0.025954295,0.021437945,0.01011958,0.022308853,0.019829437,0.013703209,0.016173008,0.017229925,0.013439735,0.08610014,0.024834424,0.027300665,0.167217418,0.193516552
(HA2)25,370,0.03633019,0.039720257,0.015985537,0.03164943,0.020605439,0.008604063,0.010537036,0.050665285,0.079167806,0.039931392,0.089065324,0.030325913,0.013791155,0.121662957,0.207717548,0.029857723,0.025395216,0.036691327,0.044500021,0.06779638
(HA2)26,371,0.013699512,0.028536423,0.025527449,0.018788025,0.114084214,0.010692941,0.329500495,0.056295431,0.015075007,0.027243045,0.040903011,0.039309541,0.015427161,0.039164719,0.016403809,0.038930023,0.01650474,0.039376781,0.022624703,0.09191297
(HA2)27,372,0.055043031,0.034078907,0.035007769,0.106562614,0.057830047,0.008919602,0.050160461,0.060480874,0.034248945,0.075768249,0.061544086,0.003249588,0.002577354,0.068952454,0.022928107,0.044923029,0.0551673,0.05263913,0.098363222,0.071555227
(HA2)28,373,0.022528176,0.062994454,0.030343605,0.018534926,0.037513205,0.040021383,0.030984349,0.019221053,0.044984915,0.029976135,0.027519338,0.40392933,0.024032277,0.033510677,0.014874954,0.034634212,0.037020073,0.01954721,0.022443,0.045386726
(HA2)29,374,0.068374185,0.049572175,0.045178438,0.053904102,0.05517531,0.064536845,0.051230227,0.044778899,0.009732581,0.065925009,0.060276785,0.05981221,0.024758911,0.049606667,0.011282153,0.066982708,0.039996212,0.057031802,0.026053356,0.095791427
(HA2)30,375,0.025418053,0.0207573,0.1694209,0.226469303,0.054268207,0.017110639,0.03010341,0.020062705,0.014209849,0.030670171,0.062250078,0.035219597,0.009522557,0.136567866,0.02305196,0.008281448,0.008617083,0.026095054,0.04223157,0.03967225
(HA2)31,376,0.020079859,0.020201442,0.040651518,0.033523775,0.044716106,0.417606864,0.023504605,0.016371673,0.015407352,0.031542684,0.022090324,0.0340328,0.018665755,0.03337667,0.097979975,0.024163412,0.032089804,0.021189283,0.033012514,0.019793586
(HA2)32,377,0.052770787,0.00722177,0.022194485,0.032074021,0.069373427,0.030771152,0.053654348,0.07115063,0.049402516,0.055922758,0.047250479,0.036646831,0.013507064,0.056626257,0.063853072,0.089827276,0.063433276,0.060646833,0.059110191,0.064562826
(HA2)33,378,0.029352347,0.021953693,0.015357636,0.025615703,0.035499612,0.403023601,0.033393799,0.020659827,0.017120502,0.039123665,0.034317786,0.023305257,0.030971235,0.037762701,0.035041947,0.029032039,0.020478929,0.057136927,0.047531438,0.043321357
(HA2)34,379,0.031354399,0.019270881,0.031601895,0.122842924,0.061060819,0.016024696,0.041036485,0.038566571,0.022933314,0.02704982,0.129666833,0.011135074,0.006195763,0.155516062,0.009653133,0.044258748,0.110812453,0.017408795,0.029156697,0.07445464
(HA2)35,380,0.243453818,0.051751924,0.057237542,0.041068339,0.034244548,0.018043312,0.023860168,0.023400436,0.016875042,0.03468395,0.020807002,0.016437469,0.014896934,0.018328174,0.028085203,0.103270025,0.057838574,0.152335284,0.026783379,0.016598877
(HA2)36,381,0.282675201,0.041727826,0.014612817,0.031670659,0.020896979,0.032102212,0.031170666,0.021798528,0.021336314,0.022176345,0.025253625,0.022505484,0.06364882,0.153346552,0.010623352,0.103130441,0.028772279,0.022722078,0.010712507,0.039117313
(HA2)37,382,0.057927269,0.052666337,0.338242189,0.088779979,0.00941314,0.01836441,0.041893248,0.031319476,0.025356802,0.017146281,0.016638578,0.044891842,0.012079567,0.035130107,0.020125143,0.073097412,0.016178935,0.063579767,0.016250605,0.020918912
(HA2)38,383,0.069832603,0.014702885,0.009675811,0.044020701,0.041222375,0.010176455,0.056991426,0.06194484,0.061244603,0.080963632,0.08421056,0.010739331,0.010347863,0.097017253,0.07800388,0.02658645,0.023813784,0.073557256,0.086211484,0.058736806
(HA2)39,384,0.052243424,0.019241849,0.055517228,0.05718177,0.036869345,0.057681923,0.043048274,0.039232717,0.060921861,0.044822303,0.069007368,0.013045868,0.066112652,0.060489039,0.05869913,0.060467897,0.063317175,0.069823695,0.040086545,0.032189939
(HA2)40,385,0.110372205,0.046179686,0.03446801,0.030122302,0.01651277,0.019788825,0.081606647,0.03115015,0.014491832,0.033345747,0.013703468,0.046333996,0.010053861,0.016993355,0.032159389,0.203119709,0.162070226,0.052522072,0.018482347,0.026523403
(HA2)41,386,0.022035524,0.023599376,0.01658556,0.032089303,0.016419845,0.033164863,0.015224511,0.036280488,0.016279574,0.05283739,0.044822903,0.029010933,0.020115987,0.02483127,0.025871262,0.120508208,0.297077504,0.103196101,0.04155179,0.028497608
(HA2)42,387,0.089405252,0.011803262,0.061251105,0.04874544,0.016876143,0.029968853,0.013379384,0.031486357,0.052475604,0.019815818,0.049491371,0.088512159,0.005167825,0.158798994,0.070199478,0.110549972,0.057422037,0.052872779,0.016376914,0.015401253
(HA2)43,388,0.059622068,0.033618993,0.030867748,0.069190801,0.046019966,0.02357755,0.054211185,0.023509707,0.045427838,0.035899265,0.057080524,0.104791043,0.005841807,0.074383891,0.057760226,0.084130599,0.057817851,0.02916591,0.054219524,0.052863502
(HA2)44,389,0.18558335,0.088876003,0.036649961,0.017674809,0.014686304,0.019689647,0.02766053,0.085477497,0.022879519,0.02163599,0.021265796,0.01760543,0.024266852,0.03164682,0.015836891,0.132319532,0.096232145,0.106238217,0.019480515,0.014294194
(HA2)45,390,0.044708948,0.014186622,0.009404868,0.038837714,0.030924133,0.008483658,0.064062323,0.081138595,0.030935069,0.070032059,0.101087006,0.016379984,0.005888133,0.083181182,0.131613945,0.043946308,0.049523735,0.091068721,0.046136546,0.03846045
(HA2)46,391,0.039933512,0.019201409,0.107303757,0.068122626,0.024121356,0.061251193,0.058694618,0.014539135,0.042328233,0.015222685,0.040770673,0.089251854,0.009357482,0.112396869,0.032252107,0.097340107,0.091028757,0.023040802,0.020700168,0.033142656
(HA2)47,392,0.068553668,0.038230349,0.008988026,0.044299271,0.028504902,0.069955353,0.063530997,0.068151439,0.067335235,0.055992504,0.058405351,0.034109472,0.007588924,0.096826533,0.026068309,0.051853481,0.050112265,0.087877338,0.028847892,0.044768692
(HA2)48,393,0.012718818,0.050985749,0.013271817,0.038552383,0.019272778,0.036717067,0.010338672,0.255146716,0.016673677,0.102172764,0.085200847,0.02631196,0.04856686,0.01693319,0.008645908,0.021879602,0.018498427,0.186882478,0.016460076,0.014770211
(HA2)49,394,0.073738189,0.023422072,0.101073089,0.061402053,0.017283239,0.089233262,0.06351101,0.019945743,0.035773241,0.011151735,0.020611491,0.108830633,0.021903503,0.060826539,0.050082997,0.104778182,0.043078298,0.019032578,0.039343955,0.03497819
(HA2)50,395,0.031966721,0.023522175,0.081835935,0.051546311,0.020765691,0.09712838,0.048138214,0.033678767,0.072590824,0.029399595,0.058292476,0.052868889,0.050014738,0.044140577,0.036482773,0.041388775,0.070624824,0.079556854,0.04350389,0.03255359
(HA2)51,396,0.085912668,0.048912318,0.058834848,0.024690125,0.013362615,0.099167114,0.031635257,0.022692969,0.17515897,0.027122238,0.029598538,0.121768239,0.010698981,0.071584902,0.034788264,0.033739669,0.023132279,0.034994172,0.032999699,0.019206134
(HA2)52,397,0.028460266,0.031662306,0.02014497,0.019251224,0.095592346,0.015291798,0.040459592,0.063403837,0.026715362,0.134892928,0.075307181,0.028949971,0.010541259,0.02896795,0.03867025,0.02226617,0.024928602,0.145052993,0.054447248,0.094993748
(HA2)53,398,0.045614102,0.026886238,0.087873739,0.048039972,0.027414261,0.111388952,0.035171828,0.02468038,0.049515901,0.026251287,0.034723484,0.111464022,0.018718987,0.029380227,0.061466522,0.096746434,0.063000091,0.030545506,0.02953977,0.041578298
(HA2)54,399,0.069579996,0.015724126,0.022775397,0.023076716,0.006880893,0.053790395,0.06439093,0.035917237,0.069657482,0.031959192,0.066203708,0.080632139,0.016773668,0.042717386,0.120024412,0.123601496,0.082360095,0.030081237,0.025857933,0.017995561
(HA2)55,400,0.020374746,0.017401362,0.020633124,0.012605774,0.117623939,0.009507225,0.05482384,0.098649137,0.023721328,0.182602296,0.062781453,0.009441833,0.010287607,0.01074531,0.016963895,0.008127808,0.025422399,0.170968354,0.075266928,0.052051643
(HA2)56,401,0.045594959,0.019534053,0.014876632,0.059252491,0.046549334,0.017790722,0.017562328,0.145602982,0.031159887,0.071497715,0.074160679,0.022451609,0.008535132,0.03649264,0.021770694,0.032938325,0.09832661,0.175503904,0.013030207,0.047369097
(HA2)57,402,0.030087462,0.069674095,0.058871473,0.035640973,0.051964692,0.074589368,0.079567269,0.031669116,0.041057401,0.035185998,0.031215919,0.065862817,0.070986102,0.042448929,0.027908765,0.04545389,0.042971946,0.063659654,0.062344522,0.038839609
(HA2)58,403,0.06184613,0.012863612,0.05504499,0.037431049,0.008926515,0.03871204,0.055549105,0.008807475,0.127997888,0.016661706,0.031192603,0.07204083,0.019270382,0.077510344,0.108108817,0.04898384,0.119205452,0.049644336,0.023136235,0.027066652
(HA2)59,404,0.096676976,0.03413965,0.034171101,0.056941274,0.011708826,0.095183559,0.034041726,0.024317368,0.055641373,0.021715574,0.039071406,0.033563928,0.043825569,0.046219569,0.031979492,0.087801805,0.111419752,0.048181558,0.021244197,0.072155299
(HA2)60,405,0.036407842,0.013681392,0.104087006,0.056062227,0.008594115,0.086902152,0.046338601,0.020598055,0.036140623,0.0312696,0.033830658,0.166054701,0.010078906,0.082790689,0.036094234,0.110420196,0.079968111,0.015377786,0.012687191,0.012615913
(HA2)61,406,0.061455455,0.023871419,0.091506144,0.078322192,0.042493851,0.023554975,0.041249669,0.051587202,0.028636921,0.043568158,0.043044399,0.033344784,0.056040835,0.093812191,0.030421997,0.086821547,0.059291403,0.041651626,0.024409653,0.044915578
(HA2)62,407,0.044612454,0.033422693,0.022574502,0.066624237,0.020061831,0.043585312,0.073949178,0.030877772,0.12281581,0.042990884,0.067251908,0.151011691,0.010053968,0.091329333,0.056508413,0.013381653,0.023445365,0.040666194,0.009995986,0.034840816
(HA2)63,408,0.049382021,0.022328958,0.037581754,0.013351679,0.165724361,0.017979688,0.041057461,0.056838914,0.027299481,0.029790811,0.050165478,0.04298346,0.031527513,0.033164423,0.015330667,0.085687543,0.025266652,0.021147759,0.059820158,0.17357122
(HA2)64,409,0.034618756,0.039262542,0.02700801,0.017587288,0.046292555,0.044424926,0.226285358,0.034128515,0.059683783,0.03205548,0.036079326,0.0498989,0.026175796,0.060198859,0.051124865,0.04322803,0.030307995,0.045153933,0.048772349,0.047712733
(HA2)65,410,0.09155412,0.01433847,0.027542347,0.104650927,0.019031951,0.06628464,0.061642229,0.01385404,0.052127174,0.014640278,0.044289335,0.053473135,0.015702525,0.141668802,0.016275247,0.104347299,0.072084396,0.033393992,0.031397662,0.02170143
(HA2)66,411,0.03729018,0.044941821,0.022358882,0.022487274,0.031684808,0.027962527,0.033812623,0.29187398,0.020209525,0.061651595,0.067190356,0.043224893,0.035561128,0.029031195,0.036615094,0.023921163,0.029956572,0.059261616,0.050200434,0.030764334
(HA2)67,412,0.0300914,0.022880699,0.046151875,0.303366685,0.027936043,0.055091118,0.060606484,0.039137351,0.026558258,0.01503176,0.030746742,0.057313535,0.038819325,0.062893926,0.013213594,0.025243319,0.024843412,0.046283022,0.042536613,0.03125484
(HA2)68,413,0.042625825,0.019961231,0.06578274,0.021797853,0.016673709,0.033266414,0.049130986,0.04255172,0.239469734,0.041725173,0.034577166,0.026258628,0.040305601,0.060521902,0.046490719,0.095037353,0.030435108,0.028027551,0.047752271,0.017608316
(HA2)69,414,0.057201726,0.02248388,0.099882034,0.165263845,0.025739762,0.040754951,0.038776842,0.030889755,0.063433962,0.039647033,0.036743144,0.029269707,0.012925095,0.049866689,0.016151196,0.06397322,0.057646313,0.051918781,0.043085861,0.054346205
(HA2)70,415,0.0527367,0.01916913,0.073146665,0.097786351,0.151037888,0.024986747,0.066995426,0.018730639,0.021150133,0.024282659,0.037007676,0.030264272,0.045860262,0.037757511,0.017236769,0.047648603,0.038472467,0.027462836,0.086870956,0.081396308
(HA2)71,416,0.04960923,0.044152017,0.096073401,0.064386417,0.027740937,0.06746168,0.058806498,0.048196029,0.020313415,0.054738382,0.043137878,0.027856898,0.039587467,0.029484869,0.034250048,0.062279383,0.075786683,0.055242695,0.025665074,0.075230998
(HA2)72,417,0.02118502,0.023268223,0.036174486,0.079031985,0.071921467,0.037021475,0.024688224,0.097662204,0.041373357,0.042068517,0.048659236,0.070191679,0.019361147,0.079149916,0.027949634,0.069659624,0.057691413,0.051610366,0.045522175,0.055809853
(HA2)73,418,0.045259264,0.017130595,0.027569295,0.038342869,0.071548571,0.018103114,0.064948672,0.059632155,0.046841919,0.045762343,0.059974161,0.051690884,0.036698674,0.050112524,0.068214702,0.049705937,0.067806263,0.092987691,0.055568919,0.032101451
(HA2)74,419,0.104243765,0.016235969,0.024749757,0.164557843,0.027169203,0.03637809,0.045688759,0.039784023,0.049106121,0.022122628,0.060558176,0.06304507,0.028610031,0.085439748,0.023103582,0.055480084,0.045762244,0.036969409,0.027357143,0.043638355
(HA2)75,420,0.019404377,0.016017763,0.036042852,0.040665144,0.039134429,0.168704735,0.041140226,0.052032675,0.023422782,0.033668412,0.032046292,0.070463509,0.072295042,0.026989193,0.036611292,0.047086414,0.040266847,0.115580514,0.057720406,0.030707096
(HA2)76,421,0.02813001,0.202084397,0.026777208,0.033553004,0.021971201,0.050201406,0.033360977,0.043469489,0.035877157,0.027478429,0.042247527,0.021529502,0.031476721,0.033064129,0.174995785,0.02759847,0.056507406,0.039327193,0.043692144,0.026657846
(HA2)77,422,0.03392238,0.022173969,0.023889085,0.043590545,0.033032827,0.010705568,0.019161447,0.138263129,0.010182548,0.070043471,0.079713767,0.029383834,0.03664569,0.12176934,0.018267331,0.031304511,0.073744566,0.09387219,0.050209096,0.060124708
(HA2)78,423,0.077642797,0.041573865,0.023991624,0.045954593,0.036360839,0.050806412,0.029386885,0.034213273,0.046607258,0.024475809,0.085165815,0.029096558,0.021090262,0.203401508,0.014883394,0.049928705,0.053960671,0.053861817,0.045287387,0.032310529
(HA2)79,424,0.02863408,0.022122385,0.202909601,0.076369169,0.052249739,0.037063041,0.025651042,0.056768806,0.02482849,0.044228677,0.031371068,0.044872834,0.025690636,0.057729643,0.027904735,0.045917234,0.072241103,0.030023832,0.043863408,0.049560474
(HA2)80,425,0.020934176,0.017698608,0.011939531,0.023119177,0.016922845,0.011096885,0.019485854,0.18513016,0.011378311,0.164630268,0.065318701,0.202664241,0.007742742,0.027378237,0.013031485,0.015700002,0.015028268,0.136064833,0.023788537,0.010947139
(HA2)81,426,0.037237796,0.023831426,0.03226726,0.245916011,0.035617576,0.032610316,0.033033427,0.084845656,0.028382855,0.01209171,0.167812454,0.040883545,0.022375128,0.013507882,0.018488197,0.03403416,0.044629993,0.045898789,0.022131106,0.024404714
(HA2)82,427,0.038304096,0.073136778,0.030562956,0.064666837,0.032833905,0.028472213,0.030091587,0.026269223,0.099686283,0.065252107,0.028094425,0.071243348,0.016458057,0.078302185,0.078176265,0.052652595,0.077944975,0.037781973,0.025611215,0.044458977
(HA2)83,428,0.051580682,0.040311432,0.048049585,0.036858658,0.029834883,0.022385937,0.03430643,0.027442928,0.026821617,0.045561977,0.089799096,0.056150672,0.015002273,0.021423273,0.093893965,0.022836915,0.039633673,0.022795024,0.028416737,0.246894244
(HA2)84,429,0.017484383,0.044238348,0.015252614,0.017878548,0.036236966,0.018926802,0.026489132,0.131994148,0.023080914,0.031943419,0.096587216,0.166520581,0.016042961,0.032335083,0.018186767,0.017814188,0.126020338,0.119159914,0.021687989,0.022119687
(HA2)85,430,0.025123692,0.033156914,0.053475455,0.277616445,0.022780664,0.065126361,0.018371036,0.048663187,0.024768822,0.041458202,0.056288948,0.042228918,0.019043313,0.043603919,0.019464947,0.043270798,0.046853174,0.030526435,0.026518868,0.061659902
(HA2)86,431,0.046000331,0.017165913,0.230898154,0.077232063,0.015980809,0.11519358,0.023291034,0.036597258,0.036125448,0.016768765,0.034423332,0.057043742,0.017629738,0.035152204,0.020212726,0.055008768,0.074133551,0.024392828,0.020500871,0.046248885
(HA2)87,432,0.080548789,0.063153982,0.037590925,0.096216826,0.027957711,0.022639989,0.037771456,0.027222494,0.012635197,0.037502894,0.067066524,0.028172265,0.037942076,0.039518816,0.01147817,0.117465832,0.144904401,0.056117938,0.013303356,0.04079036
(HA2)88,433,0.057565087,0.023770345,0.027352353,0.038678188,0.04724834,0.04412955,0.03582557,0.02839017,0.17805381,0.026272645,0.040629952,0.058393667,0.009105426,0.042315496,0.046454848,0.050821466,0.075147896,0.071635567,0.027439506,0.070770118
(HA2)89,434,0.0628207,0.026831051,0.063618744,0.044092625,0.016690291,0.024996129,0.026080688,0.185342386,0.030326312,0.061591047,0.047516525,0.051789242,0.010651708,0.048116955,0.01590302,0.040524166,0.082599508,0.087671795,0.042354603,0.030482503
(HA2)90,435,0.064787805,0.041782139,0.291960962,0.123571996,0.026252183,0.043319113,0.025279718,0.027566306,0.021667598,0.018204297,0.031957744,0.064171013,0.013922736,0.024107181,0.025339608,0.05391448,0.044938023,0.02287113,0.014102009,0.020283961
(HA2)91,436,0.031254568,0.027371558,0.021112617,0.020363024,0.053487844,0.01564776,0.017651944,0.163668605,0.01427955,0.221253405,0.102862234,0.019560389,0.024961552,0.073519728,0.025213775,0.027107411,0.026963833,0.075330628,0.025912855,0.012476721
(HA2)92,437,0.024661642,0.038340933,0.024653817,0.031709869,0.041870873,0.055029296,0.039037395,0.03676906,0.033489273,0.049529808,0.043037025,0.044271215,0.022923648,0.043387576,0.036777943,0.033063625,0.038271201,0.023416897,0.312446274,0.027312628
(HA2)93,438,0.010981583,0.050758879,0.045920824,0.042356329,0.021477847,0.025103203,0.039387809,0.026555461,0.062561161,0.031886383,0.04893622,0.045576626,0.026806165,0.035083385,0.030238241,0.299859324,0.067044497,0.016892476,0.0452017,0.027371885
(HA2)94,439,0.075816388,0.027250617,0.022556894,0.030568275,0.107142339,0.016109874,0.046433296,0.023360156,0.116287506,0.057293042,0.031548445,0.047461994,0.019110686,0.042328604,0.027307151,0.018739653,0.022938387,0.019570319,0.035801908,0.212374466
(HA2)95,440,0.020995317,0.067341659,0.027105708,0.058824538,0.056205425,0.03055508,0.033889464,0.046697267,0.030791267,0.083847217,0.033645546,0.247934021,0.019888265,0.06598926,0.017923707,0.051285738,0.023305472,0.033879057,0.019005223,0.030890769
(HA2)96,441,0.326233032,0.069983003,0.014822182,0.034445176,0.020425835,0.020773565,0.050249808,0.029164834,0.054297743,0.042433861,0.038289134,0.020034707,0.022342101,0.024574563,0.032879777,0.042338673,0.024595615,0.068089608,0.027864419,0.036162364
(HA2)97,442,0.036752117,0.010527473,0.154351498,0.247751966,0.055147445,0.08084375,0.020602308,0.023041759,0.027688744,0.007992336,0.046718797,0.048746103,0.01724531,0.042018387,0.016714224,0.016943972,0.029493312,0.025958929,0.04450389,0.046957679
(HA2)98,443,0.032870884,0.069985266,0.014457214,0.015029963,0.061525833,0.014121507,0.02933105,0.053999309,0.015654172,0.164258218,0.08704884,0.028179282,0.017572231,0.094134728,0.021234616,0.020414918,0.084275923,0.100893477,0.050070159,0.02494241
(HA2)99,444,0.09227121,0.024869556,0.015870842,0.040458337,0.053220496,0.014657565,0.019492004,0.145056483,0.012775204,0.16126758,0.088226521,0.014929156,0.009293415,0.070418836,0.015371391,0.025775918,0.029275017,0.067404145,0.046459622,0.052906704
(HA2)100,445,0.021091478,0.019150908,0.015004898,0.024055065,0.025708606,0.02438712,0.019463387,0.073643941,0.020863549,0.032859621,0.015734641,0.026356301,0.015275777,0.024427655,0.01440827,0.012554459,0.281963443,0.243539527,0.054756664,0.034754691
(HA2)101,446,0.120241819,0.023643477,0.039488759,0.048515583,0.01822191,0.031434544,0.028545778,0.018710179,0.052031187,0.052508352,0.049534919,0.128614406,0.007213659,0.064569834,0.068638818,0.110647041,0.066532853,0.02269215,0.020172103,0.028042631
(HA2)102,447,0.031947872,0.012284218,0.025562974,0.061797286,0.065060039,0.009578997,0.032387909,0.065532935,0.015717332,0.147092628,0.085044481,0.023322578,0.013916783,0.027672207,0.023184484,0.039756598,0.054998364,0.109208491,0.06069687,0.095236954
(HA2)103,448,0.017299244,0.030603739,0.049238237,0.316884535,0.027636814,0.054615853,0.035261226,0.024527962,0.065169339,0.026487233,0.03547471,0.107012672,0.011623,0.053640983,0.013573495,0.03964773,0.023914216,0.024646313,0.022833554,0.019909144
(HA2)104,449,0.037208091,0.021909584,0.049738322,0.033279234,0.036268279,0.023330693,0.030958363,0.02470717,0.054541061,0.024978459,0.035540097,0.282728927,0.016190079,0.034963373,0.059392281,0.084684367,0.019011009,0.018164024,0.070937449,0.041469138
(HA2)105,450,0.017468183,0.022148848,0.03485624,0.118273007,0.045425702,0.041165687,0.033242033,0.021309671,0.049524901,0.036162131,0.029365946,0.030928049,0.018061777,0.225095675,0.012899034,0.04884245,0.107577208,0.042292757,0.043735139,0.021625561
(HA2)106,451,0.053561365,0.011178004,0.02337355,0.094276825,0.043896943,0.035981625,0.185531254,0.038679678,0.041169962,0.044222193,0.080905993,0.034582672,0.022671756,0.094354741,0.051008319,0.012054029,0.024832672,0.031771194,0.043233298,0.032713927
(HA2)107,452,0.031285392,0.013637195,0.024333763,0.01923111,0.02912187,0.014217941,0.013725049,0.114244375,0.023360974,0.031864789,0.060467721,0.014007847,0.057024364,0.031023255,0.012087769,0.025868482,0.33994316,0.105664072,0.015677093,0.023213777
(HA2)108,453,0.027865152,0.016288277,0.014146571,0.023364276,0.016928531,0.048464128,0.033467605,0.22585738,0.020988415,0.140217368,0.057913729,0.018252025,0.013356726,0.045412502,0.024526383,0.015946326,0.019866099,0.152683321,0.012448257,0.072006927
(HA2)109,454,0.07468864,0.012148378,0.149063257,0.119694301,0.039990398,0.018901769,0.096626126,0.036708176,0.030011005,0.036997065,0.054385301,0.024446459,0.009393344,0.060398867,0.018276203,0.034425622,0.05506045,0.037061583,0.051562793,0.040160263
(HA2)110,455,0.074189731,0.016468693,0.014819316,0.017950976,0.085453329,0.010265535,0.019788934,0.037947843,0.023546825,0.140838278,0.120657386,0.022732356,0.028135091,0.045404748,0.009702088,0.018583181,0.054727235,0.113513834,0.069669326,0.075605298
(HA2)111,456,0.068718147,0.083122973,0.028684139,0.037250053,0.083431729,0.027235424,0.016094319,0.030917628,0.017225591,0.133242565,0.076591723,0.044623386,0.019645084,0.021788835,0.013609862,0.02135203,0.212705524,0.013365455,0.021656052,0.028739482
(HA2)112,457,0.118548418,0.015153436,0.211525538,0.079339078,0.039505675,0.024158544,0.01638602,0.026399769,0.032573343,0.01528754,0.059610429,0.041191293,0.018649088,0.071114259,0.024875068,0.033619505,0.051426124,0.032603997,0.042544689,0.045488185
(HA2)113,458,0.056370953,0.022375527,0.110696148,0.052898167,0.032555542,0.074968351,0.074986402,0.049877529,0.041033255,0.05631413,0.034714547,0.078754436,0.011650418,0.049835542,0.046071853,0.06694288,0.045786511,0.019285745,0.034238303,0.040643761
(HA2)114,459,0.055821666,0.026440741,0.032931571,0.123243202,0.082997954,0.008668386,0.046477419,0.035729309,0.063391598,0.061026364,0.041987327,0.026325987,0.012229009,0.068785324,0.012698613,0.039675758,0.092127872,0.06327535,0.04814789,0.058018658
(HA2)115,460,0.02533079,0.013868636,0.0205364,0.025462151,0.038879565,0.022912192,0.018819984,0.052064475,0.044476868,0.022481551,0.229858575,0.0187112,0.080895912,0.035071713,0.023796854,0.026703591,0.079208549,0.050027708,0.125210797,0.045682489
(HA2)116,461,0.054655218,0.031343527,0.030400875,0.063866459,0.014739795,0.068754492,0.023567165,0.029445038,0.117853839,0.04684423,0.047744701,0.068403824,0.010444103,0.085965766,0.062205558,0.088932828,0.0572281,0.051782536,0.015665852,0.030156094
(HA2)117,462,0.061576815,0.020206455,0.016029875,0.029150614,0.030724414,0.041509909,0.058813459,0.049894126,0.116438799,0.063378375,0.031242663,0.05568813,0.010504347,0.142764055,0.075262501,0.065669354,0.041089933,0.037065005,0.029324561,0.023666609
(HA2)118,463,0.025708088,0.037619054,0.028104972,0.023678966,0.052178231,0.018636214,0.030724378,0.054035363,0.018938964,0.332269035,0.051040324,0.041359146,0.035661378,0.050561917,0.019536752,0.057204266,0.018025663,0.046362737,0.020399592,0.037954961
(HA2)119,464,0.026558137,0.018718123,0.018393668,0.111487171,0.213847129,0.005350372,0.047841376,0.038869291,0.01119511,0.026597739,0.037467327,0.017773329,0.019702294,0.021590055,0.016902657,0.017260274,0.018118046,0.071275345,0.144931529,0.116121026
(HA2)120,465,0.061367957,0.020718308,0.037244092,0.098259937,0.019897815,0.026302217,0.035033128,0.045161405,0.033716018,0.081535865,0.21413285,0.008838192,0.005876681,0.061538913,0.024915307,0.055696403,0.043936675,0.050027325,0.032869185,0.042931725
(HA2)121,466,0.057024365,0.010056522,0.061280906,0.04910601,0.037742353,0.033676425,0.061664555,0.022625655,0.081566604,0.034771566,0.058752842,0.055190819,0.008491663,0.04057121,0.104646251,0.064349645,0.06336074,0.051101915,0.030598351,0.073421602
(HA2)122,467,0.02408727,0.045000847,0.031558693,0.013466498,0.027191812,0.02928832,0.038901067,0.054667029,0.039291724,0.029439486,0.037833682,0.027270731,0.053551549,0.01976094,0.022019597,0.016795682,0.258997118,0.197110352,0.020722008,0.013045593
(HA2)123,468,0.069518073,0.020021094,0.027829142,0.078157625,0.027340513,0.060830245,0.027079833,0.018659666,0.190659294,0.01794897,0.034083557,0.050018872,0.009671508,0.027271329,0.133547411,0.072504948,0.070858225,0.029179054,0.024920313,0.009900327
(HA2)124,469,0.062569454,0.033579312,0.032695557,0.046347019,0.031826256,0.0391706,0.046258023,0.055248097,0.076854926,0.077556244,0.075047101,0.07578875,0.007671539,0.047457078,0.050043803,0.066112176,0.055555239,0.033276872,0.035143241,0.051798712
(HA2)125,470,0.049709662,0.036111004,0.032854432,0.019479715,0.034051851,0.011031391,0.024431073,0.073071521,0.04317683,0.115837881,0.167845302,0.036086689,0.024282167,0.096805195,0.019794329,0.042352877,0.066672666,0.074094708,0.009319578,0.022991128
(HA2)126,471,0.05053752,0.037852717,0.022117369,0.018792091,0.103648072,0.020334748,0.02062382,0.018240542,0.02064761,0.391366597,0.041367897,0.025469398,0.035900853,0.039923253,0.027729272,0.037575616,0.02092528,0.020549188,0.022347456,0.024050702
(HA2)127,472,0.045910579,0.021031011,0.041335233,0.170611371,0.018552794,0.076216627,0.113127009,0.014958069,0.044034618,0.02249269,0.048997209,0.036640937,0.01022089,0.051301962,0.14222499,0.063569853,0.014262304,0.017371847,0.024075143,0.023064863
(HA2)128,473,0.076025304,0.020324534,0.060467785,0.212808077,0.035916683,0.052466725,0.02654567,0.022813025,0.025066556,0.058005785,0.044540326,0.066988718,0.022297374,0.043567107,0.015953869,0.084260707,0.053645972,0.016211933,0.033423293,0.028670558
(HA2)129,474,0.021169705,0.051078561,0.047000611,0.073222258,0.030264273,0.013300312,0.021081061,0.030820209,0.063755754,0.014994443,0.047829335,0.351659045,0.032440773,0.023258553,0.012562647,0.031887102,0.017845344,0.069629723,0.017801381,0.028398911
(HA2)130,475,0.221954184,0.02135625,0.095091866,0.025126109,0.017567452,0.077274745,0.008815056,0.210201253,0.010915809,0.024115141,0.037891193,0.024439704,0.015696032,0.043189683,0.014369934,0.058076741,0.043562412,0.013221793,0.018360209,0.018774435
(HA2)131,476,0.02240639,0.010299977,0.03959829,0.165808533,0.131066833,0.029720048,0.018238116,0.035735909,0.078616643,0.024431435,0.025309472,0.075521702,0.033243547,0.019443018,0.012193625,0.02959927,0.057460367,0.148210791,0.01452918,0.028566855
(HA2)132,477,0.023364361,0.077743813,0.180958135,0.039412729,0.027324086,0.088672443,0.059431661,0.072702707,0.069075221,0.036121756,0.01327085,0.09058177,0.02937578,0.016919105,0.019654026,0.035360559,0.029330058,0.027047707,0.047941435,0.015711801
(HA2)133,478,0.01698179,0.013445973,0.049722916,0.055852488,0.009145417,0.011227806,0.011606296,0.144690482,0.025983309,0.13466441,0.135991924,0.006524609,0.010830736,0.152581041,0.011457199,0.017369042,0.1180741,0.04428101,0.013447368,0.016122083
(HA2)134,479,0.0677439,0.089973617,0.026931454,0.019660841,0.020493444,0.220843994,0.03118922,0.021982954,0.031689689,0.026475669,0.049521047,0.029266945,0.022113864,0.05074143,0.04984497,0.127952383,0.014703511,0.026179495,0.019036899,0.053654674
(HA2)135,480,0.026265464,0.027059349,0.049054412,0.008454645,0.038985924,0.029588636,0.052474227,0.029230639,0.030243002,0.028605601,0.02604506,0.230293612,0.048363259,0.033052541,0.020226701,0.043685505,0.076479814,0.130522414,0.024769525,0.046599669
(HA2)136,481,0.023671489,0.050225878,0.034648677,0.030437858,0.028651147,0.268570107,0.027281115,0.014508818,0.014639988,0.062850457,0.032759623,0.021588781,0.040784476,0.11780949,0.028896877,0.043618638,0.017391373,0.019182562,0.061086301,0.061396344
(HA2)137,482,0.080377967,0.217731261,0.029410964,0.021175455,0.032277506,0.010558685,0.011293377,0.0400912,0.021618994,0.073007899,0.025391334,0.019607903,0.064418942,0.028150065,0.02370836,0.03387069,0.025450974,0.012889439,0.189727578,0.039241408
(HA2)138,483,0.03749354,0.029332835,0.059564404,0.021259639,0.243764331,0.038073228,0.027437118,0.045270637,0.023146154,0.161998983,0.043481692,0.040352441,0.02628611,0.017516158,0.042918262,0.034569999,0.022866247,0.048966158,0.01680657,0.018895495
(HA2)139,484,0.019834604,0.028689858,0.012553594,0.020585738,0.054014346,0.021742981,0.061921865,0.047135265,0.117878619,0.091445392,0.114608892,0.013822511,0.014909208,0.056465259,0.074507846,0.033471064,0.0905028,0.036638895,0.037876485,0.051394779
(HA2)140,485,0.024030198,0.056581198,0.012226127,0.022311751,0.01469464,0.086233383,0.023556756,0.225548312,0.040859353,0.096114752,0.050147872,0.066350692,0.025274817,0.06530071,0.028305579,0.02081199,0.057730868,0.043266927,0.013433533,0.027220541
(HA2)141,486,0.027251189,0.042920933,0.011792178,0.058032868,0.079829531,0.0275941,0.131029644,0.012490584,0.096019829,0.042798166,0.02220804,0.066587489,0.0093828,0.019810694,0.039618404,0.010323252,0.008539943,0.042858104,0.113345095,0.137567156
(HA2)142,487,0.018871264,0.070123211,0.080252123,0.02576512,0.043883624,0.04221905,0.199331798,0.014348253,0.025915758,0.012895406,0.035334458,0.070415118,0.028964324,0.032363721,0.130015714,0.021212599,0.013522225,0.023772578,0.064140228,0.04665343
(HA2)143,488,0.057441034,0.022451968,0.022334148,0.168604263,0.040663344,0.030909349,0.04171266,0.020911472,0.07200105,0.101508082,0.039208985,0.083123301,0.039343328,0.046757318,0.057257641,0.039002072,0.036811606,0.030130148,0.019688299,0.030139933
(HA2)144,489,0.065655068,0.27848381,0.027083193,0.049598948,0.03662076,0.027580867,0.039053675,0.026108197,0.033922421,0.074521112,0.024254379,0.091941745,0.041073541,0.019061712,0.021609401,0.017482707,0.016529,0.032911908,0.030370572,0.046136983
(HA2)145,490,0.009381004,0.021222107,0.269914361,0.020381364,0.020431523,0.041997716,0.015406776,0.03188042,0.029658992,0.008818336,0.021304924,0.080505151,0.229334508,0.012638782,0.046444152,0.017881169,0.026094499,0.022524985,0.016759736,0.057419496
(HA2)146,491,0.036137362,0.014061756,0.218772571,0.05767635,0.023398273,0.050350795,0.044939371,0.043968209,0.028440844,0.041705534,0.03562516,0.145040387,0.016884512,0.019936201,0.025560065,0.053034224,0.059120327,0.048728241,0.010477554,0.026142265
(HA2)147,492,0.056760431,0.009140807,0.062138901,0.073807241,0.035101546,0.081815182,0.057961635,0.046134226,0.039086729,0.028530151,0.046875432,0.056256252,0.018953025,0.050214233,0.045537225,0.070557419,0.048583323,0.045146702,0.062137693,0.065261849
(HA2)148,493,0.039701416,0.256063119,0.033563858,0.024720037,0.042841439,0.019311693,0.02287038,0.016316803,0.021582569,0.068587981,0.03439082,0.033792536,0.017609482,0.02279897,0.02545844,0.064848044,0.02220446,0.035725799,0.066994373,0.130617782
(HA2)149,494,0.020342673,0.0161335,0.020860094,0.060954025,0.05588186,0.036424561,0.014681486,0.240502877,0.027012261,0.114736648,0.06971288,0.035956046,0.041234394,0.017834987,0.024670147,0.017642274,0.028522193,0.075674348,0.021466945,0.059755801
(HA2)150,495,0.091133433,0.021809857,0.052997061,0.082076364,0.03060874,0.05190366,0.063335378,0.042128295,0.031216517,0.04141592,0.062149805,0.056562599,0.009236923,0.0751731,0.045773708,0.054461234,0.046418856,0.047764703,0.050588814,0.043245034
(HA2)151,496,0.134165264,0.031232252,0.028218293,0.055385259,0.014958071,0.048647776,0.035698375,0.016067939,0.043814821,0.068027353,0.079312445,0.045482265,0.029607761,0.068032004,0.069139268,0.122700579,0.053207104,0.015051371,0.010980229,0.030271571
(HA2)152,497,0.038702731,0.028100729,0.036671605,0.01822736,0.073083642,0.025897762,0.016418373,0.186958382,0.030441077,0.073433058,0.023326843,0.013143765,0.017657999,0.034081988,0.04418186,0.014146744,0.049422615,0.061763427,0.187467524,0.026872518
(HA2)153,498,0.033964178,0.053655626,0.015535188,0.033715923,0.014326077,0.016609883,0.018645773,0.116831613,0.022598244,0.086377824,0.082530907,0.013701937,0.015894945,0.050143777,0.109221754,0.014220124,0.069771035,0.157964542,0.020932415,0.053358237
(HA2)154,499,0.060901133,0.01829566,0.052792633,0.053005184,0.028491406,0.029577652,0.045546424,0.031014516,0.048182912,0.042574032,0.040848569,0.19839461,0.016250334,0.097116676,0.028886088,0.059501343,0.041238079,0.015748357,0.042815622,0.04881877
(HA2)155,500,0.036669826,0.015425383,0.063004556,0.070431337,0.105129515,0.157031172,0.032950302,0.010784435,0.035989664,0.027611807,0.038229487,0.064287654,0.146582291,0.034587055,0.019324786,0.044615426,0.017670918,0.026432324,0.038357835,0.014884228
(HA2)156,501,0.048542972,0.014541113,0.023307154,0.051501985,0.020343376,0.023292056,0.048410156,0.052867425,0.071608268,0.02479347,0.091954058,0.038115063,0.016138381,0.030520191,0.037062804,0.069365118,0.191649373,0.066916706,0.047621093,0.031449236
(HA2)157,502,0.023756874,0.034594963,0.071217078,0.031415601,0.18383848,0.034506626,0.142751184,0.020980909,0.015058569,0.040605583,0.025345756,0.029450976,0.018883219,0.015201568,0.015653492,0.022611606,0.015892421,0.013818816,0.041291366,0.203124912
(HA2)158,503,0.050782786,0.03211778,0.09702966,0.03761075,0.024588365,0.014036218,0.022319805,0.067916651,0.09115094,0.052890003,0.059544275,0.04215141,0.017735721,0.078135975,0.070661281,0.045933806,0.040966474,0.076316138,0.031097903,0.047014059
(HA2)159,504,0.10785883,0.021117913,0.01295372,0.073823409,0.015583438,0.016916117,0.114466427,0.069467621,0.012076264,0.021456038,0.028851911,0.049054918,0.073980239,0.031477918,0.011882155,0.066608909,0.162452747,0.041547187,0.035805153,0.032619085
(HA2)160,505,0.047881871,0.012429705,0.047664455,0.053057159,0.063178497,0.034311107,0.044615929,0.051289953,0.058202451,0.061045009,0.088725071,0.06223111,0.004470619,0.045648979,0.053790305,0.04979899,0.085952812,0.033712406,0.066122623,0.03587095
(HA2)161,506,0.058095269,0.014548575,0.062264662,0.026950123,0.057509052,0.028577105,0.057378671,0.041540699,0.102141569,0.056800691,0.059195771,0.048190343,0.023692673,0.042228277,0.061901265,0.040833022,0.047218306,0.06588987,0.040841489,0.064202567
(HA2)162,507,0.03950984,0.021765247,0.042393895,0.020067753,0.106522503,0.045821003,0.052315249,0.012308613,0.0272849,0.047513298,0.015297027,0.034006483,0.027046233,0.029909809,0.02661973,0.029879786,0.025392663,0.01900481,0.135050121,0.242291036
(HA2)163,508,0.069521181,0.063711575,0.067505358,0.02225973,0.020725873,0.024195477,0.069143235,0.067786734,0.032657087,0.045652789,0.034935317,0.081690819,0.032052339,0.036564113,0.203913135,0.017306209,0.031173835,0.04648183,0.011889393,0.020833973
(HA2)164,509,0.074136634,0.015553819,0.056810122,0.055118011,0.037814052,0.029209264,0.040516618,0.041745502,0.029749937,0.036250917,0.0474458,0.077354145,0.030879581,0.098489966,0.04554046,0.062093522,0.057817091,0.059353479,0.021886611,0.08223447
(HA2)165,510,0.064343751,0.023271847,0.02558383,0.21687233,0.038224743,0.045963731,0.015550012,0.096758399,0.066373451,0.041865598,0.045082486,0.016981449,0.033812293,0.069880412,0.017561251,0.023600106,0.041155521,0.062927715,0.012965906,0.041225169
(HA2)166,511,0.266472137,0.03359343,0.034869387,0.047356869,0.026781369,0.046747036,0.019829604,0.035933087,0.047212429,0.125089679,0.019723317,0.033446402,0.034051614,0.018640624,0.012655308,0.061456037,0.041387193,0.038500225,0.038526609,0.017727645
(HA2)167,512,0.02960064,0.009302971,0.039926569,0.012922318,0.088428407,0.021464755,0.032515552,0.094831266,0.052942127,0.143364827,0.070790678,0.054629942,0.033088769,0.038659821,0.078686607,0.028373572,0.025869151,0.07744549,0.029868618,0.037287921
(HA2)168,513,0.081368696,0.034909425,0.033359035,0.03929554,0.068963005,0.047096079,0.023636567,0.061524001,0.046302728,0.048414885,0.039377727,0.066158106,0.009083865,0.086255313,0.04699534,0.058783135,0.060289569,0.042943681,0.052495932,0.052747372
(HA2)169,514,0.040507569,0.030232044,0.035360165,0.015677731,0.012253979,0.048546488,0.061833222,0.035217303,0.113566312,0.042388062,0.046508817,0.135674744,0.02543916,0.021244645,0.100678288,0.019303452,0.054419307,0.058245851,0.043435692,0.059467166
(HA2)170,515,0.027586947,0.029103334,0.023987822,0.093420703,0.032745744,0.02119359,0.0331733,0.025383489,0.036026093,0.05197354,0.028160519,0.038824367,0.025680834,0.069275522,0.256675046,0.021129065,0.020513362,0.048816738,0.055164665,0.061165318
(HA2)171,516,0.091134755,0.027596078,0.015947527,0.013986902,0.148483755,0.053522944,0.026197475,0.044947913,0.021720286,0.089367587,0.068180769,0.021835233,0.041087962,0.06297747,0.023456881,0.02241117,0.044018463,0.023162242,0.076931878,0.083032709
(HA2)172,517,0.061445483,0.011649844,0.030026127,0.042491729,0.086917941,0.058510497,0.092866041,0.019672067,0.065756097,0.070864243,0.041735453,0.05835283,0.049140129,0.064460699,0.051074875,0.044078856,0.028135085,0.036485645,0.058819545,0.027516814
(HA2)173,518,0.023066933,0.01976319,0.022304552,0.008951797,0.023684569,0.019051338,0.02104322,0.223206301,0.01792158,0.163627323,0.049592191,0.09668368,0.023787495,0.025260707,0.015979964,0.048821696,0.021422612,0.121915538,0.029754718,0.024160597
(HA2)174,519,0.042267265,0.030351751,0.062949932,0.048681701,0.049040855,0.060362126,0.055966575,0.073829758,0.051817913,0.04361095,0.047952407,0.1052809,0.067970002,0.0325833,0.061790493,0.026611167,0.02329016,0.033837902,0.027316397,0.054488446
(HA2)175,520,0.085812378,0.02571474,0.025449337,0.051744074,0.042378209,0.077958413,0.049888657,0.042978912,0.048634842,0.033476875,0.055903672,0.042495274,0.064990989,0.060252438,0.05912448,0.035018398,0.048354314,0.050570119,0.046768107,0.052485772
(HA2)176,521,0.044145262,0.025841571,0.022365158,0.025405407,0.050666147,0.011543203,0.043753278,0.124669918,0.018050547,0.117684661,0.070062381,0.044409084,0.024233507,0.038200546,0.034007692,0.029676909,0.090901508,0.138640868,0.016393472,0.029348881
(HA2)177,522,0.070786281,0.007045762,0.061704013,0.106181279,0.030114007,0.025440531,0.030013773,0.09925477,0.069584558,0.055427624,0.044167699,0.071933302,0.02707194,0.069631912,0.024727387,0.040353367,0.042498703,0.041817243,0.032249688,0.04999616
(HA2)178,523,0.020035107,0.154788704,0.010389859,0.101828229,0.041209317,0.011350275,0.017315223,0.068790286,0.010653649,0.133701915,0.107398507,0.017298985,0.016441799,0.016776334,0.03215648,0.024970463,0.027607783,0.062730369,0.07698732,0.047569398
(HA2)179,524,0.048678756,0.019946924,0.025446388,0.051563181,0.041498451,0.045031747,0.052220866,0.060362782,0.081632035,0.047134236,0.075524126,0.035549746,0.020703659,0.059419694,0.074214433,0.068349507,0.057890352,0.037542431,0.052241217,0.04504947
(HA2)180,525,0.034303534,0.039041854,0.051848006,0.069294603,0.047512566,0.036667615,0.051409218,0.004456192,0.121937852,0.050780322,0.046786768,0.044159106,0.027676844,0.023637153,0.034330298,0.057551518,0.042583592,0.077526496,0.05110288,0.087393585
(HA2)181,526,0.038039905,0.017176948,0.016575913,0.049875897,0.030831726,0.063105668,0.027998142,0.032841405,0.093046749,0.030390313,0.046828924,0.052279379,0.031396128,0.137706278,0.047970057,0.059008379,0.048883843,0.048397885,0.114272169,0.013374291
(HA2)182,527,0.064278787,0.024445479,0.02071612,0.038271101,0.069053144,0.046207021,0.039619419,0.106993826,0.029779242,0.03428217,0.126726922,0.073725884,0.033643237,0.022833948,0.078759886,0.017456778,0.038745073,0.051118432,0.018751931,0.0645916
(HA2)183,528,0.037691436,0.027603684,0.03369811,0.052428904,0.062809967,0.050858068,0.026561946,0.032564776,0.050387897,0.077285006,0.043936695,0.103318672,0.057647042,0.038904448,0.068402861,0.037043182,0.050399884,0.051245188,0.055643048,0.041569185
(HA2)184,529,0.044767269,0.034579197,0.095432909,0.098842668,0.048937513,0.03449208,0.044821252,0.028020824,0.056521867,0.043922422,0.029749372,0.028928929,0.030645766,0.053258385,0.012927261,0.067458193,0.056102332,0.062991946,0.065127685,0.062472131
(HA2)185,530,0.048363888,0.036942913,0.07643266,0.03486725,0.054526742,0.04634244,0.03407824,0.055081468,0.027188499,0.050158308,0.086114341,0.049630992,0.034091887,0.044484766,0.02434851,0.036492476,0.0437576,0.054398585,0.086014518,0.076683918
(HA2)186,531,0.066789086,0.067818673,0.018031259,0.018652154,0.095028959,0.044466216,0.008597044,0.102864291,0.018220719,0.06900142,0.05329106,0.055443164,0.062948221,0.043045625,0.010873069,0.016518658,0.057469307,0.09608917,0.023364065,0.071487841
(HA2)187,532,0.052219071,0.055932601,0.018392843,0.056506038,0.087814178,0.049682155,0.0440471,0.068258795,0.023985747,0.100259588,0.096677208,0.02340528,0.049099009,0.056573189,0.010270366,0.037546173,0.060542175,0.070838044,0.007542558,0.030407883
(HA2)188,533,0.010084761,0.046211851,0.015853313,0.016332944,0.023312113,0.060490592,0.01798909,0.017931219,0.020413825,0.027887165,0.050689697,0.018367421,0.011895698,0.021348576,0.05005049,0.007088344,0.011940795,0.009305213,0.537438548,0.025368345
(HA2)189,534,0.015232596,0.022068022,0.033123225,0.020334638,0.142369927,0.02516849,0.029625333,0.234184167,0.017614574,0.042260918,0.124577679,0.024014373,0.011319009,0.044742476,0.01005985,0.058044451,0.036179629,0.037653085,0.018421006,0.053006554
(HA2)190,535,0.030781112,0.065390858,0.021568589,0.022911481,0.04562004,0.018205904,0.024427385,0.020962806,0.028603937,0.040294403,0.024915774,0.022009551,0.088041555,0.078786469,0.006638509,0.332475458,0.042921632,0.011555237,0.01981243,0.054076869
(HA2)191,536,0.10538734,0.051511986,0.016658397,0.015310995,0.169782885,0.058724135,0.027589375,0.034051689,0.008480583,0.090605864,0.030803212,0.031642812,0.032834933,0.01153455,0.027318306,0.116176523,0.067329167,0.035985062,0.037632656,0.03063953
(HA2)192,537,0.43935428,0.02224528,0.03148469,0.016692784,0.02017225,0.008291656,0.023494868,0.016741368,0.02308987,0.009088215,0.031269755,0.01857056,0.030230516,0.018898131,0.00723516,0.100694858,0.102769678,0.036885944,0.018120976,0.02466916
(HA2)193,538,0.029905171,0.011462859,0.032314834,0.069455572,0.013054739,0.028704424,0.03000978,0.259765172,0.033494037,0.011844001,0.133984175,0.063258014,0.008546348,0.015251802,0.025660283,0.076091031,0.065609629,0.041058572,0.033040492,0.017489064
(HA2)194,539,0.058342386,0.049544824,0.054906821,0.200190782,0.013550967,0.01626437,0.020219448,0.013002705,0.01888918,0.023784952,0.023875631,0.023587735,0.026487784,0.027211651,0.006024157,0.267815792,0.071568606,0.022918278,0.042426753,0.019387178
(HA2)195,540,0.063057796,0.071237098,0.080336737,0.035693336,0.039921822,0.10182208,0.085683589,0.036357264,0.008412884,0.056435415,0.050222103,0.106686065,0.016431447,0.06613532,0.009883313,0.046557922,0.039641907,0.029937117,0.017454363,0.038092423
(HA2)196,541,0.053239097,0.06400561,0.074793745,0.041690478,0.062846344,0.053191041,0.100791524,0.036571172,0.047396753,0.070638107,0.05336618,0.027106368,0.014935025,0.035572372,0.014356047,0.041003948,0.039048897,0.050289479,0.064623336,0.054534477
(HA2)197,542,0.016591438,0.082856009,0.039326017,0.093780412,0.07390137,0.077599036,0.020258561,0.061675156,0.007791411,0.055758019,0.107756195,0.015545998,0.021553409,0.034764106,0.010900706,0.024766049,0.058820678,0.079777309,0.074892909,0.041685212
(HA2)198,543,0.048115851,0.062615234,0.038100991,0.04426304,0.061589801,0.042089741,0.016402783,0.131528389,0.00891521,0.062503158,0.030986689,0.012205979,0.050741465,0.047207078,0.030103491,0.05877803,0.073593054,0.059652801,0.063781228,0.05682599
(HA2)199,544,0.048470672,0.050729509,0.048456689,0.050947573,0.019469849,0.047350817,0.061138568,0.06141505,0.122610029,0.038373099,0.031472921,0.056518924,0.024663584,0.069715937,0.016661915,0.0420887,0.037371314,0.041489102,0.084473267,0.04658248
(HA2)200,545,0.044314591,0.056606937,0.047825138,0.058009877,0.085199604,0.064333007,0.014535626,0.059350749,0.043984106,0.076164977,0.055680975,0.056528744,0.03236703,0.030850599,0.011459235,0.067342054,0.069029838,0.066106847,0.039618481,0.020691585
(HA2)201,546,0.082835093,0.082004767,0.03723184,0.032058307,0.032157726,0.080610483,0.014969371,0.058285029,0.007707588,0.05333772,0.039595473,0.046625587,0.079892378,0.014867231,0.012140764,0.072027442,0.071013837,0.089266666,0.023621749,0.069750949
(HA2)202,547,0.035557755,0.029785071,0.072271133,0.079194289,0.094884886,0.048683181,0.042205045,0.045619916,0.079384778,0.047011275,0.064769413,0.063116405,0.007124553,0.063303511,0.009066737,0.041036578,0.031119158,0.044936041,0.053630038,0.047300237
(HA2)203,548,0.03274087,0.0432255,0.11260055,0.090684895,0.049876035,0.055610682,0.026675902,0.039079866,0.004362938,0.084248928,0.023950021,0.073721925,0.013728464,0.030024721,0.03843114,0.071065935,0.098912914,0.039383437,0.052322281,0.019352998
(HA2)204,549,0.035845312,0.069424461,0.007886773,0.021273072,0.0329474,0.089321996,0.010027048,0.067184491,0.00955445,0.028885257,0.108526875,0.006969475,0.01674079,0.007599481,0.014211921,0.039786166,0.040391482,0.175322644,0.201594434,0.016506473
(HA2)205,550,0.0672972,0.043993147,0.037458858,0.027814726,0.081020078,0.03506755,0.027248081,0.090436635,0.022882064,0.109376896,0.059284993,0.065696265,0.037281223,0.029050165,0.00758309,0.059959919,0.073243361,0.05393306,0.036204104,0.035168585
(HA2)206,551,0.023580259,0.044005502,0.051866678,0.057587794,0.061724511,0.066475989,0.029050725,0.09841242,0.024383938,0.053273949,0.06637885,0.071099796,0.022232144,0.036534475,0.019209862,0.055154832,0.074451279,0.070324369,0.037470416,0.036782212
(HA2)207,552,0.061907605,0.049714722,0.03040173,0.076550575,0.071543568,0.052113333,0.019952099,0.0626834,0.009235653,0.05752803,0.075714391,0.037781319,0.028192205,0.082814372,0.007720843,0.050201516,0.041590589,0.050753415,0.079578369,0.054022267
(HA2)208,553,0.038987683,0.035775268,0.046213467,0.052936908,0.065615135,0.040645471,0.021341215,0.074619885,0.040007676,0.067244548,0.054454591,0.041484434,0.044046383,0.033661674,0.016699282,0.060984246,0.066471316,0.068545793,0.077480407,0.052784618
(HA2)209,554,0.087661627,0.032210481,0.128737579,0.03290542,0.01404379,0.092338583,0.012125946,0.035404259,0.019174509,0.018920193,0.090852395,0.083293144,0.037908237,0.026237922,0.015265158,0.110841226,0.077716987,0.031441685,0.026743876,0.026176981
(HA2)210,555,0.075367961,0.197851594,0.041725068,0.046539125,0.072372021,0.055727953,0.025817656,0.055697061,0.022305569,0.04527253,0.028363833,0.020314945,0.013061811,0.029275717,0.018461673,0.027615376,0.082277527,0.027772664,0.06692965,0.047250266
(HA2)211,556,0.055175202,0.02937164,0.038853444,0.054675384,0.086503479,0.030307513,0.03010573,0.048931653,0.046054654,0.092613504,0.084404839,0.028591474,0.008296775,0.085736711,0.038086144,0.056726693,0.021228748,0.058065903,0.063105993,0.043164517
(HA2)212,557,0.036301584,0.015656939,0.042877191,0.046147304,0.061943385,0.045818152,0.046930026,0.06511867,0.059696558,0.073207139,0.073008738,0.072934132,0.004790798,0.061755528,0.034639348,0.068006369,0.061501916,0.057878831,0.031705657,0.040081735
(HA2)213,558,0.028215637,0.039243269,0.029742658,0.027130218,0.008865544,0.395766392,0.040012127,0.021165997,0.061889664,0.008110494,0.051130842,0.068273737,0.023767651,0.038787906,0.039042186,0.01194735,0.04763992,0.021027029,0.021252719,0.016988661
(HA2)214,559,0.056925191,0.015444055,0.040740134,0.046583122,0.114509888,0.012808097,0.020400251,0.046920846,0.040399196,0.029554699,0.069310409,0.070287651,0.001859945,0.047920904,0.027058865,0.077805948,0.058990706,0.034089608,0.085908504,0.102481982
(HA2)215,560,0.041538249,0.044816675,0.018222852,0.010676562,0.133924328,0.014139857,0.018301242,0.20334513,0.02023721,0.077254514,0.068593804,0.030388941,0.016686521,0.018230912,0.036036,0.029419281,0.030927923,0.097317134,0.034650442,0.055292422
(HA2)216,561,0.035277913,0.020372444,0.039956662,0.020809507,0.047092062,0.032871127,0.061315007,0.068449402,0.046252883,0.054069669,0.052606534,0.022613416,0.007139977,0.049205824,0.093335777,0.061168245,0.074112288,0.130880761,0.042400756,0.040069747
(HA2)217,562,0.049638296,0.196697476,0.023075442,0.016309638,0.114839606,0.011312488,0.049346748,0.055947108,0.025501966,0.115136121,0.030109087,0.037326842,0.008593947,0.029322556,0.017716613,0.023363718,0.022430496,0.067092783,0.072446379,0.033792689
(HA2)218,563,0.046721997,0.013421771,0.029336887,0.055249915,0.043236753,0.039320099,0.031638968,0.036718501,0.049786616,0.060703063,0.042016028,0.115512735,0.003763919,0.049717102,0.013842219,0.098982949,0.100475136,0.06616877,0.065048762,0.03833781
(HA2)219,564,0.011071345,0.032898925,0.047081241,0.008860684,0.084887102,0.007708397,0.013543436,0.152558925,0.034151602,0.111116334,0.032035033,0.042894026,0.023839401,0.024547549,0.021938223,0.032162094,0.129257022,0.122813271,0.016901041,0.04973435
(HA2)220,565,0.10334015,0.187711992,0.029808791,0.012650511,0.082037967,0.027563517,0.039037516,0.056268336,0.03224641,0.043287887,0.039193617,0.014217327,0.015480215,0.02191204,0.081825676,0.016427042,0.027052486,0.061576351,0.085216973,0.023145197
(HA2)221,566,0.137299395,0.019610269,0.031669814,0.029347207,0.049191228,0.016392488,0.016081396,0.203302158,0.012090951,0.066025372,0.056472056,0.022121719,0.020612464,0.034727513,0.011993695,0.020069865,0.070026121,0.116799147,0.033266343,0.032900801