Cluster ID	Cluster Name	Types	Size	Organisms	Length	Identity
UniRef50_A0A023ITA4	Cluster: Nucleocapsid protein	UniProtKB Unreviewed (TrEMBL)	4	Influenza A virus (A/Kazan/CRIE-01/2012(H1N1); Influenza A virus (A/Italy/02/2009(H1N1); Influenza A virus; Influenza A virus (A/Aarhus/INS611/2011)	83	0.5
UniRef50_A0A023ITM5	Cluster: Nucleocapsid protein	UniProtKB Unreviewed (TrEMBL)	1	Influenza A virus (A/Kazan/CRIE-01/2012(H1N1)	56	0.5
UniRef50_A0A023LT90	Cluster: RNA-directed RNA polymerase catalytic subunit (Fragment)	UniProtKB Unreviewed (TrEMBL)	15	Influenza A virus (A/mallard/Saskatchewan/68/1981(H4N6); Influenza A virus; Influenza B virus (B/Tasmania/3/2014); Influenza A virus (A/chicken/Menofia/CAI34/2010(H5N1); Influenza A virus (A/chicken/Jilin/hn/2003(H5N1)	565	0.5
UniRef50_A0A023M5J1	Cluster: Putative PB1-F2 protein	UniProtKB Unreviewed (TrEMBL)	8	Influenza A virus (A/green-winged teal/Wisconsin/585/1983(H1N1); Influenza A virus (A/swine/Taichung/E3/1992(H1N1); Influenza A virus (A/swine/Chiba/1/1991(H1N2); Influenza A virus	52	0.5
UniRef50_A0A024D408	Cluster: PB1-F2 protein (Fragment)	UniProtKB Unreviewed (TrEMBL)	2	Influenza A virus (A/mallard/Sweden/3463/2003(H6N2); Influenza A virus (A/whimbrel/Peru/P41/2007(H13N2)	39	0.5
UniRef50_A0A024E2L4	Cluster: Polymerase PB2	UniProtKB Unreviewed (TrEMBL)	4	Influenza A virus (A/Houston/JMM_42/2012(H3N2); Influenza A virus; Influenza A virus (A/reassortant/NYMC X-197(Brisbane/11/2010 x PuertoRico/8/1934)	759	0.5
UniRef50_A0A067XNA6	Cluster: Neuraminidase (Fragment)	UniProtKB Unreviewed (TrEMBL)	3	Influenza A virus (A/mallard/Finland/10940/2009(H9N2); Influenza A virus (A/teal/Norway/500/05(H9N2); Influenza A virus (A/mallard/Norway/685/05(H9N2)	148	0.5
UniRef50_A0A075LZB6	Cluster: Neuraminidase (Fragment)	UniProtKB Unreviewed (TrEMBL)	1	Influenza A virus (A/Rio Grande do Sul/1062/2011(H1N1)	209	0.5
UniRef50_A0A075M116	Cluster: Neuraminidase (Fragment)	UniProtKB Unreviewed (TrEMBL)	1	Influenza A virus (A/Rio Grande do Sul/1616/2012(H1N1)	209	0.5
UniRef50_A0A0A1CG39	Cluster: Hemagglutinin (Fragment)	UniProtKB Unreviewed (TrEMBL)	20	Influenza A virus (A/Rio Grande do Norte/130380-IEC/2014(H3N2); Influenza A virus (A/Para/128614-IEC/2014(H3N2); Influenza A virus (A/Para/130651-IEC/2014(H3N2); Influenza A virus (A/Rio Grande do Norte/130815-IEC/2014(H3N2); Influenza A virus (A/Paraiba/130821-IEC/2014(H3N2); Influenza A virus (A/Para/129011-IEC/2014(H3N2); Influenza A virus (A/Para/128960-IEC/2014(H3N2); Influenza A virus (A/Para/129788-IEC/2014(H3N2); Influenza A virus (A/Para/129434-IEC/2014(H3N2); Influenza A virus (A/Paraiba/130817-IEC/2014(H3N2)	182	0.5
UniRef50_A0A0A1CG60	Cluster: Hemagglutinin (Fragment)	UniProtKB Unreviewed (TrEMBL)	6	Influenza A virus (A/Pernambuco/131205-IEC/2014(H3N2); Influenza A virus (A/Paraiba/130228-IEC/2014(H3N2); Influenza A virus (A/Pernambuco/130951-IEC/2014(H3N2); Influenza A virus (A/Paraiba/131270-IEC/2014(H3N2); Influenza A virus (A/Paraiba/130988-IEC/2014(H3N2); Influenza A virus (A/Haryana/015/2015(H3N2)	182	0.5
UniRef50_A0A0A7A7L3	Cluster: Polymerase PA (Fragment)	UniProtKB Unreviewed (TrEMBL)	47	Influenza A virus (A/chicken/Jilin/GYH2-1/2012(H9N2); Influenza A virus (A/chicken/Jilin/GYH3-1/2012(H9N2); Influenza A virus (A/chicken/Jilin/GYH1/2012(H9N2); Influenza A virus (A/chicken/Jilin/SJ172/2012(H9N2); Influenza A virus (A/chicken/Jilin/SJ12/2012(H9N2); Influenza A virus (A/chicken/Jilin/SJJT/2012(H9N2); Influenza A virus (A/chicken/Jilin/GYH1-1/2012(H9N2); Influenza A virus (A/duck/Hokkaido/1130/01(H1N1); Influenza A virus (A/duck/Hokkaido/1169/2001(H1N1); Influenza A virus (A/duck/Hokkaido/1197/2001(H1N1)	160	0.5
UniRef50_A0A0A7A801	Cluster: Nucleocapsid protein (Fragment)	UniProtKB Unreviewed (TrEMBL)	51	Influenza A virus (A/chicken/Jilin/GYH1/2012(H9N2); Influenza A virus (A/chicken/Jilin/GYH3-1/2012(H9N2); Influenza A virus (A/swine/Henan/7/2004(H9N2); Influenza A virus (A/tern/Australia/91/2004(H2N5); Influenza A virus (A/swine/Fujian/43/2007(H3N2); Influenza A virus (A/wild bird/Jilin/SJ95/2012(H9N2); Influenza A virus (A/chicken/Jilin/DH108/2012(H9N2); Influenza A virus (A/chicken/Jilin/SJ19/2012(H9N2); Influenza A virus (A/chicken/Jilin/SJ13/2012(H9N2); Influenza A virus (A/chicken/Jilin/SJ15/2012(H9N2)	116	0.5
UniRef50_A0A0B4UVB1	Cluster: Neuraminidase (Fragment)	UniProtKB Unreviewed (TrEMBL)	1	Influenza A virus (A/chicken/Shenzhen/712/2013(mixed)	374	0.5
UniRef50_A0A0B4UW24	Cluster: Matrix protein 1 (Fragment)	UniProtKB Unreviewed (TrEMBL)	9	Influenza A virus (A/duck/Jiangxi/5423/2014(mixed); Influenza A virus (A/Brazil/P167/2009(H1N1); Influenza A virus (A/Sendai-H/271/2007(H3N2); Influenza A virus (A/Sendai/TU106/2007(H1N1); Influenza A virus (A/duck/Shanghai/08/05(H9N2); Influenza A virus (A/Beijing/404/2009(H3N2); Influenza A virus (A/Sendai-H/F005/2006(H3N2); Influenza A virus (A/Beijing/393/2009(H3N2)	127	0.5
UniRef50_A0A0B4UY65	Cluster: RNA-directed RNA polymerase catalytic subunit (Fragment)	UniProtKB Unreviewed (TrEMBL)	309	Influenza A virus (A/chicken/Jiangxi/13212/2014(mixed); Influenza A virus (A/goose/Guangxi/914/2004(H5N1); Influenza A virus (A/chicken/India/09CA01/2011(H5N1); Influenza A virus (A/duck/Hong Kong/289/78(H9N2); Influenza A virus (A/duck/Vietnam/568/2005(H5N1); Influenza A virus (A/Pheasant/HongKong/FY155/01(H5N1); Influenza A virus (A/Duck/Hong Kong/573.4/01 (H5N1); Influenza A virus (A/chicken/Kulon Progo/BBVet-XII-2/2004(H5N1); Influenza A virus (A/Ck/HK/3169.1/2002(H5N1); Influenza A virus (A/chicken/Indonesia/2A/2003(H5N1)	550	0.5
UniRef50_A0A0C4ZKX7	Cluster: Hemagglutinin (Fragment)	UniProtKB Unreviewed (TrEMBL)	435	Influenza A virus (strain swl A/California/04/2009 H1N1); Influenza A virus (A/swine/Illinois/02960/2010(H1N1); Influenza A virus (A/swine/Missouri/00494/2005(H1); Influenza A virus (A/swine/Illinois/00370/2004(H1); Influenza A virus (A/swine/Minnesota/00206/2003(H1N1); Influenza A virus (A/swine/North Carolina/01733/2007(H1N1); Influenza A virus (A/swine/Minnesota/01096/2006(H1N1); Influenza A virus (A/swine/North Carolina/01865/2007(H1); Influenza A virus (A/swine/Minnesota/01137/2006(H1N1); Influenza A virus (A/swine/Oklahoma/02063/2008(H1N1)	283	0.5
UniRef50_A0A0C5A544	Cluster: Matrix protein 2 (Fragment)	UniProtKB Unreviewed (TrEMBL)	86	Influenza A virus (A/duck/Jiangxi/23970/2013(mixed); Influenza A virus (A/swine/Nagano/2000(H3N2); Influenza A virus (A/Fujian/633/2003(H3N2); Influenza A virus (A/Gansu-Chengguan/1245/2007(H3N2); Influenza A virus (A/Jingke/113/1998(H3N2); Influenza A virus (A/Henan/8/2002(H3N2); Influenza A virus (A/Fuzhou/89/2005(H3N2); Influenza A virus (A/Tianjin-Hedong/167/2007(H3N2); Influenza A virus (A/Fujian/126/1996(H3N2); Influenza A virus (A/Sichuan/401/1997(H1N1)	88	0.5
UniRef50_A0A0C5A800	Cluster: Non-structural protein 1	UniProtKB Unreviewed (TrEMBL); UniParc	15	Influenza A virus (A/chicken/Jiangxi/19463/2014(mixed); Influenza A virus (A/Thailand/VIROAF2CS/2012(H3N2); Influenza A virus (A/chicken/Dongguan/1415/2014(mixed); Influenza A virus (A/chicken/Iran/SR110/2007(H9N2); Influenza A virus (A/Sendai/TU204/2008(H3N2); Influenza A virus (A/reassortant/X161(Wisconsin/67/2005 x PuertoRico/8/1934); Influenza A virus (A/swine/Italy/3033-1/2015(H1N2); Influenza A virus; Influenza A virus (A/duck/Mongolia/500/2001(H5N3); Influenza A virus (A/duck/Mongolia/596/2001(H5N3)	217	0.5
UniRef50_A0A0C5AA83	Cluster: Neuraminidase (Fragment)	UniProtKB Unreviewed (TrEMBL)	23	Influenza A virus (A/chicken/Jiangxi/18476/2014(mixed); Influenza A virus; Influenza A virus (A/Tainan/704/2003(H3N2); Influenza A virus (A/Uberlandia/249/2003(H3N2); Influenza A virus (A/Uberlandia/320/2003(H3N2); Influenza A virus (A/Uberlandia/321/2003(H3N2); Influenza A virus (A/Yilan/513/03(H3N2); Influenza A virus (A/Yilan/515/03(H3N2); Influenza A virus (A/Yilan/518/03(H3N2); Influenza A virus (A/Tainan/712/2003(H3N2)	146	0.5
UniRef50_A0A0C5AAU8	Cluster: Polymerase acidic protein	UniProtKB Unreviewed (TrEMBL)	2	Influenza A virus (A/chicken/Jiangxi/18517/2014(mixed); Influenza A virus (A/Malaysia/2097724/2009(mixed)	716	0.5
UniRef50_A0A0C5AB48	Cluster: Non-structural protein 1 (Fragment)	UniProtKB Unreviewed (TrEMBL)	56	Influenza A virus (A/chicken/Jiangxi/19463/2014(mixed); Influenza A virus; Influenza A virus (A/swine/Spain/51915/2003(H1N1); Influenza A virus (A/turkey/Italy/589/2000(H7N1); Influenza A virus (A/Berlin/90/98(H3N2); Influenza A virus (A/mallard/Sweden/100993/2008(H7N7); Influenza A virus (A/Guangdong/09/2005(H3N2); Influenza A virus (A/Pavia/22/2009(H3N2); Influenza A virus (A/partridge/Shantou/5692/2000(H9N2); Influenza A virus (A/chicken/Hebei/1024/2012(H9N2)	80	0.5
UniRef50_A0A0C5ABT1	Cluster: Hemagglutinin (Fragment)	UniProtKB Unreviewed (TrEMBL)	17	Influenza A virus (A/chicken/Iran/AIc/2013(H9); Influenza A virus (A/chicken/India/12CL3073/2015(H9N2); Influenza A virus (A/chicken/India/12CL3075/2015(H9N2); Influenza A virus (A/chicken/India/12CL3074/2015(H9N2); Influenza A virus (A/chicken/India/2784/2003(H9N2); Influenza A virus (A/chicken/India/12CL3072/2015(H9N2); Influenza A virus (A/chicken/Iran/ARH1100/2013(H9N2); Influenza A virus (A/chicken/Iran/ARH1300/2014(H9N2); Influenza A virus (A/chicken/Iran/ARH1250/2014(H9N2); Influenza A virus (A/chicken/Iran/AId/2013(H9)	144	0.5
UniRef50_A0A0C5AL64	Cluster: Protein PA-X (Fragment)	UniProtKB Unreviewed (TrEMBL)	48	Influenza A virus (A/chicken/Jiangxi/14502/2014(mixed); Influenza A virus (A/chicken/Vietnam/NCVD-3186/2013(H5N1); Influenza A virus (A/pheasant/Shantou/2798/2004(H6N1); Influenza A virus (A/chukkar/Shantou/2478/2004(H6N1); Influenza A virus (A/egret/Peru-CH50/2010(H6N8); Influenza A virus; Influenza A virus (A/chicken/Guangxi/4745/2005(H9N2); Influenza A virus (A/softbill/California/33445-136/1992(H7N1); Influenza A virus (A/mallard/Italy/43/2001(H7N3); Influenza A virus (A/mallard/Italy/33/01(H7N3)	516	0.5
UniRef50_A0A0C6ESV1	Cluster: PB1 protein	UniProtKB Unreviewed (TrEMBL)	4	Influenza A virus (A/duck/Quang Ninh/55/2013(H6N6); Influenza A virus (A/muscovy duck/Quang Ninh/71/2013(H6N6); Influenza A virus (A/duck/Quang Ninh/17/2013(H6N6); Influenza A virus	34	0.5
UniRef50_A0A0D3QJF3	Cluster: Nonstructural protein 1 (Fragment)	UniProtKB Unreviewed (TrEMBL); UniParc	8	Influenza B virus (B/Haryana/Y43/2013); Influenza B virus (B/Haryana/Y44/2013); Influenza B virus (B/Haryana/Y42/2013); Influenza B virus (B/Haryana/Y40/2013); Influenza B virus (B/Haryana/Y39/2013); Influenza B virus (B/Haryana/Y38/2012); Influenza B virus; Influenza B virus (B/Lee/1940)	152	0.5
UniRef50_A0A0E3VLL3	Cluster: RNA-directed RNA polymerase catalytic subunit (Fragment)	UniProtKB Unreviewed (TrEMBL)	7	Influenza C virus (C/Leyte/1/2011); Influenza C virus (C/Leyte/2/2011); Influenza C virus (C/Sendai/TU2/2012); Influenza C virus (C/Nara/1/85); Influenza C virus (C/Sendai/TU5/2008); Influenza C virus (strain C/Nara/1982)	125	0.5
UniRef50_A0A0E3VZU8	Cluster: NP	UniProtKB Unreviewed (TrEMBL); UniParc	87	Influenza D virus (D/bovine/France/2986/2012); Influenza D virus; Influenza D virus (D/bovine/Mississippi/C00046N/2014); Influenza D virus (D/bovine/Minnesota/729/2013); Influenza D virus (D/bovine/Kansas/1-35/2010); Influenza D virus (D/bovine/Nebraska/9-5/2012); Influenza D virus (D/bovine/Shandong/Y127/2014); Influenza D virus (D/swine/Oklahoma/1334/2011); Influenza D virus (D/swine/Italy/268344-2/2015); Influenza D virus (D/bovine/Shandong/Y217/2014)	552	0.5
UniRef50_A0A0F6QUA1	Cluster: Matrix protein 1 (Fragment)	UniProtKB Unreviewed (TrEMBL)	2	Influenza B virus (B/Beijing/FL33/2013); unidentified influenza virus	127	0.5
UniRef50_A0A0F6T9D7	Cluster: Glycoprotein NB (Fragment)	UniProtKB Unreviewed (TrEMBL)	1	Influenza B virus (B/Beijing/FL36/2013)	41	0.5
UniRef50_A0A0F6T9L9	Cluster: Glycoprotein NB (Fragment)	UniProtKB Unreviewed (TrEMBL)	1	Influenza B virus (B/Beijing/FL35/2013)	21	0.5
UniRef50_A0A0F7QIS1	Cluster: Hemagglutinin (Fragment)	UniProtKB Unreviewed (TrEMBL); UniParc	13	Influenza A virus (A/duck/Hokkaido/203/2013(H2N1); Influenza A virus (A/goose/Bojonggenteng/IPB2-RS/2006(H5N1); Influenza A virus (A/duck/Vietnam/S649/2005(H5N1); Influenza A virus (A/mallard duck/Korea/CBU143781/2014(H1N1); Influenza A virus (A/chicken/Egypt/131/2013(H5N1); Influenza A virus (A/chicken/Bangladesh/BL-671/2012(H5N1); Influenza A virus (A/chicken/Bangladesh/BL-499/2011(H5N1); Influenza A virus; Influenza A virus (A/Thailand/1(KAN-1); Influenza A virus (A/Anhui/1/2005(H5N1)	241	0.5
UniRef50_A0A0G2QYB5	Cluster: Nuclear export protein (Fragment)	UniProtKB Unreviewed (TrEMBL)	1	Influenza A virus (A/Thailand/VIROAF2CS/2012(H3N2)	30	0.5
UniRef50_A0A0G2RRZ8	Cluster: Hemagglutinin (Fragment)	UniProtKB Unreviewed (TrEMBL); UniParc	30	Influenza A virus (A/Hunan Changsha Furong/1280/2008(H1N1); Influenza A virus (A/Vietnam/H125/2006(H1N1); Influenza A virus (A/Pavia/13/2009(H1N1); Influenza A virus (A/Cluj/14972/2009(H1N1); Influenza A virus (A/Ilfov/14852/2009(H1N1); Influenza A virus (A/Braila/15575/2009(H1N1); Influenza A virus (A/Covasna/357/2010(H1N1); Influenza A virus (A/Buzau/14584/2009(H1N1); Influenza A virus (A/Mexico/InDRE36529/2009(H1N1); Influenza A virus (A/Suceava/406/2010(H1N1)	251	0.5
UniRef50_A0A0G3XMM7	Cluster: Hemagglutinin (Fragment)	UniProtKB Unreviewed (TrEMBL); UniParc	219	Influenza A virus (A/duck/Peru/PV80/2008(H2N9); Influenza A virus (A/duck/Hokkaido/491008/2011(H2N3); Influenza A virus (A/pintail/Shimane/1086/1981(H2N3); Influenza A virus (A/swan/Shimane/221/1999(H2N3); Influenza A virus (A/whistling swan/Shimane/1447/1982(H2N3); Influenza A virus (A/duck/Hokkaido/W163/2010(H2N3); Influenza A virus (A/Jodhpur/s3/2015(H1N1); Influenza A virus (A/swine/Minnesota/SG1395/2011(H1N2); Influenza A virus (A/cat/Italy/304678-1/2009(H1N1); Influenza A virus (A/Spain/55-3R/2010(H1N1)	395	0.5
UniRef50_A0A0G3XP61	Cluster: Putative PB1-F2 protein (Fragment)	UniProtKB Unreviewed (TrEMBL)	1	Influenza A virus (A/oystercatcher/Peru/34/2006(H10N9)	24	0.5
UniRef50_A0A0G3XPD5	Cluster: Protein PA-X (Fragment)	UniProtKB Unreviewed (TrEMBL)	12	Influenza A virus (A/egret/Peru-CH50/2010(H6N8); Influenza A virus (A/willet/Peru-CH49/2010(H6N8); Influenza A virus (A/ruddy turnstone/Peru/PuV52/2008(H12N5); Influenza A virus (A/ruddy turnstone/Peru/PuV51/2008(H12N5); Influenza A virus (A/gull/Peru/CH121/2010(H13N2); Influenza A virus (A/duck/Peru-PV72/2008(H7N3); Influenza A virus (A/black skimmer/Peru/CH55/2010(H13N2); Influenza A virus; Influenza A virus (A/duck/Peru/P114/2009(H3N2); Influenza A virus (A/Netherlands/233/1982(H3N2)	101	0.5
UniRef50_A0A0G3XPL5	Cluster: PA-X protein (Fragment)	UniProtKB Unreviewed (TrEMBL)	1	Influenza A virus (A/duck/Peru/MM17/2007(H4N5)	43	0.5
UniRef50_A0A0G3XPR1	Cluster: PA-X protein (Fragment)	UniProtKB Unreviewed (TrEMBL)	2	Influenza A virus (A/whimbrel/Peru/P41/2007(H13N2); Influenza A virus (A/duck/Sidrap/07160336-3/2016(H5N1)	51	0.5
UniRef50_A0A0G3XQ75	Cluster: Hemagglutinin (Fragment)	UniProtKB Unreviewed (TrEMBL)	10	Influenza A virus (A/duck/Peru-PuV196/2009(H10N2); Influenza A virus (A/ruddy turnstone/Peru/MM149/2008(H10N7); Influenza A virus (A/oystercatcher/Peru/MM152/2008(H10N7); Influenza A virus (A/chicken/Queensland/1995(H7N3); Influenza A virus (A/ruddy turnstone/Delaware/1554/2000(H10N7); Influenza A virus (A/migratory duck/Jiangxi/7231/2003(H10N5); Influenza A virus (A/wild bird/Korea/A01/2009(H10N6); Influenza A virus (A/mallard/Korea/1041/2010(H10N8); Influenza A virus (A/mallard/Portugal/79927/2009(H10N7); Influenza A virus (A/mallard/Portugal/79905/2009(H10N7)	416	0.5
UniRef50_A0A0J9X251	Cluster: Hemagglutinin HA2 chain	UniProtKB Unreviewed (TrEMBL); UniParc	4	Influenza A virus; Influenza A virus (A/harbour seal/Germany/1/2014(H10N7)	182	0.5
UniRef50_A0A0K0L651	Cluster: Hemagglutinin (Fragment)	UniProtKB Unreviewed (TrEMBL)	2	Influenza A virus (A/swine/Brazil/232-11-14/2011(H1N2); Influenza A virus (A/Hong Kong/1134/1998(H1N1)	285	0.5
UniRef50_A0A0K0NE49	Cluster: Hemagglutinin	UniProtKB Unreviewed (TrEMBL)	1	Influenza A virus (A/swine/Italy/126216-1/2012(H1N2)	560	0.5
UniRef50_A0A0K0NM17	Cluster: Hemagglutinin (Fragment)	UniProtKB Unreviewed (TrEMBL); UniParc	43	Influenza A virus (A/mallard/Netherlands/72/2008(H10N7); Influenza A virus (A/chicken/NSW/1651/1997(H7N4); Influenza A virus (A/duck/Italy/01/2008(H3); Influenza A virus (A/Teal/Norway/10_1037/2010(H3N2); Influenza A virus; Influenza A virus (A/teal/Altai/69/2008(H3N8); Influenza A virus (A/mallard/Netherlands/42/2013(H7); Influenza A virus (A/teal/Tunka/7/2010(H3N8); Influenza A virus (A/India/4907/2014(H3N2); Influenza A virus (A/swine/Ohio/16TOSU0255/2016(mixed)	252	0.5
UniRef50_A0A0K0NMA7	Cluster: Neuraminidase (Fragment)	UniProtKB Unreviewed (TrEMBL); UniParc	2	Influenza A virus (A/mallard/Netherlands/1/2013(H7N7); Escherichia coli	159	0.5
UniRef50_A0A0K0YAU3	Cluster: Hemagglutinin (Fragment)	UniProtKB Unreviewed (TrEMBL); UniParc	5	Influenza A virus (A/chicken/Tangerang/SBO-0069-04/2015(H5N1); Influenza A virus (A/duck/Uttaradit-2-01/2004(H5N1); Influenza A virus; Streptomyces beijiangensis	214	0.5
UniRef50_A0A0K2FQR4	Cluster: Hemagglutinin (Fragment)	UniProtKB Unreviewed (TrEMBL); UniParc	175	Influenza A virus (A/duck/Bangladesh/Gouripur-12/2013(H5N1); Influenza A virus (A/chicken/Iraq/KCVL-008/2015(H5N1); Influenza A virus (A/chicken/Tibet/QX2/2009(H5); Influenza A virus (A/chicken/Hunan/2292/2006(H5N1); Influenza A virus (A/chicken/Hunan/2246/2006(H5N1); Influenza A virus (A/pigeon/Huadong/QPG/2010(H5N1); Influenza A virus (A/duck/Huadong/QDZ5/2010(H5N1); Influenza A virus (A/chicken/Shanxi/QX2/2009(H5N1); Influenza A virus (A/chicken/Ningxia/QH14/2009(H5); Influenza A virus (A/chicken/Anhui/QG5/2008(H5)	446	0.5
UniRef50_A0A0K2S401	Cluster: RNA-directed RNA polymerase catalytic subunit (Fragment)	UniProtKB Unreviewed (TrEMBL)	53	Influenza A virus (A/duck/Vietnam/HU1-1044/2014(H3N2); Influenza A virus (A/duck/Vietnam/HU1-632/2014(H6N6); Influenza A virus (A/swine/Guangdong/811/2006(H3N2); Influenza A virus (A/swine/Shandong/106/2007(H3N2); Influenza A virus (A/swine/Guangdong/968/2006(H3N2); Influenza A virus (A/swine/Shandong/133/2007(H3N2); Influenza A virus (A/swine/Guangdong/211/2006(H3N2); Influenza A virus (A/swine/Beijing/21/2008(H1N1); Influenza A virus (A/American black duck/Newfoundland/MW774/2010(H11N9); Influenza A virus	285	0.5
UniRef50_A0A0K2S404	Cluster: RNA-directed RNA polymerase catalytic subunit (Fragment)	UniProtKB Unreviewed (TrEMBL)	11	Influenza A virus (A/duck/Vietnam/HU1-151/2014(H11N7); Influenza A virus (A/falcata teal/Korea/VI160246/2016(H11N9); Influenza A virus (A/aquatic bird/Korea/CN-1/2004(H3N6); Influenza A virus (A/aquatic bird/Korea/CN-4/2006(H3N3); Influenza A virus; Influenza A virus (A/chicken/Shanghai/Q0801-2/2008(H9N2); Influenza A virus (A/chicken/Iran/TH77/1998(H9N2); Influenza A virus (A/chicken/Iran/TH90/2011(H9N2); Influenza A virus (A/mallard duck/Korea/VI144461/2014(H4N6); Influenza A virus (A/aquatic bird/Korea/JN-1/2005(H3N8)	252	0.5
UniRef50_A0A0K2S4S9	Cluster: RNA-directed RNA polymerase catalytic subunit (Fragment)	UniProtKB Unreviewed (TrEMBL)	1	Influenza A virus (A/duck/Vietnam/HU1-1501/2014(H3N2)	174	0.5
UniRef50_A0A0P0E776	Cluster: Neuraminidase (Fragment)	UniProtKB Unreviewed (TrEMBL)	1	Influenza A virus (A/sacred ibis/South Africa/IZN/2012(H7N1)	265	0.5
UniRef50_A0A0P0EN50	Cluster: Polymerase basic protein 2 (Fragment)	UniProtKB Unreviewed (TrEMBL)	1	Influenza A virus (A/sacred ibis/South Africa/IZN/2012(H7N1)	401	0.5
UniRef50_A0A0P0L8K2	Cluster: Neuraminidase (Fragment)	UniProtKB Unreviewed (TrEMBL)	1	Influenza A virus (A/chicken/Iraq/KCVL-VI/2015(H5N4)	385	0.5
UniRef50_A0A0R5QE54	Cluster: Nucleoprotein (Fragment)	UniProtKB Unreviewed (TrEMBL)	6	Influenza B virus (B/Connecticut/Flu118/2013); Influenza B virus (B/New York/1380/2012); Influenza B virus (B/Connecticut/Flu108/2013); Influenza B virus (B/Connecticut/Flu110/2013); Influenza B virus (B/Connecticut/Flu103/2013); Salamander influenza-like virus	444	0.5
UniRef50_A0A0U2GSV4	Cluster: RNA-directed RNA polymerase catalytic subunit (Fragment)	UniProtKB Unreviewed (TrEMBL)	1	Influenza A virus (A/goose/Taiwan/TNO5/2015(H5N8)	562	0.5
UniRef50_A0A0U3TGM2	Cluster: Neuraminidase (Fragment)	UniProtKB Unreviewed (TrEMBL); UniParc	132	Influenza A virus (A/Beijing/74/2014(H1N1); Influenza A virus (A/Beijing/66/2014(H1N1); Influenza A virus (A/Karaikal/KIM74/2012(H1N1); Influenza A virus (A/Pondicherry/SW1830/2015(H1N1); Influenza A virus (A/Pondicherry/SW1811/2015(H1N1); Influenza A virus (A/Pondicherry/PIP565/2015(H1N1); Influenza A virus (A/Pondicherry/PIM555/2015(H1N1); Influenza A virus (A/Pondicherry/SW1720/2015(H1N1); Influenza A virus (A/Pondicherry/JIM982/2015(H1N1); Influenza A virus (A/Pondicherry/SW1661/2015(H1N1)	277	0.5
UniRef50_A0A0X7YR15	Cluster: Hemagglutinin (Fragment)	UniProtKB Unreviewed (TrEMBL)	2	Influenza A virus (A/common pochard/Shanxi/16L/2015(H5N1); Influenza A virus (A/chicken/Iraq/KCVL-007/2015(H5N1)	286	0.5
UniRef50_A0A0X7YRM1	Cluster: Hemagglutinin (Fragment)	UniProtKB Unreviewed (TrEMBL)	1	Influenza A virus (A/chicken/Guangdong/G1645/2014(H7)	144	0.5
UniRef50_A0A0X7YUK3	Cluster: Hemagglutinin (Fragment)	UniProtKB Unreviewed (TrEMBL); UniParc	60	Influenza A virus (A/chicken/Shanghai/S3325/2014(H7N9); Influenza A virus (A/northern shoveler/Egypt/EMC-1/2010(H7); Influenza A virus (A/mallard/Egypt/EMC-5/2012(H7); Influenza A virus (A/mallard/Egypt/EMC-6/2012(H7); Influenza A virus (A/mallard/Netherlands/36/2013(H7); Influenza A virus (A/equine/Cordoba/5/1976(H7N7); Influenza A virus (A/mallard/Iran/V31/04(H7); Influenza A virus (A/chicken/Jiangsu/J3748/2014(H7N9); Influenza A virus (A/chicken/Italy/1081/1999(H7N1); Influenza A virus (A/chicken/Germany/R28/03(H7N7)	327	0.5
UniRef50_A0A0X7Z1V6	Cluster: Hemagglutinin (Fragment)	UniProtKB Unreviewed (TrEMBL); UniParc	313	Influenza A virus (A/duck/Jiangsu/JF355/2014(H3); Influenza A virus (A/Baylor4A/83(H3N2); Influenza A virus (A/Rotterdam/8179/1977(H3N2); Influenza A virus (A/swine/Italy/636/87(H3N2); Influenza A virus (A/swine/Cote d'Armor/3633/84(H3N2); Influenza A virus (strain A/Philippines/2/1982 H3N2); Influenza A virus (A/Praha/2/83(HI plus); Influenza A virus (A/Belgium/2/81); Influenza A virus (A/Baylor3A/83(H3N2); Influenza A virus (A/Oregon/4/80(H3N2)	307	0.5
UniRef50_A0A0X8CYQ5	Cluster: Hemagglutinin (Fragment)	UniProtKB Unreviewed (TrEMBL)	1	Influenza B virus (B/Israel/X920/2012)	158	0.5
UniRef50_A0A0X9VU65	Cluster: Hemagglutinin (Fragment)	UniProtKB Unreviewed (TrEMBL)	8	Influenza B virus (B/Israel/Z1409/2014); Influenza B virus (B/Israel/Y978/2013); Influenza B virus (B/Israel/Z1105/2014); Influenza B virus (B/Israel/Y913/2013); Influenza B virus (B/Israel/Y1481/2013); Influenza B virus (B/Israel/Y1443/2013); Influenza B virus (B/Israel/Y939/2013); Influenza B virus (B/Israel/Y945/2013)	158	0.5
UniRef50_A0A120GWF6	Cluster: Protein PB1-F2	UniProtKB Unreviewed (TrEMBL)	130	Influenza A virus (A/Thailand/KS07117/2007(H1N1); Influenza A virus (A/Thailand/KS07116/2007(H1N1); Influenza A virus (A/New York/1172/2009(H1N1); Influenza A virus (A/New York/1170/2009(H1N1); Influenza A virus (A/New York/3315/2009(H1N1); Influenza A virus (A/Managua/3570.01/2008(H1N1); Influenza A virus (A/Managua/156.01/2008(H1N1); Influenza A virus (A/Managua/5214.01/2008(H1N1); Influenza A virus (A/Managua/521.01/2008(H1N1); Influenza A virus (A/Managua/1225.02/2008(H1N1)	57	0.5
UniRef50_A0A140EKC9	Cluster: RNA-directed RNA polymerase catalytic subunit	UniProtKB Unreviewed (TrEMBL)	1	Influenza B virus (B/Waikato/1/2012)	752	0.5
UniRef50_A0A140EKF8	Cluster: Nucleoprotein	UniProtKB Unreviewed (TrEMBL)	12	Influenza B virus (B/Wellington/11/2012); Influenza B virus; Influenza B virus (B/Sydney/503/2013); Influenza B virus (B/New York/WC-LVD-15-015/2015)	560	0.5
UniRef50_A0A141ZTT4	Cluster: Hemagglutinin (Fragment)	UniProtKB Unreviewed (TrEMBL)	1	Influenza A virus (A/Ontario/5/2015(H3N2)	446	0.5
UniRef50_A0A142C145	Cluster: Hemagglutinin (Fragment)	UniProtKB Unreviewed (TrEMBL)	1	Influenza A virus (A/yellow-legged gull/Kosyh/1-31-07/2011(H13)	134	0.5
UniRef50_A0A172EV79	Cluster: Matrix protein 2 (Fragment)	UniProtKB Unreviewed (TrEMBL)	20	Influenza A virus (A/Eurasian curlew/Shanghai/DT1231-2/2014(H5N8); Influenza A virus (A/Eurasian curlew/Shanghai/DT1231-3/2014(H5N8); Influenza A virus (A/common teal/Shanghai/PD1108-6/2013(H5N8); Influenza A virus (A/common teal/Shanghai/PD1108-13/2013(H5N8); Influenza A virus (A/common teal/Shanghai/PD1108-24/2013(H5N8); Influenza A virus (A/common teal/Shanghai/PD1121-19/2013(H5N8); Influenza A virus (A/common teal/Shanghai/PD1108-20/2013(H5N8); Influenza A virus (A/spot-billed duck/Shanghai/PD1202-3/2013(H5N8); Influenza A virus (A/common teal/Shanghai/PD1108-5/2013(mixed); Influenza A virus (A/common teal/Shanghai/PD1202-9/2013(H5N8)	21	0.5
UniRef50_A0A173G6N6	Cluster: Neuraminidase (Fragment)	UniProtKB Unreviewed (TrEMBL)	1	Influenza A virus (A/Adana/09/2015(H1N1)	107	0.5
UniRef50_A0A173G6X4	Cluster: Hemagglutinin (Fragment)	UniProtKB Unreviewed (TrEMBL)	1	Influenza A virus (A/yellow-billed teal/Chile/21/2014(H8Nx)	162	0.5
UniRef50_A0A182AWP8	Cluster: Matrix protein 2 (Fragment)	UniProtKB Unreviewed (TrEMBL)	2	Influenza A virus (A/common teal/Shanghai/PD1118-1/2013(H5N8); Influenza A virus (A/common teal/Shanghai/59T/2008(H9N2)	22	0.5
UniRef50_A0A182AWQ7	Cluster: Matrix protein 2 (Fragment)	UniProtKB Unreviewed (TrEMBL)	1	Influenza A virus (A/falcated duck/Shanghai/PD1121-26/2013(H5N8)	13	0.5
UniRef50_A0A182BVB2	Cluster: Neuraminidase (Fragment)	UniProtKB Unreviewed (TrEMBL)	1	Influenza A virus (A/chicken/Iraq/KCVL-010/2015(H5N1)	256	0.5
UniRef50_A0A1B0YFY8	Cluster: Neuraminidase (Fragment)	UniProtKB Unreviewed (TrEMBL); UniParc	9	Influenza A virus (A/mallard duck/Korea/6L/2007(H7N6); Influenza A virus (A/duck/Vietnam/OIE-4439/2010(H6N6); Influenza A virus (A/duck/Vietnam/HU1-1635/2014(H6N6); Influenza A virus (A/duck/Vietnam/HU1-637/2014(H6N6); Influenza A virus (A/duck/Vietnam/OIE-745/2011(H11N9); Influenza A virus (A/mallard duck/Korea/VI147540/2014(H11N9); Influenza A virus (A/mallard duck/Korea/VI147532/2014(H11N9); Influenza A virus (A/chicken/Henan/102/2013(H7N9); Marivirga lumbricoides	271	0.5
UniRef50_A0A1C8E0L3	Cluster: Hemagglutinin (Fragment)	UniProtKB Unreviewed (TrEMBL)	1	Influenza A virus (A/Sao Paulo/34/1995(H3N2)	177	0.5
UniRef50_A0A1D8MDN2	Cluster: Polymerase acidic protein	UniProtKB Unreviewed (TrEMBL)	1	Influenza A virus (A/New York/WC-LVD-15-050/2015(H3)	716	0.5
UniRef50_A0A1D8MDP4	Cluster: Neuraminidase (Fragment)	UniProtKB Unreviewed (TrEMBL)	3	Influenza A virus (A/New York/WC-LVD-15-036/2015(H3N2); Influenza A virus	100	0.5
UniRef50_A0A1D8X858	Cluster: Hemagglutinin (Fragment)	UniProtKB Unreviewed (TrEMBL)	6	Influenza A virus (A/chicken/Iraq/QMG-2/2015(H9N2); Influenza A virus (A/chicken/Iraq/QMG-3/2015(H9N2); Influenza A virus (A/chicken/Iraq/QMG-4/2015(H9N2); Influenza A virus (A/chicken/Iraq/QMG-6/2014(H9N2); Influenza A virus (A/chicken/Iraq/QMG-1/2015(H9N2); Influenza A virus (A/chicken/Iran/AIa/2013(H9)	210	0.5
UniRef50_A0A1I9LXG9	Cluster: Hemagglutinin (Fragment)	UniProtKB Unreviewed (TrEMBL)	2	Influenza A virus (A/chicken/Morocco/Meknes01/2016(H9N2); Influenza A virus (A/chicken/Morocco/Meknes02/2016(H9N2)	157	0.5
UniRef50_A0A1L1V2F7	Cluster: Hemagglutinin (Fragment)	UniProtKB Unreviewed (TrEMBL)	119	Influenza A virus (A/Taiwan/10010/2010(H1N1); Influenza A virus (A/Taiwan/92522/2009(H1N1); Influenza A virus (A/Taiwan/92233/2009(H1N1); Influenza A virus (A/Taiwan/10053/2010(H1N1); Influenza A virus (A/Taiwan/92631-2/2009(H1N1); Influenza A virus (A/Taiwan/92622/2009(H1N1); Influenza A virus (A/Taiwan/92631/2009(H1N1); Influenza A virus (A/Taiwan/10338/2010(H1N1); Influenza A virus (A/Taiwan/92630/2009(H1N1); Influenza A virus (A/Taiwan/92558/2009(H1N1)	162	0.5
UniRef50_A0A1L5YLK7	Cluster: Hemagglutinin (Fragment)	UniProtKB Unreviewed (TrEMBL)	27	Influenza A virus (A/chicken/Iran/ARH1535.3/2015(H9N2); Influenza A virus (A/chicken/Iran/ARH1600/2016(H9N2); Influenza A virus (A/chicken/Iran/ARHH1447/2015(H9N2); Influenza A virus (A/chicken/Iran/ARH1451/2015(H9N2); Influenza A virus; Influenza A virus (A/chicken/Afghanistan/GHD15/2016(H9N2); Influenza A virus (A/chicken/Afghanistan/GHD21/2016(H9N2); Influenza A virus (A/chicken/Afghanistan/GHD26/2017(H9N2); Influenza A virus (A/chicken/Afghanistan/GHD9/2016(H9N2); Influenza A virus (A/chicken/Egypt/VRLCU-2/2012(H9N2)	160	0.5
UniRef50_A0A1S5QT87	Cluster: Protein PB1-F2	UniProtKB Unreviewed (TrEMBL)	405	Influenza A virus (A/swine/Indiana/A01812068/2015(H1N1); Influenza A virus (A/swine/Missouri/A01945149/2015(H1N1); Influenza A virus (A/swine/Missouri/A01492716/2014(H1N1); Influenza A virus (A/swine/Indiana/A01812180/2016(H1N1); Influenza A virus (A/swine/Indiana/A01732806/2016(H1N1); Influenza A virus (A/swine/Indiana/A01260998/2015(H1N1); Influenza A virus (A/swine/Indiana/A01812063/2015(H1N1); Influenza A virus (A/swine/Belgium/Lichtervelde-57/2013(H1N1); Influenza A virus (A/swine/Belgium/Doel-80/2011(H1N1); Influenza A virus	79	0.5
UniRef50_A0A1W5M813	Cluster: Hemagglutinin (Fragment)	UniProtKB Unreviewed (TrEMBL)	1	Influenza A virus (A/lesser black-backed gull/Finland/10442/2007(H13)	218	0.5
UniRef50_A0A1W5M820	Cluster: Hemagglutinin (Fragment)	UniProtKB Unreviewed (TrEMBL); UniParc	3	Influenza A virus (A/herring gull/Finland/10752/2007(H16); Influenza A virus (A/gull/Maryland/704/1977(H13N6)	335	0.5
UniRef50_A0A1W5VP58	Cluster: Hemagglutinin (Fragment)	UniProtKB Unreviewed (TrEMBL); UniParc	24	Influenza A virus (A/Mexico/INCMNSZ/RFH519/2014(H1N1); Influenza A virus (A/Mexico/INCMNSZ/RFI193/2014(H1N1); Influenza A virus (A/Mexico/INCMNSZ/RFB851/2012(H1N1); Influenza A virus (A/Pondicherry/PIM7/2012(H1N1); Influenza A virus (A/Mexico/INCMNSZ/RFB811/2012(H1N1); Influenza A virus (A/Pondicherry/JIM1117/2015(H1N1); Influenza A virus (A/Para/122066/2013(H1N1); Influenza A virus (A/Casablanca/0084/2013(H1N1); Influenza A virus (A/Casablanca/0105/2013(H1N1); Influenza A virus (A/Casablanca/0067/2013(H1N1)	218	0.5
UniRef50_A0A1Z1DYZ6	Cluster: PB1-F2 protein (Fragment)	UniProtKB Unreviewed (TrEMBL)	1	Influenza A virus (A/chicken/Semarang/04141225-07/2014(H5N1)	43	0.5
UniRef50_A0A220DM04	Cluster: Matrix protein P42 (Fragment)	UniProtKB Unreviewed (TrEMBL)	2	Influenza D virus (D/bovine/Ireland/007780/2014); Influenza D virus	207	0.5
UniRef50_A0A220DM07	Cluster: Polyprotein p42 (Fragment)	UniProtKB Unreviewed (TrEMBL)	2	Influenza D virus (D/bovine/Ireland/007780/2014); Influenza D virus (D/bovine/Ireland/082301/2014)	190	0.5
UniRef50_A0A220E582	Cluster: Hemagglutinin (Fragment)	UniProtKB Unreviewed (TrEMBL)	1	Influenza A virus (A/chicken/West Java/M92_20/2017(H9N2)	73	0.5
UniRef50_A0A220QSD3	Cluster: Hemagglutinin (Fragment)	UniProtKB Unreviewed (TrEMBL)	44	Influenza A virus (A/Ontario/03/2016(H1N1); Influenza A virus (A/Castilla La Mancha/14056/2013(H1N1); Influenza A virus (A/Beijing/11022/2013(H1N1); Influenza A virus (A/Pavia/130/2015(H1N1); Influenza A virus (A/British Columbia/83/2016(H1N1); Influenza A virus (A/Alberta/26/2016(H1N1); Influenza A virus (A/Tunisia/2137/2011(H1N1); Influenza A virus (A/Tunisia/2133/2011(H1N1); Influenza A virus (A/Tunisia/1701/2011(H1N1); Influenza A virus (A/Tunisia/2140/2011(H1N1)	309	0.5
UniRef50_A0A221QBA8	Cluster: Polymerase PA (Fragment)	UniProtKB Unreviewed (TrEMBL)	1	Influenza B virus (B/New York/WC-LVD-15-023/2015)	403	0.5
UniRef50_A0A221S4E3	Cluster: Nucleoprotein (Fragment)	UniProtKB Unreviewed (TrEMBL)	2	Influenza B virus (B/New York/WC-LVD-15-018/2015); Influenza A virus (A/Jodhpur/s3/2015(H1N1)	419	0.5
UniRef50_A0A221S4L0	Cluster: RNA-directed RNA polymerase catalytic subunit	UniProtKB Unreviewed (TrEMBL)	1	Influenza B virus (B/New York/WC-LVD-15-018/2015)	752	0.5
UniRef50_A0A223FKP9	Cluster: CM2 protein (Fragment)	UniProtKB Unreviewed (TrEMBL)	1	Influenza C virus (C/Minnesota/04/2015)	72	0.5
UniRef50_A0A223LNU0	Cluster: PB1-F2 protein (Fragment)	UniProtKB Unreviewed (TrEMBL)	1	Influenza A virus (A/Jodhpur/3248/2012(H1N1)	24	0.5
UniRef50_A0A248SN85	Cluster: Hemagglutinin (Fragment)	UniProtKB Unreviewed (TrEMBL)	2	Influenza A virus (A/chicken/Faisalabad/H9CCL1/2017(H9N2); Influenza A virus	95	0.5
UniRef50_A0A249Y2W1	Cluster: Matrix protein 1 (Fragment)	UniProtKB Unreviewed (TrEMBL)	1	Influenza B virus (B/Nicaragua/7505_01_TR3/2014)	86	0.5
UniRef50_A0A2H4LIM6	Cluster: PB1-F2 protein	UniProtKB Unreviewed (TrEMBL)	1012	Influenza A virus (A/swan/Voronezh/2/2017(H5N8); Influenza A virus (A/goose/Kalmykia/813/2016(H5N8); Influenza A virus; Influenza A virus (A/chicken/Chechnya/58/2017(H5N8); Influenza A virus (A/Cygnus olor/Belgium/1567/2017(H5N8); Influenza A virus (A/duck/Democratic Republic of theCongo/17RS882-33/2017(H5N8); Influenza A virus (A/duck/Democratic Republic of theCongo/17RS882-40/2017(H5N8); Influenza A virus (A/duck/Democratic Republic of theCongo/17RS882-29/2017(H5N8); Influenza A virus (A/duck/Democratic Republic of theCongo/17RS882-5/2017(H5N8); Influenza A virus (A/turkey/Poland/09/2014(H9N2)	52	0.5
UniRef50_A0A2H4PVU2	Cluster: Hemagglutinin (Fragment)	UniProtKB Unreviewed (TrEMBL); UniParc	349	Influenza A virus (A/Assam/RMRC_1745/2017(H1N1); Influenza A virus (A/Texas/AF2579/2009(H1N1); Influenza A virus (A/Korea/AF2422/2009(H1N1); Influenza A virus (A/California/AF2120/2009(H1N1); Influenza A virus (A/Illinois/AF2883/2012(H1N1); Influenza A virus; Influenza A virus (A/Alabama/AF2068/2010(H1N1); Influenza A virus (A/Illinois/AF2220/2009(H1N1); Influenza A virus (A/Japan/AF2270/2009(H1N1); Influenza A virus (A/Florida/2939/2012(H1N1)	417	0.5
UniRef50_A0A2H4TDL7	Cluster: Neuraminidase (Fragment)	UniProtKB Unreviewed (TrEMBL); UniParc	8	Influenza A virus (A/mallard duck/Korea/VI147541/2014(H11N9); Influenza A virus (A/mallard duck/Korea/VI147616/2014(H11N9); Influenza A virus (A/mallard duck/Korea/VI147571/2014(H11N9); Influenza A virus (A/mallard duck/Korea/VI147576/2014(H11N9); Influenza A virus (A/moorhen/Peru/120/2009(H1N9); Influenza A virus (A/duck/Korea/S28/2005(H3N6); Influenza A virus (A/duck/Fujian/5614/2007(H6N6); Staphylococcus capitis	351	0.5
UniRef50_A0A2I6B5E9	Cluster: Polymerase PA (Fragment)	UniProtKB Unreviewed (TrEMBL)	1	Influenza B virus (B/New York/B-WC-LVD-16-018/2016)	292	0.5
UniRef50_A0A2I6B5F0	Cluster: Nucleoprotein (Fragment)	UniProtKB Unreviewed (TrEMBL)	1	Influenza B virus (B/New York/B-WC-LVD-16-018/2016)	86	0.5
UniRef50_A0A2I6SXA0	Cluster: Hemagglutinin (Fragment)	UniProtKB Unreviewed (TrEMBL)	5	Influenza A virus (A/Rio Grande do Sul/RS-3466/2009(H1N1); Influenza A virus (A/Thailand/CU-C1070/2010(H1N1); Influenza A virus (A/Thailand/CU-C1025/2010(H1N1); Influenza A virus (A/Thailand/CU-C1006/2010(H1N1); Influenza A virus (A/Mexico/InDRE11804a/2009(H1N1)	168	0.5
UniRef50_A0A2L2BI60	Cluster: Neuraminidase (Fragment)	UniProtKB Unreviewed (TrEMBL)	20	Influenza A virus; Influenza A virus (A/ring-billed gull/Newfoundland/GR384/2011(H13N6); Influenza A virus (A/great black-backedgull/Newfoundland/AB001/2011(H9N9); Influenza A virus (A/northern shoveler/California/HKWF1367/2007(H3N7)	177	0.5
UniRef50_A0A2L2BI69	Cluster: Neuraminidase (Fragment)	UniProtKB Unreviewed (TrEMBL)	6	Influenza A virus; Influenza A virus (A/turkey/France/03295/2003(H9N9); Influenza A virus (A/Spotted dove/Vietnam/WBT191/2014(H5N6); Influenza A virus (A/Common moorhen/Vietnam/WBT226/2014(H5N6); Influenza A virus (A/Chinese pond heron/Vietnam/WBT231/2014(H5N6)	127	0.5
UniRef50_A0A2L2BI87	Cluster: Neuraminidase (Fragment)	UniProtKB Unreviewed (TrEMBL)	2	Influenza A virus	134	0.5
UniRef50_A0A2P1GNM9	Cluster: PB2	UniProtKB Unreviewed (TrEMBL)	1	Wenling hagfish influenza virus	772	0.5
UniRef50_A0A2P1GNP4	Cluster: Neuraminidase	UniProtKB Unreviewed (TrEMBL); UniParc	2	Wuhan spiny eel influenza virus	472	0.5
UniRef50_A0A2P1GNQ0	Cluster: PA	UniProtKB Unreviewed (TrEMBL)	2	Wuhan asiatic toad influenza virus; Newt influenza virus	722	0.5
UniRef50_A0A2P1GNQ1	Cluster: Hemagglutinin	UniProtKB Unreviewed (TrEMBL); UniParc	2	Wuhan asiatic toad influenza virus	567	0.5
UniRef50_A0A2P1GNQ3	Cluster: RNA-directed RNA polymerase catalytic subunit	UniProtKB Unreviewed (TrEMBL)	1	Wenling hagfish influenza virus	755	0.5
UniRef50_A0A2P1GNQ6	Cluster: Matrix protein 2	UniProtKB Unreviewed (TrEMBL)	1	Wuhan spiny eel influenza virus	124	0.5
UniRef50_A0A2P1GNR4	Cluster: PA	UniProtKB Unreviewed (TrEMBL)	1	Wenling hagfish influenza virus	756	0.5
UniRef50_A0A2P1GNT2	Cluster: Neuraminidase	UniProtKB Unreviewed (TrEMBL); UniParc	3	Wuhan asiatic toad influenza virus; unidentified influenza virus	466	0.5
UniRef50_A0A2P1GNV0	Cluster: Hemagglutinin (Fragment)	UniProtKB Unreviewed (TrEMBL)	1	Wuhan spiny eel influenza virus	568	0.5
UniRef50_A0A2P1GNV7	Cluster: NP	UniProtKB Unreviewed (TrEMBL)	1	Wuhan asiatic toad influenza virus	607	0.5
UniRef50_A0A2P1GNW0	Cluster: NS	UniProtKB Unreviewed (TrEMBL)	1	Wuhan spiny eel influenza virus	283	0.5
UniRef50_A0A2P1GNW9	Cluster: NP	UniProtKB Unreviewed (TrEMBL)	1	Wenling hagfish influenza virus	592	0.5
UniRef50_A0A2R4N9K4	Cluster: sialate O-acetylesterase (Fragment)	UniProtKB Unreviewed (TrEMBL)	3	Influenza C virus	148	0.5
UniRef50_A0A2S1B5D0	Cluster: Hemagglutinin (Fragment)	UniProtKB Unreviewed (TrEMBL)	70	Influenza B virus; Influenza B virus (B/Thailand/CU-B6931/2012); Influenza B virus (B/Palermo/42/2013); Influenza B virus (B/Hong Kong/CUHK39928/2010); Influenza B virus (B/Sao Paulo/45145/2011); Influenza B virus (B/Thailand/CU-B5616/2011); Influenza B virus (B/Philippines/clinical isolate SA65/2002); Influenza B virus (B/Hong Kong/CUHK05893/2001); Influenza B virus (B/Hong Kong/CUHK20976/2000); Influenza B virus (B/Hong Kong/CUHK22467/2001)	195	0.5
UniRef50_A0A2U8J8E1	Cluster: Hemagglutinin (Fragment)	UniProtKB Unreviewed (TrEMBL)	8	Influenza A virus; Influenza A virus (A/chicken/Egypt/10/2014(H5N1); Influenza A virus (A/turkey/Egypt/11/2014(H5N1); Influenza A virus (A/duck/Egypt/VRLCU/2012(H5N1); Influenza A virus (A/chicken/Egypt/VRLCU157-12/2013(H5N1); Influenza A virus (A/duck/Egypt/1/2014(H5N1)	113	0.5
UniRef50_A0A2U8LND5	Cluster: Hemagglutinin (Fragment)	UniProtKB Unreviewed (TrEMBL)	2	Influenza A virus	249	0.5
UniRef50_A0A2U8NB28	Cluster: Nucleoprotein (Fragment)	UniProtKB Unreviewed (TrEMBL)	3	Influenza B virus	62	0.5
UniRef50_A0A2Z4FT51	Cluster: Hemagglutinin (Fragment)	UniProtKB Unreviewed (TrEMBL)	1	Influenza A virus	106	0.5
UniRef50_A0A2Z4NB99	Cluster: Protein PA-X (Fragment)	UniProtKB Unreviewed (TrEMBL)	1	Influenza A virus	146	0.5
UniRef50_A0A2Z4WIV6	Cluster: Polymerase basic protein 2	UniProtKB Unreviewed (TrEMBL)	88	Influenza A virus; Influenza A virus (A/Canoas/LACENRS-1829/2013(H1N1); Influenza A virus (A/duck/Vietnam/40/2004(H5N1); Influenza A virus (A/chicken/Korea/S12/03(H9N2); Influenza A virus (A/duck/Korea/S13/2003(H9N2); Influenza A virus (A/chicken/Egypt/14VIR784-11-133AL/2013(H5N1); Influenza A virus (A/swine/Iowa/H02HE4/2002(H1N1); Influenza A virus (A/duck/Vietnam/148/2004(H5N1); Influenza A virus (A/duck/Korea/S9/03(H3N2); Influenza A virus (A/turkey/BC/1529-3/2005(H3N2)	446	0.5
UniRef50_A0A343ZB06	Cluster: Matrix protein 1 (Fragment)	UniProtKB Unreviewed (TrEMBL)	4	Influenza C virus	65	0.5
UniRef50_A0A345HGA7	Cluster: RNA-directed RNA polymerase catalytic subunit (Fragment)	UniProtKB Unreviewed (TrEMBL)	17	Influenza A virus; Influenza A virus (A/Duck/Hong Kong/ww461/2000(H5N1); Influenza A virus (A/swine/Hong Kong/1311/01(H3N2); Influenza A virus (A/swine/Hong Kong/9296/01(H3N2); Influenza A virus (A/duck/Vietnam/HU1-637/2014(H6N6); Influenza A virus (A/mallard/Czech Republic/15902-4K/2009(H6); Influenza A virus (A/mallard/Czech Republic/15902-18T/2009(H6); Influenza A virus (A/mallard/Czech Republic/15902-23K/2009(H6N2); Influenza A virus (A/mallard/Czech Republic/15902-12K/2009(H11N2); Influenza A virus (A/swine/Arkansas/SG1381/2011(H1N2)	404	0.5
UniRef50_A0A345Z8Y1	Cluster: Neuraminidase	UniProtKB Unreviewed (TrEMBL)	2	Influenza A virus; Influenza A virus (A/goose/Guangdong/k0103/2010(H5N5)	473	0.5
UniRef50_A0A346HBZ7	Cluster: Polymerase PB2 (Fragment)	UniProtKB Unreviewed (TrEMBL)	1	Influenza A virus	276	0.5
UniRef50_A0A385F4Q1	Cluster: Nuclear export protein	UniProtKB Unreviewed (TrEMBL)	1	Influenza A virus	121	0.5
UniRef50_A0A385F4R6	Cluster: Non-structural protein 1	UniProtKB Unreviewed (TrEMBL)	1	Influenza A virus	230	0.5
UniRef50_A0A385Y5H9	Cluster: Hemagglutinin-esterase (Fragment)	UniProtKB Unreviewed (TrEMBL)	5	Influenza D virus; Influenza D virus (D/bovine/Ireland/010807/2016); Influenza D virus (D/bovine/Ireland/082301/2014); Influenza D virus (D/bovine/Ireland/007780/2014)	196	0.5
UniRef50_A0A3B8DDX4	Cluster: Nuclear export protein (Fragment)	UniProtKB Unreviewed (TrEMBL)	29	Influenza A virus; Influenza A virus (A/chicken/Neimonggu/nk/2002(H9N2); Influenza A virus (A/swine/Shandong/SD2/2014(H5N1); Influenza A virus (A/chicken/Nigeria/08VIR4337-446/2006(H5N1); Influenza A virus (A/Pavia/13/2007(H1N1); Influenza A virus (A/chicken/Egypt/0962S-NLQP/2009(H5N1); Influenza A virus (A/chicken/Shanghai/Y1/2006(H9N2); Influenza A virus (A/chicken/Shanghai/Y1/2007(H9N2); Influenza A virus (A/chicken/Shanghai/Y2/2006(H9N2); Influenza A virus (A/duck/Egypt/09224F-NLQP/2009(H5N1)	73	0.5
UniRef50_A0A3G2CBP3	Cluster: RNA-directed RNA polymerase catalytic subunit (Fragment)	UniProtKB Unreviewed (TrEMBL)	1	Influenza A virus	458	0.5
UniRef50_A0A3G2CBQ9	Cluster: Polymerase PB2 (Fragment)	UniProtKB Unreviewed (TrEMBL)	1	Influenza A virus	518	0.5
UniRef50_A0A3G5BA73	Cluster: Matrix protein 1 (Fragment)	UniProtKB Unreviewed (TrEMBL)	36	Influenza A virus; Influenza A virus (A/swine/Nigeria/IBDVR004/2015(H1N1); Influenza A virus (A/swine/Nigeria/IBDVR005/2015(H1N1); Influenza A virus (A/swine/Ghana/KM001/2014(H1N1); Influenza A virus (A/swine/Ghana/KM002/2014(H1N1); Influenza A virus (A/swine/Nigeria/IBDVR001/2008(H1N1); Influenza A virus (A/swine/Nigeria/IBDVR004/2008(H1N1); Influenza A virus (A/Ghana/KM002/2015(H1N1); Influenza A virus (A/swine/Nigeria/IBDVR003/2008(H1N1); Influenza A virus (A/swine/Nigeria/IBDVR002/2008(H1N1)	82	0.5
UniRef50_A0A3G5BMN2	Cluster: Matrix protein 1 (Fragment)	UniProtKB Unreviewed (TrEMBL)	3	Influenza A virus; Influenza A virus (A/Cambodia/NHRCC00005/2009(H3N2)	70	0.5
UniRef50_A0A3Q8TKN4	Cluster: Matrix protein 1 (Fragment)	UniProtKB Unreviewed (TrEMBL)	1	Influenza A virus	12	0.5
UniRef50_A0A3Q9EEX8	Cluster: Polymerase PB2 (Fragment)	UniProtKB Unreviewed (TrEMBL)	12	Influenza A virus; Influenza A virus (A/equine/Sao_Paulo/8.FMVZ/2015(H3N8); Influenza A virus (A/swine/Georgia/SG1195/2004(H1N1); Influenza A virus (A/chicken/Egypt/1118AF/2011(H5N1); Influenza A virus (A/chicken/Egypt/1113/2011(H5N1); Influenza A virus (A/equine/Sao_Paulo/12.FMVZ/2015(H3N8); Influenza A virus (A/duck/Hokkaido/86/01(H2N3); Influenza A virus (A/swan/Hokkaido/4/1996(H5N3); Influenza A virus (A/duck/Hokkaido/1197/2001(H1N1); Influenza A virus (A/duck/Vietnam/OIE-4217/2010(H6N2)	180	0.5
UniRef50_A0A3Q9R047	Cluster: sialate O-acetylesterase (Fragment)	UniProtKB Unreviewed (TrEMBL)	10	Influenza D virus; Influenza D virus (D/swine/Guangdong/YS1/2016); Influenza D virus (D/bovine/Guangdong/RS4/2016); Influenza D virus (D/bovine/Guangdong/QQ1/2016); Influenza D virus (D/bovine/Guangdong/QQ7/2016); Influenza D virus (D/swine/Guangdong/YS2/2016); Influenza D virus (D/swine/Guangdong/U16/2016); Influenza D virus (D/bovine/Guangdong/QQ4/2016); Influenza D virus (D/bovine/Guangdong/LG2/2016); Influenza D virus (D/bovine/Guangdong/QQ12/2016)	165	0.5
UniRef50_A0A3S7SK59	Cluster: Hemagglutinin (Fragment)	UniProtKB Unreviewed (TrEMBL)	82	Influenza B virus; Influenza B virus (B/Guangdong/GZ119/2009); Influenza B virus (B/Memphis/20/1996); Influenza B virus (B/Quebec/46/2014); Influenza B virus (B/Quebec/38/2014); Influenza B virus (B/Washington/3035/2012); Influenza B virus (B/Ohio/3036/2012); Influenza B virus (B/New York/3032/2012); Influenza B virus (B/Kagoshima/15/94); Influenza B virus (B/Seoul/28/97)	525	0.5
UniRef50_A0A411LPJ5	Cluster: Protein PA-X (Fragment)	UniProtKB Unreviewed (TrEMBL); UniParc	47	Influenza A virus; Influenza A virus (A/chicken/Chandigarh/2048/2003(H9N2); Influenza A virus (A/chinstrap penguin/Antarctic/AE177/2011(H6N8); Influenza A virus (A/brown skua/Antarctic/AE66/2011(H6N8); Influenza A virus (A/swine/Cotes d'Armor/016007/2005(H1N1); Influenza A virus (A/swine/Italy/290851/2004(H1N1); Influenza A virus (A/Uganda/MUWRP-015/2008(H3N2); Influenza A virus (A/Connecticut/Flu023/2012(H3N2); Influenza A virus (A/Connecticut/Flu018/2012(H3N2); Influenza A virus (A/common murre/Newfoundland/HM524/2011(H1N2)	174	0.5
UniRef50_A0A411N1S9	Cluster: Hemagglutinin (Fragment)	UniProtKB Unreviewed (TrEMBL)	168	Influenza A virus; Influenza A virus (A/chicken/Jiangsu/J2707/2014(H9); Influenza A virus (A/chicken/Chongqing/T91/2012(H9); Influenza A virus (A/chicken/Sichuan/P347/2012(H9); Influenza A virus (A/chicken/Yunnan/V293/2012(H9); Influenza A virus (A/chicken/Chongqing/T92/2012(H9); Influenza A virus (A/chicken/Shanxi/S190/2012(H9); Influenza A virus (A/chicken/Shanghai/S3221/2014(H9)	357	0.5
UniRef50_A0A411N1W5	Cluster: Hemagglutinin (Fragment)	UniProtKB Unreviewed (TrEMBL); UniParc	85	Influenza A virus; Influenza A virus (A/chicken/Anhui/A3348/2014(H9); Influenza A virus (A/chicken/Shanghai/S3898/2014(H9); Influenza A virus (A/chicken/Shanghai/S3200/2014(H9); Influenza A virus (A/chicken/Jiangsu/J2784/2014(H9); Influenza A virus (A/chicken/Shanghai/S3389/2014(H9); Influenza A virus (A/chicken/Jiangsu/J2687/2014(H9); Influenza A virus (A/chicken/Jiangsu/J2665/2014(H9); Influenza A virus (A/duck/Hunan/X35/2012(H9); Influenza A virus (A/chicken/Jiangsu/JS121/2012(H9)	364	0.5
UniRef50_A0A411N237	Cluster: Hemagglutinin (Fragment)	UniProtKB Unreviewed (TrEMBL); UniParc	136	Influenza A virus; Influenza A virus (A/duck/Hubei/R301/2012(H9); Influenza A virus (A/chicken/Shanxi/SX42/2012(H9); Influenza A virus (A/duck/Chongqing/CQ128/2012(H9); Influenza A virus (A/duck/Anhui/A390/2012(H9); Influenza A virus (A/chicken/Ningxia/K80/2012(H9); Influenza A virus (A/duck/Chongqing/CQ85/2012(H9); Influenza A virus (A/chicken/Anhui/A342/2012(H9); Influenza A virus (A/chicken/Anhui/A304/2012(H9); Influenza A virus (A/chicken/Hubei/R306/2012(H9)	309	0.5
UniRef50_A0A411N2C7	Cluster: Hemagglutinin (Fragment)	UniProtKB Unreviewed (TrEMBL)	44	Influenza A virus; Influenza A virus (A/chicken/Egypt/BSU-MN-KB15/2013(H9N2); Influenza A virus (A/chicken/Egypt/BSU-FA-KB55/2013(H9N2); Influenza A virus (A/chicken/Iran/SR110/2007(H9N2); Influenza A virus (A/chicken/SNU0057/2000(H9N2); Influenza A virus (A/chicken/SNU0146/2000(H9N2); Influenza A virus (A/chicken/SNU0073/2000(H9N2); Influenza A virus (A/chicken/SNU0091/2000(H9N2); Influenza A virus (A/chicken/SNU0028/2000(H9N2); Influenza A virus (A/chicken/SNU0037/2000(H9N2)	293	0.5
UniRef50_A0A411NYL0	Cluster: Hemagglutinin (Fragment)	UniProtKB Unreviewed (TrEMBL)	1	Influenza A virus	220	0.5
UniRef50_A0A482JND2	Cluster: Hemagglutinin (Fragment)	UniProtKB Unreviewed (TrEMBL)	3	Influenza A virus; Influenza A virus (A/swine/Egypt/151/2015(H9N2)	204	0.5
UniRef50_A0A4D6K6V4	Cluster: RNA-directed RNA polymerase catalytic subunit (Fragment)	UniProtKB Unreviewed (TrEMBL)	7	Influenza A virus; Influenza A virus (A/swine/Oklahoma/SG1193/2004(H1N1); Influenza A virus (A/swine/Manitoba/01729/2007(N2); Influenza A virus (A/reassortant/IVR147(Brisbane/10/2007 x PuertoRico/8/1934); Influenza A virus (A/Netherlands/602-7B2LP1/2009(H1N1); Influenza A virus (A/Netherlands/602-6F12LP2/2009(H1N1); Influenza A virus (A/equine/Sao_Paulo/8.FMVZ/2015(H3N8)	97	0.5
UniRef50_A0A4P1LUK8	Cluster: Hemagglutinin-esterase-fusion glycoprotein (Fragment)	UniProtKB Unreviewed (TrEMBL)	1	Influenza C virus	342	0.5
UniRef50_A0A4P8DMF3	Cluster: Matrix protein 2 (Fragment)	UniProtKB Unreviewed (TrEMBL)	6	Influenza A virus; Influenza A virus (A/California/NHRC_SAR10266N/2014(H3N2); Influenza A virus (A/Beijing-Xuanwu/155/2006(H3N2); Influenza A virus (A/Beijing-Xuanwu/128/2006(H3N2); Influenza A virus (A/Belfast/19554/2004(H1N?); Influenza A virus (A/Belfast/53903/2004(H1N?)	55	0.5
UniRef50_A0A4P8YPQ2	Cluster: Nuclear export protein (Fragment)	UniProtKB Unreviewed (TrEMBL)	1	Influenza B virus	31	0.5
UniRef50_A0A4P8YPS5	Cluster: RNA-directed RNA polymerase catalytic subunit	UniProtKB Unreviewed (TrEMBL)	1	Influenza B virus	752	0.5
UniRef50_A0A4P8YQ40	Cluster: RNA-directed RNA polymerase catalytic subunit (Fragment)	UniProtKB Unreviewed (TrEMBL)	1	Influenza B virus	750	0.5
UniRef50_A0A4P8YRR4	Cluster: Polymerase PA (Fragment)	UniProtKB Unreviewed (TrEMBL)	2	Influenza B virus; Influenza B virus (B/Nicaragua/9451_05/2016)	205	0.5
UniRef50_A0A4P8YTE4	Cluster: RNA-directed RNA polymerase catalytic subunit	UniProtKB Unreviewed (TrEMBL)	1	Influenza B virus	752	0.5
UniRef50_A0A4P8YVS9	Cluster: Polymerase PA (Fragment)	UniProtKB Unreviewed (TrEMBL)	1	Influenza A virus	531	0.5
UniRef50_A0A4P8YVX5	Cluster: RNA-directed RNA polymerase catalytic subunit (Fragment)	UniProtKB Unreviewed (TrEMBL)	4	Influenza A virus	137	0.5
UniRef50_A0A4P8YWB9	Cluster: RNA-directed RNA polymerase catalytic subunit (Fragment)	UniProtKB Unreviewed (TrEMBL)	13	Influenza A virus; Influenza A virus (A/swine/Georgia/SG1195/2004(H1N1); Influenza A virus (A/KOL/1691/2008(H3N2); Influenza A virus (A/KOL/2309/2009(H3N2); Influenza A virus (A/Taiwan/0104/2001(H3N2); Influenza A virus (A/KOL/1687/2008(H3N2); Influenza A virus (A/Taiwan/0132/1996(H1N1); Influenza A virus (A/Taiwan/1190/1995(H1N1); Influenza A virus (A/Thailand/CU-B3794/2010(H1N1); Influenza A virus (A/turkey/Germany/3/91(H1N1)	68	0.5
UniRef50_A0A4P8YWC2	Cluster: Neuraminidase	UniProtKB Unreviewed (TrEMBL)	1	Influenza A virus	470	0.5
UniRef50_A0A4P8YX16	Cluster: Protein PA-X (Fragment)	UniProtKB Unreviewed (TrEMBL)	6	Influenza A virus; Influenza A virus (A/gull/Peru/CH98/2010(H13N?); Influenza A virus (A/Connecticut/Flu098/2013(H3N2); Influenza A virus (A/Nicaragua/6206_06/2014(H3N2); Influenza A virus (A/Mexico/INMEGEN-INER 03/2012(H1N1)	87	0.5
UniRef50_A0A4P8YX95	Cluster: Nucleocapsid protein (Fragment)	UniProtKB Unreviewed (TrEMBL)	2	Influenza A virus; Influenza A virus (A/Hong Kong/514/97(H5N1)	75	0.5
UniRef50_A0A4P8YXB9	Cluster: Neuraminidase	UniProtKB Unreviewed (TrEMBL)	1	Influenza A virus	469	0.5
UniRef50_A0A4P8YYI9	Cluster: Polymerase acidic protein	UniProtKB Unreviewed (TrEMBL)	1	Influenza A virus	716	0.5
UniRef50_A0A4P8YYL4	Cluster: Polymerase PB2 (Fragment)	UniProtKB Unreviewed (TrEMBL)	4	Influenza A virus; Mycolicibacter kumamotonensis; Influenza A virus (A/swine/North Carolina/SG1390/2011(N1); Influenza A virus (A/Boston/DOA2-211/2012(N2)	125	0.5
UniRef50_A0A4P8YZJ9	Cluster: Polymerase basic protein 2	UniProtKB Unreviewed (TrEMBL)	1	Influenza A virus	759	0.5
UniRef50_A0A4P8YZQ3	Cluster: Protein PA-X (Fragment)	UniProtKB Unreviewed (TrEMBL)	2	Influenza A virus; Arthrobacter psychrolactophilus	286	0.5
UniRef50_A0A4P9HGT5	Cluster: Polymerase basic protein 2 (Fragment)	UniProtKB Unreviewed (TrEMBL)	5	Influenza B virus; Influenza B virus (B/Connecticut/Flu101/2013); Influenza B virus (B/Connecticut/Flu111/2013); Influenza B virus (B/Nicaragua/7756_04/2014)	564	0.5
UniRef50_A0A4P9HH72	Cluster: Neuraminidase (Fragment)	UniProtKB Unreviewed (TrEMBL)	3	Influenza A virus	87	0.5
UniRef50_A0A4P9HHE0	Cluster: Polymerase PB2 (Fragment)	UniProtKB Unreviewed (TrEMBL)	1	Influenza B virus	115	0.5
UniRef50_A0A4P9HHT8	Cluster: Nucleoprotein (Fragment)	UniProtKB Unreviewed (TrEMBL)	4	Influenza B virus; Influenza B virus (B/Taiwan/00076/03); Influenza B virus (B/Taiwan/70122/05); Influenza B virus (B/Taiwan/72266/04)	222	0.5
UniRef50_A0A4P9HHY7	Cluster: RNA-directed RNA polymerase catalytic subunit	UniProtKB Unreviewed (TrEMBL)	1	Influenza B virus	752	0.5
UniRef50_A0A4P9HI46	Cluster: Nucleoprotein	UniProtKB Unreviewed (TrEMBL)	2	Influenza B virus; Influenza B virus (B/New York/B-WC-LVD-16-019/2016)	560	0.5
UniRef50_A0A4P9HIY9	Cluster: Non-structural protein 1	UniProtKB Unreviewed (TrEMBL)	1	Influenza A virus	230	0.5
UniRef50_A0A4P9IWU0	Cluster: Neuraminidase (Fragment)	UniProtKB Unreviewed (TrEMBL)	5	Influenza A virus; Influenza A virus (A/duck/Vietnam/OIE-3354/2011(H5N1); Influenza A virus (A/wild duck/Mevedkovo/3-24-12/2010(H10N1)	182	0.5
UniRef50_A0A4V1G8J4	Cluster: RNA-directed RNA polymerase catalytic subunit (Fragment)	UniProtKB Unreviewed (TrEMBL)	1	Influenza B virus	533	0.5
UniRef50_A0A4Y5WPF5	Cluster: Neuraminidase (Fragment)	UniProtKB Unreviewed (TrEMBL)	7	Influenza B virus; Influenza B virus (B/Lebanon/10L-28/2011); Influenza B virus (B/JiangxiDonghu/1984/2014); Influenza B virus (B/JiangxiXihu/1234/2015); Influenza B virus (B/JiangxiDonghu/1353/2014); Influenza B virus (B/JiangxiDonghu/11806/2013); Influenza B virus (B/JiangxiDonghu/11621/2013)	368	0.5
UniRef50_A0A5B7LJG0	Cluster: Hemagglutinin (Fragment)	UniProtKB Unreviewed (TrEMBL); UniParc	39	Influenza A virus; Influenza A virus (A/environment/New York/494163/2007(H5N2); Influenza A virus (A/mallard/New Zealand/449-93/2004(mixed); Influenza A virus (A/Chita/03/2009(H1N1); Influenza A virus (A/Belarus/4/2009(H1N1); Influenza A virus (A/swine/Texas/36440-2/2005(H1N1); Influenza A virus (A/duck/Guangdong/G3762/2014(H6); Influenza A virus (A/duck/Jiangxi/5916/2008(mixed); Influenza A virus (A/muscovy duck/Quang Ninh/3/2013(H6N2); Influenza A virus (A/duck/Guangdong/G3766/2014(H6)	353	0.5
UniRef50_A0A5B8WQ26	Cluster: Neuraminidase (Fragment)	UniProtKB Unreviewed (TrEMBL)	2	Influenza A virus; Mycolicibacter kumamotonensis	94	0.5
UniRef50_A0A5B8WS58	Cluster: Neuraminidase (Fragment)	UniProtKB Unreviewed (TrEMBL)	2	Influenza A virus; Influenza A virus (A/Calicut/MCVR7303/2011(H3N2)	73	0.5
UniRef50_A0A5B8WW78	Cluster: Protein PA-X (Fragment)	UniProtKB Unreviewed (TrEMBL)	1	Influenza A virus	181	0.5
UniRef50_A0A5B8WWG5	Cluster: Neuraminidase (Fragment)	UniProtKB Unreviewed (TrEMBL)	1	Influenza A virus	108	0.5
UniRef50_A0A5B8WXG9	Cluster: Neuraminidase (Fragment)	UniProtKB Unreviewed (TrEMBL)	1	Influenza A virus	311	0.5
UniRef50_A0A5B8X6X0	Cluster: Polymerase PB2 (Fragment)	UniProtKB Unreviewed (TrEMBL)	3	Influenza A virus; Mycolicibacter kumamotonensis; Influenza A virus (A/chicken/Egypt/F4/2006(H5N1)	95	0.5
UniRef50_A0A5B8X7H9	Cluster: Polymerase basic protein 2 (Fragment)	UniProtKB Unreviewed (TrEMBL)	1	Influenza A virus	755	0.5
UniRef50_A0A5B8XB31	Cluster: Polymerase basic protein 2 (Fragment)	UniProtKB Unreviewed (TrEMBL)	4	Influenza A virus; Influenza A virus (A/Beijing/3872/2010(H1N1); Influenza A virus (A/Beijing/3907/2010(H1N1); Influenza A virus (A/duck/Hokkaido/69/2007(H8N4)	366	0.5
UniRef50_A0A5B9BI38	Cluster: Neuraminidase (Fragment)	UniProtKB Unreviewed (TrEMBL)	5	Influenza A virus; Influenza A virus (A/Rio Grande do Sul/679/2012(H1N1)	220	0.5
UniRef50_A0A5B9BN01	Cluster: Hemagglutinin (Fragment)	UniProtKB Unreviewed (TrEMBL)	1	Influenza A virus	104	0.5
UniRef50_A0A5B9BRA3	Cluster: Hemagglutinin (Fragment)	UniProtKB Unreviewed (TrEMBL)	3	Influenza A virus; Influenza A virus (A/Ankara/25/2009(H1N1); Influenza A virus (A/Ankara/07/2009(H1N1)	126	0.5
UniRef50_A0A5B9BVR2	Cluster: Hemagglutinin (Fragment)	UniProtKB Unreviewed (TrEMBL)	2	Influenza A virus; Influenza A virus (A/Bangkok/10/1983(H1N1)	119	0.5
UniRef50_A0A5B9BWT5	Cluster: Hemagglutinin (Fragment)	UniProtKB Unreviewed (TrEMBL); UniParc	94	Influenza A virus; Influenza A virus (A/common murre/Newfoundland/AB432/2011(H1N2); Influenza A virus (A/American black duck/Newfoundland/1146/2009(H1N1); Influenza A virus (A/duck/Bangladesh/33-O/2013(H2N5); unidentified influenza virus; Influenza A virus (A/San Diego/INS36/2009(H1N1); Influenza A virus (A/chicken/Nigeria/VRD216a/2006(H5N1); Influenza A virus (A/chicken/Indonesia/Ambon_4/2006(H5N1); Influenza A virus (A/chicken/Indonesia/Timika_1/2006(H5N1); Influenza A virus (A/chicken/Indonesia/Ambon_5/2006(H5N1)	201	0.5
UniRef50_A0A5B9C1A3	Cluster: Hemagglutinin (Fragment)	UniProtKB Unreviewed (TrEMBL)	3	Influenza A virus; Influenza A virus (A/Kenya/247/2012(H3N2); Influenza A virus (A/India/4974/2014(H3N2)	360	0.5
UniRef50_A0A5P9XG98	Cluster: Hemagglutinin (Fragment)	UniProtKB Unreviewed (TrEMBL)	6	Influenza A virus; Influenza A virus (A/mallard/Czech Republic/15902-12K/2009(H11N2)	168	0.5
UniRef50_A0A5Q0TRI2	Cluster: Hemagglutinin (Fragment)	UniProtKB Unreviewed (TrEMBL)	3	Influenza A virus; Influenza A virus (A/mallard/California/JN808/2006(H4N2); Influenza A virus (A/mallard/Maryland/08OS1404/2008(H4N1)	150	0.5
UniRef50_A0A5Q0TRT3	Cluster: Hemagglutinin (Fragment)	UniProtKB Unreviewed (TrEMBL)	2	Influenza A virus	148	0.5
UniRef50_A0A5Q0TRT7	Cluster: Hemagglutinin (Fragment)	UniProtKB Unreviewed (TrEMBL); UniParc	71	Influenza A virus; Influenza A virus (A/mallard/Newfoundland/PR021/2010(H4N6); Influenza A virus (A/American black duck/Newfoundland/MW609/2010(H4N6); Influenza A virus (A/chicken/Taiwan/TC149/2010(H4); Influenza A virus (A/Teal/Norway/10_1360/2007(H4N2); Influenza A virus (A/Teal/Norway/10_1745/2007(H4N8); Influenza A virus (A/American black duck/Newfoundland/819/2008(H4N6); Influenza A virus (A/herring gull/Newfoundland/GR658/2011(H13N6); Influenza A virus (A/kelp gull/Chile/18/2014(H13); Influenza A virus (A/ring-billed gull/Newfoundland/GR384/2011(H13N6)	196	0.5
UniRef50_A0A5Q0TRW8	Cluster: Hemagglutinin (Fragment)	UniProtKB Unreviewed (TrEMBL)	1	Influenza A virus	152	0.5
UniRef50_A0A5Q0TRX7	Cluster: Hemagglutinin (Fragment)	UniProtKB Unreviewed (TrEMBL)	3	Influenza A virus; Influenza A virus (A/duck/Germany/R1536/2007(H10)	118	0.5
UniRef50_A0A5Q0TSW6	Cluster: Hemagglutinin (Fragment)	UniProtKB Unreviewed (TrEMBL)	16	Influenza A virus; Influenza A virus (A/chicken/Italy/Matrico/L7/04/97(H5N2); Influenza A virus (A/mallard/Sweden/1174/05(H5N3); Influenza A virus (A/duck/Nigera/13RS-1113-3/2012(H5N2); Influenza A virus (A/chicken/Egypt/1235f/2012(H9N2); Influenza A virus (A/chicken/Egypt/1210f/2012(H9N2); Influenza A virus (A/chicken/Egypt/1217F/2012(H9N2); Influenza A virus (A/chicken/Egypt/126f/2012(H9N2); Influenza A virus (A/Okuda/1957(H2N2); Influenza A virus (A/duck/Romania/2/05(H5N1)	99	0.5
UniRef50_A0A5Q0TT21	Cluster: Hemagglutinin (Fragment)	UniProtKB Unreviewed (TrEMBL)	1	Influenza A virus	77	0.5
UniRef50_A0A5Q0TT28	Cluster: Hemagglutinin (Fragment)	UniProtKB Unreviewed (TrEMBL); UniParc	14	Influenza A virus; Influenza A virus (A/Sydney/2/2010(H10N7); Influenza A virus (A/Sydney/1/2010(H10N7); Influenza A virus (A/Mallard/Norway/10_627/2010(H3); unidentified influenza virus; Influenza A virus (A/canine/Colorado/17864/2006(H3N8)	201	0.5
UniRef50_A0A5Q0TTU2	Cluster: Hemagglutinin (Fragment)	UniProtKB Unreviewed (TrEMBL)	12	Influenza A virus; Influenza A virus (A/chicken/Nakorn-Patom/Thailand/CU-K3/2004(H5N1); Influenza A virus (A/swine/Jalisco/12-6/2012(H1N1); Influenza A virus (A/mallard/Alberta/542/1986(H6N2); Influenza A virus (A/Rome/PTV12/2009(H1N1); Influenza A virus (A/swine/Jalisco/12-13/2012(H1N1)	157	0.5
UniRef50_A0A5Q0TUA5	Cluster: Hemagglutinin (Fragment)	UniProtKB Unreviewed (TrEMBL); UniParc	5	Influenza A virus; Influenza A virus (A/Brant Goose/1/1917(H1N?); Klebsiella sp. Kps	137	0.5
UniRef50_A0A5Q0TUF3	Cluster: Hemagglutinin (Fragment)	UniProtKB Unreviewed (TrEMBL)	1	Influenza A virus	124	0.5
UniRef50_A0A5Q0V0R7	Cluster: Neuraminidase (Fragment)	UniProtKB Unreviewed (TrEMBL)	1	Influenza A virus	114	0.5
UniRef50_A0A5Q0V1N1	Cluster: Neuraminidase (Fragment)	UniProtKB Unreviewed (TrEMBL)	40	Influenza A virus; Influenza A virus (A/ruddy turnstone/Delaware Bay/290/2006(H7N4); Influenza A virus (A/Pacific black duck/Western Australia/2708/1979(H6N1); Influenza A virus (A/American black duck/Newfoundland/1146/2009(H1N1); Influenza A virus (A/Beijing/342/2009(H1N1)	147	0.5
UniRef50_A0A5Q0V1R8	Cluster: Neuraminidase (Fragment)	UniProtKB Unreviewed (TrEMBL)	6	Influenza A virus; Influenza A virus (A/pintail/Minnesota/423/1999(H7N3)	173	0.5
UniRef50_A0A5Q0V1U7	Cluster: Neuraminidase (Fragment)	UniProtKB Unreviewed (TrEMBL)	6	Influenza A virus	94	0.5
UniRef50_A0A5Q0V1Y5	Cluster: Neuraminidase (Fragment)	UniProtKB Unreviewed (TrEMBL)	30	Influenza A virus; Influenza A virus (A/duck/Victoria/30a/1981(H12N7); Influenza A virus (A/little grebe/Alakol/791/2004(H4N6); Influenza A virus (A/chicken/Jiangxi/18524/2014(mixed); Influenza A virus (A/mallard/Newfoundland/PR021/2010(H4N6); Influenza A virus (A/herring gull/Newfoundland/GR530/2011(N6)	166	0.5
UniRef50_A0A5Q0V201	Cluster: Neuraminidase (Fragment)	UniProtKB Unreviewed (TrEMBL)	1	Influenza A virus	67	0.5
UniRef50_A0A5Q0V210	Cluster: Neuraminidase (Fragment)	UniProtKB Unreviewed (TrEMBL)	2	Influenza A virus	84	0.5
UniRef50_A0A5Q0V2D7	Cluster: Neuraminidase (Fragment)	UniProtKB Unreviewed (TrEMBL)	2	Influenza A virus; Influenza A virus (A/pelican/Peru-MM24/2007(H4N5)	139	0.5
UniRef50_A0A5Q0V2H1	Cluster: Neuraminidase (Fragment)	UniProtKB Unreviewed (TrEMBL)	1	Influenza A virus	139	0.5
UniRef50_A0A5Q5APJ7	Cluster: Matrix protein 2 (Fragment)	UniProtKB Unreviewed (TrEMBL)	14	Influenza A virus; Influenza A virus (A/Israel/6/2002(H1N2); Influenza A virus (A/great black-headed gull/Qinghai/2/2007(H5N1); Influenza A virus (A/bar-headed goose/Qinghai/F/2007(H5N1); Influenza A virus (A/swine/Scotland/410440/94(H1N2); Influenza A virus (A/Switzerland/8808/2002(H1N1); Influenza A virus (A/Madrid/RR1975/2005(H3N2); Influenza A virus (A/Madrid/RR1966/2005(H3N2); Influenza A virus (A/Madrid/RR1911/2005(H3N2); Influenza A virus (A/Madrid/RR1949/2005(H3N2)	47	0.5
UniRef50_A0A646S2Z2	Cluster: RNA-directed RNA polymerase catalytic subunit (Fragment)	UniProtKB Unreviewed (TrEMBL)	1	Influenza D virus	745	0.5
UniRef50_A0A646S305	Cluster: Hemagglutinin-esterase (Fragment)	UniProtKB Unreviewed (TrEMBL)	1	Influenza D virus	59	0.5
UniRef50_A0A646SPY1	Cluster: Protein PA-X (Fragment)	UniProtKB Unreviewed (TrEMBL)	2	Influenza A virus	136	0.5
UniRef50_A0A646SS92	Cluster: Hemagglutinin-esterase (Fragment)	UniProtKB Unreviewed (TrEMBL)	1	Influenza D virus	151	0.5
UniRef50_A0A649VZJ2	Cluster: Hemagglutinin (Fragment)	UniProtKB Unreviewed (TrEMBL)	1	Influenza A virus	77	0.5
UniRef50_A0A649X095	Cluster: Hemagglutinin (Fragment)	UniProtKB Unreviewed (TrEMBL)	11	Influenza A virus; Influenza A virus (A/chicken/Egypt/Fadllah-8/2015(H5N1); Influenza A virus (A/chicken/Nakorn-Patom/Thailand/CU-K3/2004(H5N1)	126	0.5
UniRef50_A0A6B7GNZ4	Cluster: Hemagglutinin (Fragment)	UniProtKB Unreviewed (TrEMBL)	4	Influenza A virus; Influenza A virus (A/chicken/Shanghai/S3384/2014(H9); Influenza A virus (A/chicken/Jiangsu/J3581/2014(H9); Influenza A virus (A/pigeon/Jiangsu/FK238/2013(H9)	316	0.5
UniRef50_A0A6B7I8Z3	Cluster: RNA-directed RNA polymerase catalytic subunit (Fragment)	UniProtKB Unreviewed (TrEMBL)	1	Influenza A virus	135	0.5
UniRef50_A0A6B7I906	Cluster: RNA-directed RNA polymerase catalytic subunit (Fragment)	UniProtKB Unreviewed (TrEMBL)	2	Influenza A virus; Mycolicibacter kumamotonensis	78	0.5
UniRef50_A0A6B7I919	Cluster: Nucleocapsid protein (Fragment)	UniProtKB Unreviewed (TrEMBL)	1	Influenza A virus	115	0.5
UniRef50_A0A6B7I9Y1	Cluster: Polymerase PB2 (Fragment)	UniProtKB Unreviewed (TrEMBL)	1	Influenza A virus	57	0.5
UniRef50_A0A6B7IA45	Cluster: Polymerase PB2 (Fragment)	UniProtKB Unreviewed (TrEMBL)	1	Influenza A virus	73	0.5
UniRef50_A0A6B7IA67	Cluster: Polymerase PB2 (Fragment)	UniProtKB Unreviewed (TrEMBL); UniParc	6	Influenza A virus; Influenza A virus (A/Swine/Italy/25823/94(H3N2); Influenza A virus (A/Puerto Rico/8/1934(H1N1); Influenza A virus (A/Hong Kong/1/1968(H3N2); Influenza A virus (A/Victoria/3/1975(H3N2)	140	0.5
UniRef50_A0A6B7IAI6	Cluster: RNA-directed RNA polymerase catalytic subunit (Fragment)	UniProtKB Unreviewed (TrEMBL)	1	Influenza A virus	54	0.5
UniRef50_A0A6B9I7M2	Cluster: Hemagglutinin (Fragment)	UniProtKB Unreviewed (TrEMBL)	4	Influenza A virus; Influenza A virus (A/mynnah/Oman/AIVS6/2005(H9N2); Influenza A virus (A/chicken/Oman/AIVS3/2006(H9N2); Influenza A virus (A/chicken/Oman/AIVS7/2006(H9N2)	125	0.5
UniRef50_A0A6G6CZ40	Cluster: Hemagglutinin (Fragment)	UniProtKB Unreviewed (TrEMBL)	23	Influenza B virus; Influenza B virus (B/Cheongju/G338/2012); Influenza B virus (B/Seoul/A304/2012); Influenza B virus (B/Incheon/467/2014); Influenza B virus (B/Taiwan/0684/03); Influenza B virus (B/Taiwan/0833/03); Influenza B virus (B/Taiwan/0615/03); Influenza B virus (B/Taiwan/0600/02); Influenza B virus (B/Taiwan/0874/02); Influenza B virus (B/Taiwan/0880/02)	120	0.5
UniRef50_A0A6G6CZH1	Cluster: Hemagglutinin (Fragment)	UniProtKB Unreviewed (TrEMBL)	5	Influenza B virus; Influenza B virus (B/Seoul/A256/2012); Influenza B virus (B/Seoul/KUGH20/2010)	87	0.5
UniRef50_A0A6G7WE00	Cluster: Hemagglutinin (Fragment)	UniProtKB Unreviewed (TrEMBL); UniParc	777	Influenza A virus; Influenza A virus (A/swine/Minnesota/00053/2003(H1); Influenza A virus (A/Ontario/10/2016(H1N1); Influenza A virus (A/Dornogobi/RP067/2013(H1N1); Influenza A virus (A/Dornogobi/RP068/2013(H1N1); Influenza A virus (A/swine/Poland/1562022/2012(H1N1); Influenza A virus (A/swine/Poland/1562023/2012(H1N1); Influenza A virus (A/swine/Poland/1562021/2012(H1N1); Influenza A virus (A/swine/Poland/1562025/2012(H1N1); Influenza A virus (A/British Columbia/79/2016(H1N1)	307	0.5
UniRef50_A0A6G8I3F4	Cluster: Neuraminidase (Fragment)	UniProtKB Unreviewed (TrEMBL)	1	Influenza A virus	67	0.5
UniRef50_A0A6G8I3H4	Cluster: Neuraminidase (Fragment)	UniProtKB Unreviewed (TrEMBL)	2	Influenza A virus	88	0.5
UniRef50_A0A6G9CB47	Cluster: Hemagglutinin (Fragment)	UniProtKB Unreviewed (TrEMBL)	5	Influenza A virus; Influenza A virus (A/duck/Guangdong/G3611/2014(H9)	87	0.5
UniRef50_A0A6H0D0K0	Cluster: RNA-directed RNA polymerase catalytic subunit (Fragment)	UniProtKB Unreviewed (TrEMBL)	1	Influenza B virus	553	0.5
UniRef50_A0A6H0D419	Cluster: Nucleoprotein (Fragment)	UniProtKB Unreviewed (TrEMBL)	1	Influenza B virus	180	0.5
UniRef50_A0A6M3Z5V7	Cluster: RNA-directed RNA polymerase catalytic subunit (Fragment)	UniProtKB Unreviewed (TrEMBL)	2	Influenza D virus; Influenza D virus (D/swine/Italy/268344-2/2015)	538	0.5
UniRef50_A0A6M3Z625	Cluster: Hemagglutinin-esterase-fusion glycoprotein (Fragment)	UniProtKB Unreviewed (TrEMBL)	1	Influenza D virus	430	0.5
UniRef50_A0A7D0GIL9	Cluster: Matrix protein 2 (Fragment)	UniProtKB Unreviewed (TrEMBL)	7	Influenza A virus; Influenza A virus (A/chicken/Hubei/wn/2003(H5N1); Influenza A virus (A/common teal/Shanghai/PD1108-8/2013(H5N1); Influenza A virus (A/common teal/Shanghai/PD1108-3/2013(H5N8); Influenza A virus (A/common teal/Shanghai/56T/2008(H9); Influenza A virus (A/environment/Maryland/1149/2006(H5N1)	23	0.5
UniRef50_A0A7D0KI01	Cluster: Polymerase basic protein 2	UniProtKB Unreviewed (TrEMBL)	1	Influenza D virus	772	0.5
UniRef50_A0A7D0KIL8	Cluster: Polyprotein p42 (Fragment)	UniProtKB Unreviewed (TrEMBL)	99	Influenza D virus; Influenza D virus (D/bovine/Kansas/1-35/2010); Influenza D virus (D/bovine/Texas/3-13/2011); Influenza D virus (D/bovine/Minnesota/628/2013); Influenza D virus (D/bovine/Ibaraki/7768/2016); Influenza D virus (D/bovine/Shandong/Y127/2014); Influenza D virus (D/bovine/France/2986/2012); Influenza D virus (D/bovine/Minnesota/729/2013); Influenza D virus (D/bovine/Shandong/Y125/2014); Influenza D virus (D/swine/Italy/354017/2015)	376	0.5
UniRef50_A0A7D3QN97	Cluster: Neuraminidase (Fragment)	UniProtKB Unreviewed (TrEMBL)	1	Influenza A virus	112	0.5
UniRef50_A0A7D4QHQ0	Cluster: Polymerase basic protein 2 (Fragment)	UniProtKB Unreviewed (TrEMBL); UniParc	46	Influenza A virus; Influenza A virus (A/blackhead gull/Astrakhan/1421/1979(H13N6); Influenza A virus (A/chicken/Egypt/1117AF/2011(H5N1); Influenza A virus (A/duck/Hokkaido/1169/2001(H1N1); Influenza A virus (A/duck/Hokkaido/w206/2006(H6N1); Influenza A virus (A/swine/Pingtung/92-2/2003(H1N2); Influenza A virus (A/chicken/Egypt/111127V/2011(H5N1); Influenza A virus (A/shorebird/Korea/S82/2006(H9N2); Influenza A virus (A/chicken/Egypt/117AD/2011(H5N1); Influenza A virus (A/swine/Guangdong/223/2006(H3N2)	286	0.5
UniRef50_A0A7D5RK53	Cluster: Hemagglutinin (Fragment)	UniProtKB Unreviewed (TrEMBL)	1	Influenza A virus	116	0.5
UniRef50_A0A7L4YHI5	Cluster: Neuraminidase (Fragment)	UniProtKB Unreviewed (TrEMBL)	1	Influenza B virus	217	0.5
UniRef50_A0A7L9GUQ7	Cluster: PB1-F2 protein	UniProtKB Unreviewed (TrEMBL)	2	Influenza A virus	90	0.5
UniRef50_A0A7L9GY63	Cluster: Polymerase acidic protein (Fragment)	UniProtKB Unreviewed (TrEMBL)	1	Influenza A virus	715	0.5
UniRef50_A0A7L9GZZ6	Cluster: Protein PA-X (Fragment)	UniProtKB Unreviewed (TrEMBL)	1	Influenza A virus	672	0.5
UniRef50_A0A7L9H0I7	Cluster: Polymerase acidic protein	UniProtKB Unreviewed (TrEMBL)	1	Influenza A virus	716	0.5
UniRef50_A0A7L9H0M5	Cluster: Protein PA-X (Fragment)	UniProtKB Unreviewed (TrEMBL)	1	Influenza A virus	684	0.5
UniRef50_A0A7L9H3V3	Cluster: Hemagglutinin (Fragment)	UniProtKB Unreviewed (TrEMBL)	6	Influenza A virus	286	0.5
UniRef50_A0A7L9H5Q4	Cluster: Hemagglutinin	UniProtKB Unreviewed (TrEMBL)	8	Influenza A virus; Influenza A virus (A/ruddy turnstone/Delaware Bay/522/1988(H11); Influenza A virus (A/France/3971-3R/2009(H1N1); Influenza A virus (A/Peking duck/Wagun/1827-6/1984(H11N2); Influenza A virus (A/Pondicherry/SW-610/2010(H1N1); Influenza A virus (A/chicken/Giza/CAI37/2009(H5N1); Influenza A virus (A/chicken/Giza/CAI26/2011(H5); Influenza A virus (A/shorebird/Delaware Bay/724/1988(H11)	567	0.5
UniRef50_A0A7M1Y057	Cluster: Hemagglutinin (Fragment)	UniProtKB Unreviewed (TrEMBL)	1	Influenza A virus	50	0.5
UniRef50_A0A7S5L1J3	Cluster: Hemagglutinin (Fragment)	UniProtKB Unreviewed (TrEMBL)	3	Influenza A virus	64	0.5
UniRef50_A0A7T7SYR5	Cluster: RNA-directed RNA polymerase catalytic subunit (Fragment)	UniProtKB Unreviewed (TrEMBL)	7	Influenza B virus	102	0.5
UniRef50_A0A7T8FYL1	Cluster: Hemagglutinin (Fragment)	UniProtKB Unreviewed (TrEMBL)	52	Influenza A virus; Influenza A virus (A/swine/Texas/01820/2007(H1N1); Influenza A virus (A/swine/Minnesota/01599/2007(H1N1); Influenza A virus (A/swine/Manitoba/01680/2007(H1N1); Influenza A virus (A/Taiwan/615/2006(H1N1); Influenza A virus (A/Milan/04/2005(H1N1); Influenza A virus (A/Taiwan/562/2006(H1N1); Influenza A virus (A/Taiwan/607/2006(H1N1); Influenza A virus (A/Taiwan/4050/2003(H1N1); Influenza A virus (A/Taiwan/1566/2003(H1N1)	160	0.5
UniRef50_A0A866VUA3	Cluster: Nucleoprotein	UniProtKB Unreviewed (TrEMBL)	1	Ornate chorus frog influenza-like virus	572	0.5
UniRef50_A0A866VUA9	Cluster: Hemagglutinin-esterase-fusion glycoprotein	UniProtKB Unreviewed (TrEMBL)	1	Siamese algae-eater influenza-like virus	576	0.5
UniRef50_A0A866VUB5	Cluster: Matrix protein 2	UniProtKB Unreviewed (TrEMBL)	1	Salamander influenza-like virus	116	0.5
UniRef50_A0A866VZ02	Cluster: Nonstructural protein	UniProtKB Unreviewed (TrEMBL)	1	Siamese algae-eater influenza-like virus	285	0.5
UniRef50_A0A866VZ08	Cluster: Matrix protein	UniProtKB Unreviewed (TrEMBL)	1	Siamese algae-eater influenza-like virus	254	0.5
UniRef50_A0A866VZ19	Cluster: Nonstructural protein	UniProtKB Unreviewed (TrEMBL)	1	Salamander influenza-like virus	241	0.5
UniRef50_A0A866VZ25	Cluster: Nucleoprotein	UniProtKB Unreviewed (TrEMBL)	1	Chum salmon influenza-like virus	656	0.5
UniRef50_A0A866VZH7	Cluster: Neuraminidase	UniProtKB Unreviewed (TrEMBL)	1	Siamese algae-eater influenza-like virus	468	0.5
UniRef50_A0A866VZI9	Cluster: Matrix protein 1	UniProtKB Unreviewed (TrEMBL)	1	Salamander influenza-like virus	248	0.5
UniRef50_A0A866VZT1	Cluster: Non-structural protein 1	UniProtKB Unreviewed (TrEMBL)	1	Ornate chorus frog influenza-like virus	234	0.5
UniRef50_A0A866VZV1	Cluster: Polymerase basic protein 2	UniProtKB Unreviewed (TrEMBL)	1	Siamese algae-eater influenza-like virus	778	0.5
UniRef50_A0A866VZX2	Cluster: Hemagglutinin	UniProtKB Unreviewed (TrEMBL)	1	Chum salmon influenza-like virus	578	0.5
UniRef50_A0A866VZZ2	Cluster: Nonstructural protein	UniProtKB Unreviewed (TrEMBL)	1	Chum salmon influenza-like virus	333	0.5
UniRef50_A0A866W055	Cluster: Hemagglutinin-esterase-fusion glycoprotein	UniProtKB Unreviewed (TrEMBL)	2	Ornate chorus frog influenza-like virus; Cane toad influenza-like virus	693	0.5
UniRef50_A0A866W070	Cluster: Nucleoprotein	UniProtKB Unreviewed (TrEMBL)	1	Cane toad influenza-like virus	600	0.5
UniRef50_A0A866W071	Cluster: Neuraminidase	UniProtKB Unreviewed (TrEMBL)	1	Salamander influenza-like virus	467	0.5
UniRef50_A0A866W085	Cluster: Matrix protein	UniProtKB Unreviewed (TrEMBL)	1	Chum salmon influenza-like virus	246	0.5
UniRef50_A0A866W093	Cluster: Nucleoprotein	UniProtKB Unreviewed (TrEMBL)	1	Siamese algae-eater influenza-like virus	542	0.5
UniRef50_A0A866W0A4	Cluster: Neuraminidase	UniProtKB Unreviewed (TrEMBL)	1	Chum salmon influenza-like virus	464	0.5
UniRef50_A0A866W0A8	Cluster: Hemagglutinin-esterase-fusion glycoprotein	UniProtKB Unreviewed (TrEMBL)	1	Salamander influenza-like virus	587	0.5
UniRef50_A0A866W0C6	Cluster: Non-structural protein 1	UniProtKB Unreviewed (TrEMBL)	1	Cane toad influenza-like virus	226	0.5
UniRef50_A0A869MDN8	Cluster: Matrix protein 1 (Fragment)	UniProtKB Unreviewed (TrEMBL)	3	Influenza A virus; Influenza A virus (A/New Jersey/NHRC_93442/2016(H3N2)	61	0.5
UniRef50_A0A869RRA6	Cluster: Matrix protein 1 (Fragment)	UniProtKB Unreviewed (TrEMBL)	4	Influenza A virus; Influenza A virus (A/chicken/Korea/S4/2003(H9N2); Influenza A virus (A/duck/Korea/S13/2003(H9N2); Influenza A virus (A/chicken/CT/9407/2003(H7N2)	81	0.5
UniRef50_A0A8E3YH28	Cluster: Polymerase P3 (Fragment)	UniProtKB Unreviewed (TrEMBL)	1	Influenza D virus	82	0.5
UniRef50_A0A8E3YHA1	Cluster: Nonstructural protein 1 (Fragment)	UniProtKB Unreviewed (TrEMBL)	1	Influenza D virus	120	0.5
UniRef50_A0A8E5CDR5	Cluster: Polymerase PB2 (Fragment)	UniProtKB Unreviewed (TrEMBL); UniParc	2	Influenza A virus; Rhizobium viscosum	106	0.5
UniRef50_A0A8E5CDR9	Cluster: Hemagglutinin (Fragment)	UniProtKB Unreviewed (TrEMBL)	1	Influenza A virus	108	0.5
UniRef50_A0A8E5CE30	Cluster: RNA-directed RNA polymerase catalytic subunit (Fragment)	UniProtKB Unreviewed (TrEMBL)	3	Influenza A virus; Influenza A virus (A/goose/Hong Kong/8/1976(H1N1); Influenza A virus (A/swine/Hong Kong/273/1994(H1N1)	70	0.5
UniRef50_A0A8E5CE70	Cluster: Polymerase PB2 (Fragment)	UniProtKB Unreviewed (TrEMBL); UniParc	4	Influenza A virus; Influenza A virus (A/Victoria/3/1975(H3N2)	90	0.5
UniRef50_A0A8E5CE71	Cluster: Nucleocapsid protein (Fragment)	UniProtKB Unreviewed (TrEMBL)	5	Influenza A virus; Influenza A virus (strain A/Puerto Rico/8/1934 H1N1)	82	0.5
UniRef50_A0A8E5CE88	Cluster: Polymerase PB2 (Fragment)	UniProtKB Unreviewed (TrEMBL)	2	Influenza A virus	121	0.5
UniRef50_A0A8E5CEH9	Cluster: Hemagglutinin (Fragment)	UniProtKB Unreviewed (TrEMBL)	1	Influenza A virus	99	0.5
UniRef50_A0A8E5CEI2	Cluster: Hemagglutinin (Fragment)	UniProtKB Unreviewed (TrEMBL)	5	Influenza A virus; Influenza A virus (A/goose/Egypt/905588/2006(H7N7); Influenza A virus (A/quail/Thailand/CU-J3293/2010(H7N1); Influenza A virus (A/quail/Thailand/CU-J1835/2009(H7N1); Influenza A virus (A/common coot/Altai/3/2008(H3N8)	107	0.5
UniRef50_A0A8E5CEK2	Cluster: RNA-directed RNA polymerase catalytic subunit (Fragment)	UniProtKB Unreviewed (TrEMBL)	2	Influenza A virus	58	0.5
UniRef50_A0A8E5CET6	Cluster: Polymerase PB2 (Fragment)	UniProtKB Unreviewed (TrEMBL); UniParc	6	Influenza A virus; Influenza A virus (A/swine/Manitoba/01729/2007(N2); Streptomyces desertarenae	92	0.5
UniRef50_A0A8E5CEV9	Cluster: Protein PA-X (Fragment)	UniProtKB Unreviewed (TrEMBL)	3	Influenza A virus; Influenza A virus (A/Hong Kong/514/97(H5N1)	104	0.5
UniRef50_A0A8E5CF86	Cluster: Hemagglutinin (Fragment)	UniProtKB Unreviewed (TrEMBL); UniParc	23	Influenza A virus; Influenza A virus (A/Denver/1957(H1N1); synthetic construct	77	0.5
UniRef50_A0A8E5CFL4	Cluster: Hemagglutinin (Fragment)	UniProtKB Unreviewed (TrEMBL)	3	Influenza A virus; Influenza A virus (A/swine/Oklahoma/00743/2005(H1N1); Influenza A virus (A/Beijing/341/2009(H1N1)	93	0.5
UniRef50_A0A8E5CFN1	Cluster: RNA-directed RNA polymerase catalytic subunit (Fragment)	UniProtKB Unreviewed (TrEMBL)	10	Influenza A virus; Influenza A virus (A/swine/Minnesota/SG1184/2003(N2); Influenza A virus (A/mallard/Italy/497-35/2006(H7); Influenza A virus (A/Madrid/INS77/2009(H1N1); Influenza A virus (A/American black duck/Newfoundland/1146/2009(H1N1)	176	0.5
UniRef50_A0A8E5CFT7	Cluster: Protein PA-X (Fragment)	UniProtKB Unreviewed (TrEMBL); UniParc	5	Influenza A virus; Influenza A virus (A/Chicken/Italy/5945/95(H3N2); Influenza A virus (A/swine/Hong Kong/168/1993(H1N1); Rhizobium viscosum	118	0.5
UniRef50_A0A8E5CFU6	Cluster: Hemagglutinin (Fragment)	UniProtKB Unreviewed (TrEMBL)	1	Influenza A virus	74	0.5
UniRef50_A0A8E5CG13	Cluster: Polymerase PA (Fragment)	UniProtKB Unreviewed (TrEMBL)	3	Influenza A virus	86	0.5
UniRef50_A0A8E5CGD9	Cluster: Polymerase PA (Fragment)	UniProtKB Unreviewed (TrEMBL)	1	Influenza A virus	57	0.5
UniRef50_A0A8E5CGE9	Cluster: RNA-directed RNA polymerase catalytic subunit (Fragment)	UniProtKB Unreviewed (TrEMBL)	2	Influenza A virus; Influenza A virus (A/Mexico/24041/2009(H1)	75	0.5
UniRef50_A0A8E5FNM5	Cluster: Hemagglutinin (Fragment)	UniProtKB Unreviewed (TrEMBL)	3	Influenza A virus; Influenza A virus (A/Pernambuco/118913/2012(H3N2); Influenza A virus (A/Uruguay/1/2004(H3N2)	88	0.5
UniRef50_A0A8E5FNP2	Cluster: Hemagglutinin (Fragment)	UniProtKB Unreviewed (TrEMBL)	2	Influenza A virus	146	0.5
UniRef50_A0A8E5FP25	Cluster: Protein PA-X (Fragment)	UniProtKB Unreviewed (TrEMBL)	8	Influenza A virus	96	0.5
UniRef50_A0A8E5FPT5	Cluster: Nucleocapsid protein (Fragment)	UniProtKB Unreviewed (TrEMBL)	2	Influenza A virus; Influenza A virus (A/Hong Kong/516/97(H5N1)	125	0.5
UniRef50_A0A8E5FQG1	Cluster: RNA-directed RNA polymerase catalytic subunit (Fragment)	UniProtKB Unreviewed (TrEMBL)	1	Influenza A virus	71	0.5
UniRef50_A0A8E5FRN4	Cluster: Hemagglutinin (Fragment)	UniProtKB Unreviewed (TrEMBL)	1	Influenza A virus	137	0.5
UniRef50_A0A8E5FRP9	Cluster: Hemagglutinin (Fragment)	UniProtKB Unreviewed (TrEMBL)	2	Influenza A virus	68	0.5
UniRef50_A0A8E5FSN0	Cluster: Protein PA-X (Fragment)	UniProtKB Unreviewed (TrEMBL)	4	Influenza A virus	68	0.5
UniRef50_A0A8E5FT92	Cluster: Protein PA-X (Fragment)	UniProtKB Unreviewed (TrEMBL)	8	Influenza A virus; Influenza A virus (A/swine/Hong Kong/273/1994(H1N1); Influenza A virus (A/duck/Vietnam/OIE-3071/2011(H4N6); Influenza A virus (A/duck/Vietnam/OIE-404/2011(H6N2); Influenza A virus (A/muscovy duck/Vietnam/OIE-3012/2011(H5N1); Influenza A virus (A/duck/Vietnam/OIE-3287/2011(H3N6); Influenza A virus (A/duck/Vietnam/OIE-3231/2011(H6N2); Influenza A virus (A/duck/Vietnam/OIE-3247/2011(H6N2)	136	0.5
UniRef50_A0A8E5XLT6	Cluster: Hemagglutinin (Fragment)	UniProtKB Unreviewed (TrEMBL)	21	Influenza A virus; Influenza A virus (A/Habana/822/1992(H1N1); Influenza A virus (A/chicken/Zagazig/C1/2010(H5); Influenza A virus (A/ostrich/VRLCU/Egypt/2011(H5N1); Influenza A virus (A/chicken/Zagazig/C6/2011(H5); Influenza A virus (A/chicken/Faquos/amn12/2011(H5N1); Influenza A virus (A/cormorant/Strilkove-Kherson/63/2006(H5N1); Influenza A virus (A/swine/Egypt/165/2015(H5N1); Influenza A virus (A/swine/Egypt/118/2014(H5N1); Influenza A virus (A/chicken/Bangladesh/BL-84T/2008(H5N1)	166	0.5
UniRef50_A0A8F2WED8	Cluster: Hemagglutinin (Fragment)	UniProtKB Unreviewed (TrEMBL)	2	Influenza A virus	108	0.5
UniRef50_A0A8G1G4V0	Cluster: Nucleocapsid protein (Fragment)	UniProtKB Unreviewed (TrEMBL)	23	Influenza A virus; Influenza A virus (A/mallard duck/Korea/VI1511070/2015(H10N5); Influenza A virus (A/herring gull/Newfoundland/YH022/2010(H13N6); Influenza A virus (A/common murre/Newfoundland/AB318/2011(H1N2); Influenza A virus (A/avian/Israel/543/2008(H10N7); Influenza A virus (A/duck/Vietnam/15/2003(H5N1); Influenza A virus (A/yellow-billed teal/Chile/21/2014(H8Nx); Influenza A virus (A/pintail/Alberta/207/1999(H4N8); Influenza A virus (A/mallard duck/Korea/VI152573/2015(H11N9); Influenza A virus (A/American black duck/Newfoundland/MW662/2010(H3N6)	272	0.5
UniRef50_A0A8K1H3Y8	Cluster: Hemagglutinin (Fragment)	UniProtKB Unreviewed (TrEMBL)	5	Influenza A virus; Influenza A virus (A/R(pintail/Shimane/324/98-duck/England/1/1956)	107	0.5
UniRef50_A0A8K1JX26	Cluster: sialate O-acetylesterase (Fragment)	UniProtKB Unreviewed (TrEMBL); UniParc	2	Influenza D virus; Influenza D virus (D/swine/Oklahoma/1334/2011)	438	0.5
UniRef50_A0A8K1LUE3	Cluster: Hemagglutinin (Fragment)	UniProtKB Unreviewed (TrEMBL); UniParc	4	Influenza A virus; Mycolicibacter kumamotonensis	125	0.5
UniRef50_A0A8K2ACR3	Cluster: Nuclear export protein	UniProtKB Unreviewed (TrEMBL); UniParc	53	Influenza A virus; Influenza A virus (A/Tehran/Sm03/2015(H1N1); Influenza A virus (A/elephant seal/California/2/2010(H1N1); Influenza A virus (A/Eastern India/312/2009(H1N1); Influenza A virus (A/Rome/14/2009(H1N1); Influenza A virus (A/Eastern India/1909/2009(H1N1); Influenza A virus (A/swine/Guangxi/1/2011(H1N1); Influenza A virus (A/Eastern India/261/2009(H1N1); Influenza A virus (A/Rome/9/2009(H1N1); Influenza A virus (A/Rome/7/2009(H1N1)	423	0.5
UniRef50_A0A9N6YJM2	Cluster: RNA-directed RNA polymerase catalytic subunit (Fragment)	UniProtKB Unreviewed (TrEMBL)	2	Newt influenza virus; Wuhan asiatic toad influenza virus	762	0.5
UniRef50_A0A9N6YJV9	Cluster: Polymerase basic protein 2 (Fragment)	UniProtKB Unreviewed (TrEMBL)	2	Newt influenza virus; Wuhan asiatic toad influenza virus	780	0.5
UniRef50_A0A9N7AAY0	Cluster: Nucleoprotein	UniProtKB Unreviewed (TrEMBL)	1	Newt influenza virus	606	0.5
UniRef50_A0A9N7ABB6	Cluster: Hemagglutinin	UniProtKB Unreviewed (TrEMBL)	1	Newt influenza virus	565	0.5
UniRef50_A0A9N7ABC5	Cluster: Neuraminidase	UniProtKB Unreviewed (TrEMBL)	1	Newt influenza virus	461	0.5
UniRef50_A0FCG6	Cluster: Hemagglutinin (Fragment)	UniProtKB Unreviewed (TrEMBL)	3	Influenza A virus (A/Oslo/910/1999(H3N2); Influenza A virus (A/Athens/228/2000(H3N2); Influenza A virus (A/Uberlandia/322/2003(H3N2)	183	0.5
UniRef50_A0FG87	Cluster: Hemagglutinin (Fragment)	UniProtKB Unreviewed (TrEMBL)	76	Influenza A virus (A/goose/Yunnan/4833/2005(H5N1); Influenza A virus (A/duck/Hunan/5180/2005(H5N1); Influenza A virus (A/goose/Shantou/7775/2006(H5N1); Influenza A virus (A/turkey/Ontario/6213/66(H5N?); Influenza A virus (A/ck/Washington/13413/84(H5N2); Influenza A virus (A/duck/Guiyang/2453/2006(H5N1); Influenza A virus (A/Indonesia/177H/2005(H5N1); Influenza A virus (A/Thailand/Kamphaengphet-Nontaburi/04(H5N1); Influenza A virus (A/mute swan/Croatia/1/2005(H5N1); Influenza A virus (A/chicken/Viet Nam/CT-018/2004(H5N1)	264	0.5
UniRef50_A0N166	Cluster: Nonstructural protein 1 (Fragment)	UniProtKB Unreviewed (TrEMBL)	4	Influenza B virus (B/Taiwan/69/2004); Influenza B virus (B/Taiwan/54/2004); Influenza B virus (B/Taiwan/39/2004); Influenza B virus (B/Taiwan/165/2005)	221	0.5
UniRef50_A0PBX7	Cluster: Non-structural protein 1 (Fragment)	UniProtKB Unreviewed (TrEMBL)	3	Influenza A virus (A/duck/Hokkaido/18/00(H10N4); Influenza A virus (A/duck/Vietnam/OIE-4225/2010(H6N2); Influenza A virus (A/duck/Vietnam/OIE-4217/2010(H6N2)	117	0.5
UniRef50_A0PBX8	Cluster: Polymerase basic protein 2 (Fragment)	UniProtKB Unreviewed (TrEMBL)	2	Influenza A virus (A/seal/Massachusetts/1/1980(H7N7); Influenza A virus (A/Chicken/Italy/5945/95(H3N2)	132	0.5
UniRef50_A0S740	Cluster: RNA-directed RNA polymerase catalytic subunit (Fragment)	UniProtKB Unreviewed (TrEMBL)	28	Influenza A virus (A/chicken/Korea/S21/2004(H9N2); Influenza A virus (A/mallard duck/Korea/VI147540/2014(H11N9); Influenza A virus (A/mallard duck/Korea/VI1511090/2015(H4N6); Influenza A virus (A/duck/Korea/S23/04(H9N2); Influenza A virus (A/chicken/Korea/S1/2003(H9N2); Influenza A virus (A/chicken/Korea/S25/04(H9N2); Influenza A virus (A/chicken/Korea/S24/04(H9N2); Influenza A virus (A/duck/Korea/S72/2007(H3N2); Influenza A virus (A/duck/Korea/S71/2007(H3N2); Influenza A virus (A/shorebird/Korea/S105/2006(H6N1)	284	0.5
UniRef50_A0S749	Cluster: Protein PA-X (Fragment)	UniProtKB Unreviewed (TrEMBL)	9	Influenza A virus (A/chicken/Korea/S24/04(H9N2); Influenza A virus (A/parrot/CA/6032/04(H5N2); Influenza A virus (A/swine/Iowa/H02HE4/2002(H1N1); Influenza A virus (A/tufted duck/Yamaguchi/3502B007/2011(H5N1); Influenza A virus (A/chicken/Chandigarh/2048/2003(H9N2); Influenza A virus (A/common pochard/Shimane/5502B024/2011(H5N1); Influenza A virus; Influenza A virus (A/swine/Germany/2/1981(H1N1); Influenza A virus (A/swine/Henan/5/2004(H9N2)	315	0.5
UniRef50_A4D7Z8	Cluster: Hemagglutinin (Fragment)	UniProtKB Unreviewed (TrEMBL); UniParc	4063	Influenza A virus (A/ostrich/South Africa/KK98/98(H6N8); Influenza A virus (A/duck/Korea/A50/2009(H6N2); Influenza A virus (A/chicken/California/6028/2004(H6N2); Influenza A virus (A/chicken/California/9420/2001(H6N2); Influenza A virus (A/chicken/California/650/2000(H6N2); Influenza A virus (A/chicken/California/9174/2001(H6N2); Influenza A virus (A/chicken/California/8892/2001(H6N2); Influenza A virus (A/chicken/California/1316/2001(H6N2); Influenza A virus (A/chicken/California/1255/2002(H6N2); Influenza A virus (A/chicken/California/7211/2004(H6N2)	453	0.5
UniRef50_A4GBY6	Cluster: Protein PB1-F2	UniProtKB Reviewed (Swiss-Prot); UniProtKB Unreviewed (TrEMBL)	1912	Influenza A virus (strain A/Brazil/11/1978 H1N1); Influenza A virus (strain A/USSR/90/1977 H1N1); Influenza A virus (strain A/India/6263/1980 H1N1); Influenza A virus (strain A/Chile/1/1983 H1N1); Influenza A virus (strain A/USA:Texas/UR06-0195/2007 H1N1); Influenza A virus (strain A/USA:Memphis/10/1996 H1N1); Influenza A virus (strain A/USA:Albany/12/1951 H1N1); Influenza A virus (strain A/Malaysia:Malaya/302/1954 H1N1); Influenza A virus (strain A/Gull/Minnesota/945/1980 H13N6); Influenza A virus (A/Memphis/7/1980(H1N1)	57	0.5
UniRef50_A4PIR4	Cluster: Neuraminidase (Fragment)	UniProtKB Unreviewed (TrEMBL)	4	Influenza A virus (A/duck/Hokkaido/69/2000(H5N3); Influenza A virus (A/duck/Hokkaido/447/2000(H5N3); Influenza A virus (A/duck/Hokkaido/101/2004(H5N3); Influenza A virus (A/duck/Mongolia/596/2001(H5N3)	179	0.5
UniRef50_A4PIS6	Cluster: Nonstructural protein 1 (Fragment)	UniProtKB Unreviewed (TrEMBL)	1	Influenza A virus (A/swan/Hokkaido/4/1996(H5N3)	133	0.5
UniRef50_A4Z3N1	Cluster: Neuraminidase (Fragment)	UniProtKB Unreviewed (TrEMBL)	3	Influenza A virus (A/mallard/Ohio/184/1986(mixed); Influenza A virus (A/equine/Avesta/1/1993(H3N8); Influenza A virus (A/mallard/Finland/10944/2009(H4N8)	147	0.5
UniRef50_A4Z3N5	Cluster: Neuraminidase (Fragment)	UniProtKB Unreviewed (TrEMBL)	9	Influenza A virus (A/mallard/Ohio/656/2002(mixed); Influenza A virus (A/swine/Guangdong/811/2006(H3N2); Influenza A virus (A/swine/Shandong/106/2007(H3N2); Influenza A virus (A/swine/Hong Kong/2106/98(H9N2); Influenza A virus (A/swine/Hong Kong/3297/98(H9N2); Influenza A virus	167	0.5
UniRef50_A5H307	Cluster: Polymerase PB2 (Fragment)	UniProtKB Unreviewed (TrEMBL)	1	Influenza B virus (B/Taiwan/00979/02)	215	0.5
UniRef50_A5H382	Cluster: RNA-directed RNA polymerase catalytic subunit (Fragment)	UniProtKB Unreviewed (TrEMBL)	6	Influenza B virus (B/Taiwan/01742/00); Influenza B virus (B/Taiwan/00076/03); Influenza B virus (B/Taiwan/70513/05); Influenza B virus (B/Taiwan/02112/01); Influenza B virus (B/Taiwan/00937/03); Influenza B virus (B/Taiwan/70555/2005)	342	0.5
UniRef50_A5H3H4	Cluster: Polymerase PA (Fragment)	UniProtKB Unreviewed (TrEMBL)	11	Influenza B virus (B/Taiwan/71207/04); Influenza B virus (B/Taiwan/70122/05); Influenza B virus (B/Taiwan/90584/05); Influenza B virus (B/Taiwan/00013/01); Influenza B virus (B/Taiwan/01026/05); Influenza B virus (B/Taiwan/70131/05); Influenza B virus (B/Taiwan/00979/02); Influenza B virus (B/Taiwan/70125/04); Influenza B virus (B/Taiwan/71891/04); Influenza B virus (B/Taiwan/71718/04)	249	0.5
UniRef50_A5HTI0	Cluster: Hemagglutinin (Fragment)	UniProtKB Unreviewed (TrEMBL)	136	Influenza A virus (A/Philippines/574/2006(H1); Influenza A virus (A/swine/Illinois/A01240868/2012(H1N2); Influenza A virus (A/swine/Illinois/A01240743/2012(H1N2); Influenza A virus (A/New Caledonia/9/2004(H1N1); Influenza A virus (A/New Caledonia/09/2004(H1N1); Influenza A virus (A/Thailand/371/2006(H1); Influenza A virus (A/Singapore/41/2006(H1N1); Influenza A virus (A/Vietnam/HN554/2007(H1N1); Influenza A virus (A/Philippines/1392/2006(H1N1); Influenza A virus (A/Perth/07/2006(H1N1)	394	0.5
UniRef50_A5HU67	Cluster: Hemagglutinin (Fragment)	UniProtKB Unreviewed (TrEMBL)	1	Influenza A virus (A/Busan/01/2007(H1N1)	51	0.5
UniRef50_A6NAX9	Cluster: Hemagglutinin (Fragment)	UniProtKB Unreviewed (TrEMBL)	4	Influenza A virus (A/lake ice/Lake Park/Siberia/5.6b/2002(H1); Influenza A virus (A/lake ice/Lake Park/Siberia/20.9/2002(H1); Influenza A virus (A/lake ice/Lake Park/Siberia/17.1/2002(H1); Influenza A virus (A/lake ice/Lake Park/Siberia/18.4/2002(H1)	153	0.5
UniRef50_A6NAY0	Cluster: Hemagglutinin (Fragment)	UniProtKB Unreviewed (TrEMBL)	1	Influenza A virus (A/lake ice/Lake Park/Siberia/21.5/2002(H1)	149	0.5
UniRef50_A6NBA6	Cluster: Hemagglutinin (Fragment)	UniProtKB Unreviewed (TrEMBL); UniParc	69	Influenza A virus (A/Berlin/185/99(H3N2); Influenza A virus (A/Finland/684/99(H3N2); Influenza A virus (A/Guangdong/SZ233/1997(H3N2); Influenza A virus (A/Taiwan/0275/2000 (H3N2); Influenza A virus (A/Taiwan/0379/2000(H3N2); Influenza A virus (A/Taiwan/0646/2000 (H3N2); Influenza A virus (A/Korea/AF2706/2010(H3N2); Influenza A virus (A/Korea/AF2710/2011(H3N2); Influenza A virus (A/Korea/AF2709/2011(H3N2); Influenza A virus	282	0.5
UniRef50_A6NBK5	Cluster: RNA-directed RNA polymerase catalytic subunit (Fragment)	UniProtKB Unreviewed (TrEMBL)	3	Influenza A virus (A/Rheinland-Pfalz/17/04(H3N2); Influenza A virus	415	0.5
UniRef50_A8B015	Cluster: Neuraminidase (Fragment)	UniProtKB Unreviewed (TrEMBL)	10	Influenza A virus (A/duck/Turkey/49/2006(H7N1); Influenza A virus (A/Viet Nam/DN-33/2004(H5N1); Influenza A virus; Influenza A virus (A/swine/Italy/77048/2004(H1N1); Influenza A virus (A/swine/Italy/9212/1999(H1N1); Influenza A virus (A/swine/Italy/10169/2001(H1N1); Influenza A virus (A/swine/Italy/112147/2004(H1N1); Influenza A virus (A/swine/Italy/258654/2004(H1N1); Influenza A virus (A/swine/Italy/256764/2008(H1N1); Influenza A virus (A/swine/Italy/80114/2008(H1N1)	204	0.5
UniRef50_A8BJW3	Cluster: Polymerase basic protein 2 (Fragment)	UniProtKB Unreviewed (TrEMBL)	164	Influenza A virus (A/chicken/Shantou/22054/2005(H9N2); Influenza A virus (A/chicken/Guangxi/4745/2005(H9N2); Influenza A virus (A/chicken/Fujian/10954/2005(H9N2); Influenza A virus (A/Chicken/Hong Kong/879.1/01 (H5N1); Influenza A virus (A/Goose/Hong Kong/76.1/01 (H5N1); Influenza A virus (A/duck/Hokkaido/W299/2006(H9N2); Influenza A virus (A/canine/Beijing/511/2010(H3N2); Influenza A virus; Influenza A virus (A/duck/Vietnam/HU1-16/2014(H11N7); Influenza A virus (A/chicken/Vietnam/DT171/2004(H5N1)	414	0.5
UniRef50_A8BKC4	Cluster: RNA-directed RNA polymerase catalytic subunit (Fragment)	UniProtKB Unreviewed (TrEMBL)	53	Influenza A virus (A/chicken/Fujian/3080/2005(H9N2); Influenza A virus (A/chicken/Hunan/5700/2005(H9N2); Influenza A virus (A/chicken/Guangxi/4745/2005(H9N2); Influenza A virus (A/chicken/Guangxi/1032/2005(H9N2); Influenza A virus (A/chicken/Guangxi/1428/2005(H9N2); Influenza A virus (A/partridge/Shantou/2063/2000(H9N2); Influenza A virus (A/partridge/Shantou/1800/2000(H9N2); Influenza A virus (A/quail/Shantou/687/2005(H6N1); Influenza A virus (A/chicken/Shantou/6781/2005(H9N2); Influenza A virus (A/Guinea fowl/Shantou/8955/2005(H9N2)	483	0.5
UniRef50_A8BLR9	Cluster: Polymerase basic protein 2 (Fragment)	UniProtKB Unreviewed (TrEMBL)	130	Influenza A virus (A/partridge/Shantou/354/2002(H9N2); Influenza A virus (A/chukkar/Shantou/352/2002(H6N1); Influenza A virus (A/chukkar/Shantou/1712/2002(H6N1); Influenza A virus (A/quail/Shantou/5234/2001(H6N1); Influenza A virus (A/chukkar/Shantou/467/2002(H6N1); Influenza A virus (A/quail/Shantou/384/2002(H9N2); Influenza A virus (A/quail/Shantou/396/2002(H9N2); Influenza A virus (A/chukkar/Shantou/338/2002(H9N2); Influenza A virus (A/chukkar/Shantou/823/2002(H6N1); Influenza A virus (A/partridge/Shantou/1403/2002(H6N1)	414	0.5
UniRef50_A8BRE8	Cluster: Polymerase basic protein 2 (Fragment)	UniProtKB Unreviewed (TrEMBL)	43	Influenza A virus (A/duck/Shantou/3549/2001(H9N2); Influenza A virus (A/Viet Nam/3046/2004(H5N1); Influenza A virus (A/swine/Hong Kong/312/00(H3N2); Influenza A virus (A/chicken/Shantou/2098/2000(H9N2); Influenza A virus (A/chicken/Hong Kong/3123.1/2002(H5N1); Influenza A virus (A/chicken/Hebei/LC/2008(H9N2); Influenza A virus (A/chicken/Beijing/1/2006(H9N2); Influenza A virus (A/chicken/Beijing/20/2006(H9N2); Influenza A virus (A/duck/Vietnam/NCVD-3628/2013(H5N1); Influenza A virus (A/quail/Shantou/365/2002(H9N2)	382	0.5
UniRef50_A8BS59	Cluster: RNA-directed RNA polymerase catalytic subunit (Fragment)	UniProtKB Unreviewed (TrEMBL)	59	Influenza A virus (A/duck/Shantou/3460/2003(H9N2); Influenza A virus (A/duck/Shantou/3549/2001(H9N2); Influenza A virus (A/duck/Shantou/5401/2001(H9N2); Influenza A virus (A/duck/Shantou/5753/2001(H9N2); Influenza A virus (A/chicken/Shantou/69/2003(H9N2); Influenza A virus (A/chicken/Shantou/1890/2001(H9N2); Influenza A virus (A/duck/Shantou/5459/2001(H9N2); Influenza A virus (A/chicken/Shantou/2204/2002(H9N2); Influenza A virus (A/silky chicken/Shantou/2619/2001(H9N2); Influenza A virus (A/chicken/Shantou/944/2003(H9N2)	483	0.5
UniRef50_A8BSU0	Cluster: Polymerase basic protein 2 (Fragment)	UniProtKB Unreviewed (TrEMBL); UniParc	32	Influenza A virus (A/duck/Shantou/163/2004(H9N2); Influenza A virus (A/Sydney/DD3-33/2010(mixed); Influenza A virus (A/chicken/Guangxi/521/2005(H9N2); Influenza A virus (A/Luxembourg/101/2008(H1N1); Influenza A virus (A/duck/Shantou/7488/2004(H9N2); Influenza A virus (A/Luxembourg/090/2008(H1N1); Influenza A virus (A/Luxembourg/373/2008(H1N1); Influenza A virus (A/quail/Shantou/4203/2002(H9N2); Influenza A virus (A/quail/Shantou/4700/2002(H9N2); Influenza A virus (A/quail/Shantou/3851/2002(H9N2)	414	0.5
UniRef50_A8C0E9	Cluster: RNA-directed RNA polymerase catalytic subunit (Fragment)	UniProtKB Unreviewed (TrEMBL)	61	Influenza A virus (A/partridge/Shantou/7936/2004(H9N2); Influenza A virus (A/chicken/Yunnan/1147/2003(H9N2); Influenza A virus (A/chukkar/Shantou/6282/2004(H6N1); Influenza A virus (A/chicken/Yunnan/3727/2004(H9N2); Influenza A virus (A/chicken/Yunnan/3511/2004(H9N2); Influenza A virus (A/partridge/Shantou/1651/2004(H9N2); Influenza A virus (A/chukkar/Shantou/107/2004(H9N2); Influenza A virus (A/partridge/Shantou/4093/2003(H9N2); Influenza A virus (A/pheasant/Shantou/443/2003(H9N2); Influenza A virus (A/quail/Shantou/1978/2003(H9N2)	483	0.5
UniRef50_A8DX55	Cluster: Nucleoprotein (Fragment)	UniProtKB Unreviewed (TrEMBL)	21	Influenza A virus (A/chicken/Navapur/India/7972/2006(H5N1); Influenza A virus (A/chicken/Jalgaon/12419/2006(H5N1); Influenza A virus (A/duck/Vietnam/R7-05-0158/2013(H5N1); Influenza A virus (A/Ck/Indonesia/5/2004(H5N1); Influenza A virus (A/migratory duck/Jiangxi/1701/2005(H5N1); Influenza A virus (A/duck/Shantou/515/2004(H9N2); Influenza A virus (A/Ck/YN/115/2004(H5N1); Influenza A virus (A/quail/Vietnam/177/2004(H5N1); Influenza A virus (A/duck/Vietnam/258/2004(H5N1); Influenza A virus (A/chicken/Vietnam/398/2005(H5N1)	365	0.5
UniRef50_A8W0M3	Cluster: RNA-directed RNA polymerase catalytic subunit (Fragment)	UniProtKB Unreviewed (TrEMBL)	1	Influenza A virus (A/swine/Korea/GC0503/2005(H1N1)	125	0.5
UniRef50_A9X9Q0	Cluster: Hemagglutinin (Fragment)	UniProtKB Unreviewed (TrEMBL)	38	Influenza A virus (A/Duck/South Africa/1108/04(H5N?); Influenza A virus (A/ck/Korea/a196219/96); Influenza A virus; Influenza A virus (A/chicken/Egypt/Alex-2/2017(H5N8); Influenza A virus (A/chicken/El-Qalubia/CLEVB-AMH5/2014(H5N1); Influenza A virus (A/chicken/El-Giza/CLEVB-AMH10/2014(H5N1); Influenza A virus (A/chicken/El-Qalubia/CLEVB-AMH4/2014(H5N1); Influenza A virus (A/chicken/El-Qalubia/CLEVB-AMH7/2014(H5N1); Influenza A virus (A/pigeon/Egypt/HASH7/2015(H5N1); Influenza A virus (A/pigeon/Egypt/HASHM4/2016(H5N1)	102	0.5
UniRef50_A9YYG2	Cluster: Hemagglutinin (Fragment)	UniProtKB Unreviewed (TrEMBL)	27	Influenza A virus (A/Tehran/25/2006(H3N2); Influenza A virus (A/Tehran/14/2006(H3N2); Influenza A virus (A/Tehran/9/2006(H3N2); Influenza A virus (A/Shiraz/3/2005(H3N2); Influenza A virus (A/Shiraz/9/2005(H3N2); Influenza A virus (A/Shiraz/13/2006(H3N2); Influenza A virus (A/Shiraz/54/2006(H3N2); Influenza A virus (A/Shiraz/29/2006(H3N2); Influenza A virus (A/Tehran/27/2006(H3N2); Influenza A virus (A/Shiraz/02/2006(H3N2)	98	0.5
UniRef50_A9YYG6	Cluster: Hemagglutinin (Fragment)	UniProtKB Unreviewed (TrEMBL)	18	Influenza A virus (A/Tehran/30/2006(H1N1); Influenza A virus (A/Tehran/7/2006(H1N1); Influenza A virus (A/Tehran/12a/2008(H1N1); Influenza A virus (A/Habana/1057/1992(H1N1); Influenza A virus (A/Tehran/39/2008(H1N1); Influenza A virus (A/Shiraz/7/2005(H1N1); Influenza A virus (A/Shiraz/19/2005(H1N1); Influenza A virus (A/Tehran/2a/2008(H1N1); Influenza A virus (A/Tehran/36/2008(H1N1); Influenza A virus (A/Tehran/38/2008(H1N1)	177	0.5
UniRef50_B0JDD7	Cluster: Neuraminidase (Fragment)	UniProtKB Unreviewed (TrEMBL); UniParc	17	Influenza A virus (A/greylag goose/France/06310/2006(H5N1); Influenza A virus (A/golden mountain thrush/Fujian/376/04(H5N1); Influenza A virus (A/curlew/Shandong/61/04(H5N1); Influenza A virus; Influenza A virus (A/Pondicherry/PIM7/2012(H1N1); Influenza A virus (A/slaty-backed gull/Shandong/59/04(H5N1); Heyndrickxia shackletonii	293	0.5
UniRef50_B0LMZ4	Cluster: Protein PA-X (Fragment)	UniProtKB Unreviewed (TrEMBL)	2	Influenza A virus (A/duck/Korea/LPM23/2005(H3N2); Influenza A virus	445	0.5
UniRef50_B0LN00	Cluster: Protein PA-X (Fragment)	UniProtKB Unreviewed (TrEMBL)	9	Influenza A virus (A/duck/Korea/LPM56/2005(H3N2); Influenza A virus (A/chicken/Korea/LPM44/2005(H3N2); Influenza A virus (A/duck/Korea/LPM66/2006(H3N2); Influenza A virus (A/duck/Korea/LPM01/2004(H3N2); Influenza A virus (A/chicken/Korea/LPM17/2004(H3N2); Influenza A virus (A/duck/Korea/LPM22/2005(H3N2); Influenza A virus (A/chicken/Korea/LPM88/2006(H3N2); Influenza A virus (A/chicken/Iran/RZ28/2008(H9N2); Influenza A virus (A/duck/Korea/LPM09/2004(H3N2)	446	0.5
UniRef50_B0Z8R2	Cluster: Neuraminidase (Fragment)	UniProtKB Unreviewed (TrEMBL)	2	Influenza A virus (A/aquatic bird/Korea/CN-1/2004(H3N6); Influenza A virus (A/duck/Western Australia/8069/1984(H4N6)	210	0.5
UniRef50_B2KUI3	Cluster: Neuraminidase (Fragment)	UniProtKB Unreviewed (TrEMBL)	1	Influenza A virus (A/shorebird/Korea/S331/2006(H10N9)	210	0.5
UniRef50_B2KUK8	Cluster: Nucleoprotein (Fragment)	UniProtKB Unreviewed (TrEMBL)	6	Influenza A virus (A/shorebird/Korea/S46/2006(H4N6); Influenza A virus (A/swine/Cotes d'Armor/016007/2005(H1N1); Influenza A virus (A/goose/Taiwan/TNO5/2015(H5N8); Influenza A virus (A/duck/IT/701/2005(H10N7); Influenza A virus (A/ostrich/HeNan/14/2002(H5N1); Influenza A virus (A/Palestine/01/2013(H1N1)	162	0.5
UniRef50_B2KWG2	Cluster: Hemagglutinin (Fragment)	UniProtKB Unreviewed (TrEMBL)	3	Influenza A virus (A/shorebird/Korea/S285/2006(H10N4); Influenza A virus (A/Hong Kong/301/78(H7N1); Influenza A virus (A/teal/Tynda/6114/2008(H10N6)	222	0.5
UniRef50_B2KX85	Cluster: Neuraminidase (Fragment)	UniProtKB Unreviewed (TrEMBL)	5	Influenza A virus (A/shorebird/Korea/S83/2006(H5N3); Influenza A virus (A/mallard/Sweden/105050/2009(H2N3); Influenza A virus (A/Dublin/12/2009(H1N1); Influenza A virus (A/Dublin/11/2009(H1N1); Influenza A virus	264	0.5
UniRef50_B2KZE8	Cluster: Hemagglutinin (Fragment)	UniProtKB Unreviewed (TrEMBL)	1	Influenza A virus (A/shorebird/Korea/S303/2006(H11N4)	154	0.5
UniRef50_B2RFT7	Cluster: Hemagglutinin (Fragment)	UniProtKB Unreviewed (TrEMBL)	1	Influenza A virus (A/mallard/Germany/Wv1317-21/03(H2N3)	23	0.5
UniRef50_B3EUR5	Cluster: Protein PB1-F2	UniProtKB Reviewed (Swiss-Prot)	1	Influenza A virus (strain A/Swine/Wisconsin/1/1961 H1N1)	11	0.5
UniRef50_B3GSS6	Cluster: Neuraminidase (Fragment)	UniProtKB Unreviewed (TrEMBL)	16	Influenza A virus (A/Alexandroupolis/130/2006(H3N2); Influenza A virus (A/India/P063078/2006(H3N2); Influenza A virus (A/swine/Hong Kong/1462/2003(H1N2); Influenza A virus (A/swine/Hong Kong/NS984/2003(H1N2); Influenza A virus (A/swine/Hong Kong/NS977/2003(H1N2); Influenza A virus (A/swine/Hong Kong/NS978/2003(H1N2); Influenza A virus (A/swine/Hong Kong/281/2004(H1N2); Influenza A virus (A/swine/Hong Kong/1755/2003(H1N2); Influenza A virus (A/swine/Hong Kong/1760/2003(H1N2); Influenza A virus (A/swine/Hong Kong/NS1196/2003(H1N2)	356	0.5
UniRef50_B3W4A4	Cluster: Truncated hemagglutinin (Fragment)	UniProtKB Unreviewed (TrEMBL)	1	Influenza A virus (A/Sparti/96/2000(H3N2)	19	0.5
UniRef50_B3W4A5	Cluster: Hemagglutinin (Fragment)	UniProtKB Unreviewed (TrEMBL)	29	Influenza A virus (A/Athens/172/2000(H3N2); Influenza A virus (A/RiodeJaneiro/580/01(H3N2); Influenza A virus (A/RiodeJaneiro/565/01(H3N2); Influenza A virus (A/RioGdoSul/523/01(H3N2); Influenza A virus (A/RiodeJaneiro/172/00(H3N2); Influenza A virus (A/Oslo/910/1999(H3N2); Influenza A virus (A/Oslo/283/98(H3N2); Influenza A virus (A/Kinmen/618/03(H3N2); Influenza A virus (A/Nagasaki/N02/2005(H3N2); Influenza A virus (A/Oviedo/RR605/00(H3N2)	211	0.5
UniRef50_B3W4A9	Cluster: Neuraminidase (Fragment)	UniProtKB Unreviewed (TrEMBL)	1	Influenza A virus (A/Athens/112/1996(H3N2)	144	0.5
UniRef50_B3W4B2	Cluster: Truncated neuraminidase (Fragment)	UniProtKB Unreviewed (TrEMBL)	1	Influenza A virus (A/Athens/2435/1981(H3N2)	33	0.5
UniRef50_B4UQ16	Cluster: Polymerase basic protein 2 (Fragment)	UniProtKB Unreviewed (TrEMBL)	25	Influenza A virus (A/mallard duck/Minnesota/Sg-00121/2007(H1N1); Influenza A virus (A/chicken/Ayutthaya/Thailand/CU-23/04(H5N1); Influenza A virus (A/common teal/Mongolia/2273/2011(H6N6); Influenza A virus; Influenza A virus (A/chicken/Pakistan/NARC-28842/2011(H4N6); Influenza A virus (A/Khaki Campbell duck/Karachi/NARC-23963/2010(H4N6); Influenza A virus (A/wild bird/Korea/5-77/2005(H7N8); Influenza A virus (A/mallard/Korea/KU683/2008(H5N2); Influenza A virus (A/wild bird/Korea/AG63/2006(H5N2); Influenza A virus (A/chicken/Jiangxi/23241/2013(mixed)	715	0.5
UniRef50_B4YQC3	Cluster: Neuraminidase (Fragment)	UniProtKB Unreviewed (TrEMBL)	31	Influenza A virus (A/Madrid/RR1966/2005(H3N2); Influenza A virus (A/Madrid/RR1975/2005(H3N2); Influenza A virus (A/Madrid/RR1949/2005(H3N2); Influenza A virus (A/India/D0815953/2008(H3N2); Influenza A virus (A/India/C0817294/2008(H3N2); Influenza A virus (A/swine/Pingtung/199-2/2002(H3N2); Influenza A virus (A/swine/Bavaria/81033/2013(H1N2); Influenza A virus (A/mallard/Sweden/79259/2008(H11N2); Influenza A virus (A/India/C091337/2008(H3N2); Influenza A virus	251	0.5
UniRef50_B5UBE5	Cluster: Neuraminidase (Fragment)	UniProtKB Unreviewed (TrEMBL)	1	Influenza B virus (B/Leiden/22251/2008)	164	0.5
UniRef50_B6EB79	Cluster: Neuraminidase (Fragment)	UniProtKB Unreviewed (TrEMBL)	166	Influenza A virus (A/chicken/Egypt/F6/2007(H5N1); Influenza A virus (A/swine/Buleleng/20/2006(H5N1); Influenza A virus (A/turkey/Egypt/F2/2006(H5N1); Influenza A virus (A/eagle owl/Germany/R1166/06(H5N1); Influenza A virus (A/Madrid/RC13/2009(H1N1); Influenza A virus (A/quail/Thailand/CU-J1835/2009(H7N1); Influenza A virus; Influenza A virus (A/swine/Italy/219851-3/2005(H1N1); Influenza A virus (A/swine/Italy/90315/2004(H1N1); Influenza A virus (A/swine/Italy/204931/2005(H1N1)	191	0.5
UniRef50_B9A990	Cluster: Polymerase basic protein 2 (Fragment)	UniProtKB Unreviewed (TrEMBL)	17	Influenza A virus (A/duck/Hokkaido/143/2004(H4N2); Influenza A virus (A/duck/Vietnam/OIE-2584/2009(H9N2); Influenza A virus (A/duck/Vietnam/OIE-2593/2009(H9N2); Influenza A virus (A/duck/Vietnam/OIE-2581/2009(H9N2); Influenza A virus (A/duck/Vietnam/OIE-2582/2009(H9N2); Influenza A virus (A/duck/Vietnam/OIE-2592/2009(H9N2); Influenza A virus (A/duck/Vietnam/OIE-2595/2009(H9N2); Influenza A virus (A/duck/Vietnam/OIE-2587/2009(H9N2); Influenza A virus (A/duck/Vietnam/OIE-2576/2009(H9N2); Influenza A virus (A/duck/Vietnam/OIE-2583/2009(H9N2)	187	0.5
UniRef50_C0LUL9	Cluster: Neuraminidase (Fragment)	UniProtKB Unreviewed (TrEMBL)	3	Influenza A virus (A/New York/312/2001(H1N1); Influenza A virus (strain A/Brazil/11/1978 H1N1); Influenza A virus (A/NWS/1933(H1N1)	210	0.5
UniRef50_C1FW86	Cluster: Putative PB1-F2 protein	UniProtKB Unreviewed (TrEMBL)	2	Influenza A virus (A/swine/England/WVL16/1998(H1N1); Influenza A virus (A/swine/Denmark/10-1958-1/2011(H1N2)	45	0.5
UniRef50_C1IK69	Cluster: Neuraminidase (Fragment)	UniProtKB Unreviewed (TrEMBL); UniParc	19	Influenza A virus (A/shoveler/Egypt/900845/2004(H10N7); Influenza A virus (A/teal/Egypt/912908/2005(H10N7); Influenza A virus (A/duck/Shantou/6212/2006(H6N6); Influenza A virus (A/duck/Shantou/7412/2006(H6N6); Influenza A virus (A/duck/Shantou/4052/2006(H6N6); Influenza A virus (A/duck/Vietnam/HU1-140/2014(H4N6); Influenza A virus (A/duck/Vietnam/HU1-178/2014(H9N6); Influenza A virus (A/duck/Vietnam/HU1-632/2014(H6N6); Influenza A virus (A/great black-backedgull/Newfoundland/YH038/2010(H13N6); Influenza A virus (A/duck/Guizhou/1102/2007(H6N6)	320	0.5
UniRef50_C1IK86	Cluster: Hemagglutinin (Fragment)	UniProtKB Unreviewed (TrEMBL)	1	Influenza A virus (A/goose/Egypt/905588/2006(H7N7)	49	0.5
UniRef50_C1IK88	Cluster: Matrix protein 2 (Fragment)	UniProtKB Unreviewed (TrEMBL)	1	Influenza A virus (A/goose/Egypt/905588/2006(H7N7)	35	0.5
UniRef50_C1IKA5	Cluster: Hemagglutinin (Fragment)	UniProtKB Unreviewed (TrEMBL)	1	Influenza A virus (A/yellow-legged gull/Ukraine/912306/2005(H13)	149	0.5
UniRef50_C1IKB0	Cluster: Neuraminidase (Fragment)	UniProtKB Unreviewed (TrEMBL); UniParc	4	Influenza A virus (A/teal/Egypt/912823/2005(H10N7); Influenza A virus (A/shoveler/Italy/2698-3/2006(H7N7); Influenza A virus; Marivirga lumbricoides	209	0.5
UniRef50_C3PR59	Cluster: Hemagglutinin	UniProtKB Unreviewed (TrEMBL); UniParc	10805	Influenza A virus (A/Sydney/5/1997(H3N2); Influenza A virus (A/Helsinki/798/2013(H3N2); Influenza A virus (A/Helsinki/897/2013(H3N2); Influenza A virus (A/Helsinki/716/2013(H3N2); Influenza A virus (A/South Carolina/24/2012(H3N2); Influenza A virus (A/Minnesota/08/2011(H3N2); Influenza A virus (A/Qingdao/1157/2009(H3N2); Influenza A virus; Influenza A virus (A/Qingdao/1346/2009(H3N2); Influenza A virus (A/swine/Hong Kong/3700/2011(H3N2)	566	0.5
UniRef50_C3W645	Cluster: Hemagglutinin (Fragment)	UniProtKB Unreviewed (TrEMBL)	3	Influenza A virus (A/Toronto/3170/2009(H1N1); Influenza A virus (A/Assam/SW109/2009(H1N1); Influenza A virus (A/Assam/SW02/2009(H1N1)	158	0.5
UniRef50_C5E533	Cluster: Hemagglutinin (Fragment)	UniProtKB Unreviewed (TrEMBL); UniParc	509	Influenza A virus (A/swine/Illinois/63607-18/2008 (H3N2); Influenza A virus (A/swine/Iowa/36241/2005(H3N2); Influenza A virus (A/swine/North Carolina/38715/2005(H3N2); Influenza A virus (A/swine/Illinois/34642/2005(H3N2); Influenza A virus (A/swine/Iowa/18469/2009(H3N2); Influenza A virus (A/swine/Iowa/36243/2005(H3N2); Influenza A virus (A/swine/Missouri/15808/2008(H3N2); Influenza A virus (A/swine/Missouri/A01241619/2012(H3N2); Influenza A virus (A/swine/North Carolina/225-7/2008(H3N2); Influenza A virus (A/swine/Illinois/02945/2010(H3N2)	304	0.5
UniRef50_C5E557	Cluster: Hemagglutinin (Fragment)	UniProtKB Unreviewed (TrEMBL)	367	Influenza A virus (A/swine/Minnesota/63607-31/2008 (H1N1); Influenza A virus (A/swine/Minnesota/A01489097/2015(H1N1); Influenza A virus (A/swine/Wisconsin/01768/2007(H1); Influenza A virus (A/swine/North Carolina/01808/2007(H1N1); Influenza A virus (A/swine/Minnesota/225-5/2008 (H1N1); Influenza A virus (A/swine/Illinois/01432/2007(H1N1); Influenza A virus (A/swine/Illinois/01524/2007(H1N1); Influenza A virus (A/swine/Illinois/02374/2008(H1N1); Influenza A virus (A/swine/Illinois/02167/2008(H1N1); Influenza A virus (A/swine/Illinois/02260/2008(H1N1)	300	0.5
UniRef50_C5MSH6	Cluster: Hemagglutinin (Fragment)	UniProtKB Unreviewed (TrEMBL)	23	Influenza A virus (A/Nonthaburi/102/2009(H1N1); Influenza A virus (A/Madrid/RC2/2009(H1N1); Influenza A virus (A/Madrid/RC12/2009(H1N1); Influenza A virus (A/Santiago/3827/2009(H1N1); Influenza A virus (A/Kenya/0045/2009(H1N1); Influenza A virus (A/Roma/ISS15/2009(H1N1); Influenza A virus (A/South Africa/4329/2009(H1N1); Influenza A virus (A/South Africa/5713/2009(H1N1); Influenza A virus (A/South Africa/3732/2009(H1N1); Influenza A virus (A/South Africa/4332/2009(H1N1)	302	0.5
UniRef50_C5MVT4	Cluster: Hemagglutinin (Fragment)	UniProtKB Unreviewed (TrEMBL)	2	Influenza A virus (A/Athens/940/2009(H1N1); Influenza A virus (A/Athens/761/2009(H1N1)	218	0.5
UniRef50_C5NTL6	Cluster: Neuraminidase (Fragment)	UniProtKB Unreviewed (TrEMBL)	2	Influenza A virus (A/Aichi/125/2008(H1N1); Influenza A virus (A/Aichi/124/2008(H1N1)	228	0.5
UniRef50_C5NU30	Cluster: Matrix protein 2 (Fragment)	UniProtKB Unreviewed (TrEMBL)	135	Influenza A virus (A/duck/Taiwan/wb1-25-1TNF/1999(H4N6); Influenza A virus (A/duck/Taiwan/GY/0303/2000(H8N4); Influenza A virus (A/shorebird/Delaware/259/2000(H6N4); Influenza A virus (A/Guizhou/112/2001(H3N2); Influenza A virus (A/Tianjin/231/2001(H3N2); Influenza A virus (A/Hafang/180/2001(H3N2); Influenza A virus (A/Liaoning/40/2002(H3N2); Influenza A virus (A/Henan/5/2002(H3N2); Influenza A virus (A/Suifang/442/2000(H3N2); Influenza A virus (A/California/NHRC_BRD21395N/2016(H1N1)	71	0.5
UniRef50_C6GBS6	Cluster: Polymerase PA (Fragment)	UniProtKB Unreviewed (TrEMBL)	10	Influenza A virus (A/duck/Viet Nam/12A-LA/2008(H5N1); Influenza A virus (A/duck/Viet Nam/17A-TV/2008(H5N1); Influenza A virus (A/duck/Viet Nam/36ST/2008(H5N1); Influenza A virus (A/duck/Viet Nam/38ST/2008(H5N1); Influenza A virus (A/duck/Viet Nam/41ST/2008(H5N1); Influenza A virus (A/chicken/Viet Nam/DT-015/2004(H5N1); Influenza A virus (A/Sendai/TU17/2008(H1N1); Influenza A virus (A/Sendai/TU106/2007(H1N1); Influenza A virus (A/Sendai/TU13/2008(H1N1); Influenza A virus (A/Canterbury/200/2004(H3N2)	159	0.5
UniRef50_C6KN09	Cluster: Neuraminidase (Fragment)	UniProtKB Unreviewed (TrEMBL)	2	Influenza A virus (A/Mexico City/6/2009(H1N1); Influenza A virus	187	0.5
UniRef50_C6Y817	Cluster: Protein PA-X (Fragment)	UniProtKB Unreviewed (TrEMBL); UniParc	525	Influenza A virus (A/Japan/1070/2009(H1N1); Influenza A virus (A/pheasant/HongKong/WF54/03(H9N2); Influenza A virus (A/chicken/HongKong/SSP101/03(H9N2); Influenza A virus (A/chicken/HongKong/CSW304/03(H9N2); Influenza A virus (A/swine/Hong Kong/1311/01(H3N2); Influenza A virus (A/swine/Hong Kong/9840/01(H3N2); Influenza A virus (A/mallard/Minnesota/Sg-00629/2008(H3N8); Influenza A virus (A/Goose/Hong Kong/ww491/2000(H5N1); Influenza A virus (A/chicken/Shantou/1689/2003(H9N2); Influenza A virus (A/chicken/Shantou/2686/2003(H9N2)	522	0.5
UniRef50_C7A886	Cluster: Hemagglutinin (Fragment)	UniProtKB Unreviewed (TrEMBL)	9	Influenza A virus (A/Taiwan/VGHYM1220-03/1988(H3N2); Influenza A virus (A/Taiwan/VGHYM1001-06/1990(H3N2); Influenza A virus (A/Taiwan/VGHYM0122-09/1985(H3N2); Influenza A virus (A/Taiwan/VGHYM0128-01/1992(H3N2); Influenza A virus (A/Taiwan/VGHYM0707-02/1981(H3N2); Influenza A virus (A/Taiwan/VGHYM0116-02/1990(H3N2); Influenza A virus (A/Gunma/131/90(H3N2); Influenza A virus (A/Taiwan/VGHYM0713-10/1987(H3N2); Influenza A virus (A/Taiwan/VGHYM0604-08/1980(H3N2)	178	0.5
UniRef50_C7AGN7	Cluster: RNA-directed RNA polymerase catalytic subunit (Fragment)	UniProtKB Unreviewed (TrEMBL)	40	Influenza A virus (A/swine/Shandong/128/2008(H1N1); Influenza A virus (A/swine/Shandong/692/2008(H1N1); Influenza A virus (A/swine/Shandong/62/2008(H1N1); Influenza A virus (A/swine/Fujian/58/2008(H1N1); Influenza A virus (A/swine/Shandong/443/2008(H1N1); Influenza A virus (A/swine/Shandong/187/2008(H1N1); Influenza A virus (A/swine/Shandong/1012/2008(H1N1); Influenza A virus (A/swine/Beijing/26/2008(H1N1); Influenza A virus (A/chicken/Jilin/A/2012(H9N2); Influenza A virus (A/chicken/Jilin/SJ13/2012(H9N2)	232	0.5
UniRef50_C7FPP5	Cluster: Nucleocapsid protein (Fragment)	UniProtKB Unreviewed (TrEMBL)	1	Influenza A virus (A/Candos/1/2009(H1N1)	29	0.5
UniRef50_C7S893	Cluster: Neuraminidase (Fragment)	UniProtKB Unreviewed (TrEMBL)	39	Influenza A virus (A/duck/Korea/S72/2007(H3N2); Influenza A virus (A/common murre/Newfoundland/AB353/2011(H1N2); Influenza A virus (A/common murre/Newfoundland/AB335/2011(H1N2); Influenza A virus (A/duck/Korea/S71/2007(H3N2); Influenza A virus (A/duck/Vietnam/OIE-2583/2009(H9N2); Influenza A virus (A/duck/Vietnam/OIE-2593/2009(H9N2); Influenza A virus (A/duck/Vietnam/OIE-2581/2009(H9N2); Influenza A virus (A/duck/Vietnam/OIE-2582/2009(H9N2); Influenza A virus (A/duck/Vietnam/OIE-2592/2009(H9N2); Influenza A virus (A/duck/Vietnam/OIE-2595/2009(H9N2)	262	0.5
UniRef50_C8XNV3	Cluster: Hemagglutinin (Fragment)	UniProtKB Unreviewed (TrEMBL); UniParc	69	Influenza A virus (A/Santiago/2968/2009(H1N1); Influenza A virus (A/swine/Poland/13431/2012(H1N1); Influenza A virus (A/Eastern India/261/2009(H1N1); Influenza A virus (A/Katerini/2790/2009(H1N1); Influenza A virus (A/Hokkaido/T16/2009(H1N1); Influenza A virus (A/Tunisia/15656/2009(H1N1); Influenza A virus (A/Italy/06/2009(H1N1); Influenza A virus (A/Tunisia/20083/2009(H1N1); Influenza A virus (A/Uganda/SW404/2009(H1N1); Influenza A virus (A/Madagascar/7567/2009(H1N1)	307	0.5
UniRef50_C8XNV6	Cluster: Nucleocapsid protein (Fragment)	UniProtKB Unreviewed (TrEMBL)	1	Influenza A virus (A/Santiago/3221/2009(H1N1)	219	0.5
UniRef50_C9S2F1	Cluster: PB1-F2 protein (Fragment)	UniProtKB Unreviewed (TrEMBL)	1	Influenza A virus (A/reassortant/RESVIR17(Panama/2007/1999 x PuertoRico/8/1934)	16	0.5
UniRef50_D0UED1	Cluster: Hemagglutinin (Fragment)	UniProtKB Unreviewed (TrEMBL)	2	Influenza A virus (A/green-winged teal/Sonora/266/2008(H6); Influenza A virus (A/duck/Hokkaido/96/2001(H2N3)	251	0.5
UniRef50_D1CL13	Cluster: Matrix protein 2 (Fragment)	UniProtKB Unreviewed (TrEMBL)	14	Influenza A virus (A/Singapore/279M/2009(H1N1); Influenza A virus (A/Rio de Janeiro/332/2009(H1N1); Influenza A virus (A/Rio de Janeiro/290/2009(H1N1); Influenza A virus (A/Minas Gerais/65/2009(H1N1); Influenza A virus (A/Santa Catarina/296/2009(H1N1); Influenza A virus (A/Rio de Janeiro/118/2009(H1N1); Influenza A virus (A/Rio de Janeiro/307/2009(H1N1); Influenza A virus (A/Rio de Janeiro/125/2009(H1N1); Influenza A virus (A/seal/Massachusetts/1/1980(H7N7); Influenza A virus (A/herring gull/Atyrau/2186/2007(H11N2)	45	0.5
UniRef50_D1LI29	Cluster: Nonstructural protein 1 (Fragment)	UniProtKB Unreviewed (TrEMBL)	2	Influenza A virus (A/ruddy turnstone/Delaware/726/2002(H2N1); Influenza A virus (A/duck/Hokkaido/299/2004(H5N3)	125	0.5
UniRef50_D1LNJ3	Cluster: Neuraminidase (Fragment)	UniProtKB Unreviewed (TrEMBL)	3	Influenza A virus (A/black-headed gull/Astrakhan/44/1988(H13N6); Influenza A virus (A/chicken/Vietnam/HU1-524/2014(H6N6); Influenza A virus (A/mallard/New Zealand/1365-355/2005(H7N7)	174	0.5
UniRef50_D1LNT7	Cluster: Neuraminidase (Fragment)	UniProtKB Unreviewed (TrEMBL)	2	Influenza A virus (strain A/Duck/Ukraine/1/1963 H3N8); Influenza A virus	316	0.5
UniRef50_D1LQT8	Cluster: Polymerase basic protein 2 (Fragment)	UniProtKB Unreviewed (TrEMBL)	10	Influenza A virus (A/chicken/Pakistan/1/2004(H7N3); Influenza A virus (A/wild bird/Vietnam/434/2005(H5N1); Influenza A virus (A/chicken/Vietnam/393/2005(H5N1); Influenza A virus (A/chicken/Vietnam/134/2004(H5N1); Influenza A virus (A/Uganda/MUWRP-013/2008(H3N2); Influenza A virus (A/duck/Vietnam/S654/2005(H5N1); Influenza A virus (A/quail/Vietnam/282/2005(H5N1); Influenza A virus; Influenza A virus (A/chicken/Thailand/ICRC-195/2007(H5N1); Influenza A virus (A/wild bird/Jilin/SJ95/2012(H9N2)	413	0.5
UniRef50_D1LR11	Cluster: Neuraminidase (Fragment)	UniProtKB Unreviewed (TrEMBL)	109	Influenza A virus (A/chicken/Germany/1934(H7N1); Influenza A virus (A/Kurume/L12/2010(H1N1); Influenza A virus (A/Kurume/L6/2010(H1N1); Influenza A virus (A/Kurume/L9/2010(H1N1); Influenza A virus; Influenza A virus (A/Ph/HK/sv674.15/02 (H5N1); Influenza A virus (A/chicken/Vietnam/HD1/2004(H5N1); Influenza A virus (A/chicken/Vietnam/HD2/2004(H5N1); Influenza A virus (A/black bulbul/Fujian/439/04(H5N1); Influenza A virus (A/Kurume/6/2009(H1N1)	369	0.5
UniRef50_D1LRF1	Cluster: Neuraminidase (Fragment)	UniProtKB Unreviewed (TrEMBL)	3	Influenza A virus (A/chicken/Pakistan/1369-CR2/1995(H7N3); Influenza A virus (A/mandarin duck/Korea/468/2011(H7N3); Influenza A virus (A/chicken/Jalisco/12283/2012(H7N3)	296	0.5
UniRef50_D1LSR2	Cluster: Neuraminidase (Fragment)	UniProtKB Unreviewed (TrEMBL)	4	Influenza A virus (A/mallard/Maryland/950/2004(H11N9); Influenza A virus (A/ruddy turnstone/Delaware/96/2002(H2N9); Influenza A virus (A/northern pintail/Illinois/464067-4/2006(H5N9); Influenza A virus (A/shoveler/Egypt/900600/2004(H10N7)	324	0.5
UniRef50_D1MLU1	Cluster: Hemagglutinin (Fragment)	UniProtKB Unreviewed (TrEMBL)	5	Influenza A virus (A/India/GWMH01/2009(H1N1); Influenza A virus (A/India/GWMH04/2009(H1N1); Influenza A virus (A/India/GWMH03/2009(H1N1); Influenza A virus (A/India/GWMH02/2009(H1N1); Influenza A virus (A/India/GWMH05/2009(H1N1)	62	0.5
UniRef50_D1MXH0	Cluster: Polymerase basic protein 2 (Fragment)	UniProtKB Unreviewed (TrEMBL)	4	Influenza A virus (A/Sendai/TU50/2008(H1N1); Influenza A virus (A/Sendai/TU160/2008(H1N1); Influenza A virus (A/Sendai/TU60/2008(H1N1); Influenza A virus (A/Sendai/TU104/2006(H1N1)	145	0.5
UniRef50_D1MXR9	Cluster: Neuraminidase (Fragment)	UniProtKB Unreviewed (TrEMBL); UniParc	15	Influenza A virus (A/Sendai/TU120/2007(H1N1); Influenza A virus (A/Sendai/TU125/2007(H1N1); Influenza A virus (A/swine/Spain/15/2009(H1N1); Influenza A virus (A/swine/Spain/14/2009(H1N1); Influenza A virus (A/swine/Spain/25/2009(H1N1); Influenza A virus (A/swine/Spain/23/2009(H1N1); Influenza A virus (A/UAE/E01/2009(H1N1); Influenza A virus (A/UAE/D07/2009(H1N1); Influenza A virus (A/Siirt/01/2016(H1N1); Influenza A virus (A/Uruguay/VC118/2011(H1N1)	141	0.5
UniRef50_D1MXX5	Cluster: Nonstructural protein 2 (Fragment)	UniProtKB Unreviewed (TrEMBL)	1	Influenza A virus (A/Sendai/TU101/2006(H1N1)	23	0.5
UniRef50_D1MXY2	Cluster: Non-structural protein 1 (Fragment)	UniProtKB Unreviewed (TrEMBL); UniParc	83	Influenza A virus (A/Sendai/TU106/2007(H1N1); Influenza A virus (A/Sendai/TU103/2006(H1N1); Influenza A virus (A/Sendai/TU101/2006(H1N1); Influenza A virus (A/Sendai/TU70/2008(H1N1); Influenza A virus (A/swine/Cotes d'Armor/016007/2005(H1N1); Influenza A virus (A/Duck/Nanchang/10-389/2000(H9N2); Influenza A virus (A/Chicken/Nanchang/2-220/2001(H3N6); Influenza A virus (A/chicken/Nanchang/3-120/2001(H3N2); Influenza A virus (A/Chicken/Nanchang/4-361/2001(H9N2); Influenza A virus (A/duck/Peru/32/2006(H3N8)	169	0.5
UniRef50_D2DEY1	Cluster: Matrix protein 1 (Fragment)	UniProtKB Unreviewed (TrEMBL)	12	Influenza A virus (A/Egyptian goose/South Africa/AI23/2004(H5N2); Influenza A virus (A/chicken/Sagaing/295/2010(H5N1); Influenza A virus (A/mallard duck/Alberta/645/1980(H5N2); Influenza A virus; Influenza A virus (A/shorebird/Delaware/109/2000(H5N4); Influenza A virus (A/duck/Hong Kong/825/80(H5N3); Influenza A virus (A/duck/Taiwan/0107/2000(H11N9); Influenza A virus (A/common teal/Shanghai/PD1108-4/2013(H5N1); Influenza A virus (A/turkey/CA/527/2002(H6N2); Influenza A virus (A/chicken/CA/625/2002(H6N2)	195	0.5
UniRef50_D2JY35	Cluster: Nuclear export protein (Fragment)	UniProtKB Unreviewed (TrEMBL)	1	Influenza B virus (B/Riyadh/01/2007)	79	0.5
UniRef50_D2KNB5	Cluster: Hemagglutinin (Fragment)	UniProtKB Unreviewed (TrEMBL)	2	Influenza A virus (A/swine/Skane/1321/1983(H1N1); Influenza A virus (A/swine/Korea/GC0503/2005(H1N1)	216	0.5
UniRef50_D2KRN2	Cluster: Neuraminidase (Fragment)	UniProtKB Unreviewed (TrEMBL)	1	Influenza A virus (A/Israel/6290/2009(H1N1)	114	0.5
UniRef50_D2T096	Cluster: Polymerase PB2 (Fragment)	UniProtKB Unreviewed (TrEMBL); UniParc	25	Influenza A virus (A/turkey/France/05045/2005(H1N2); Influenza A virus; Influenza A virus (A/chicken/Hong Kong/TP38/2003(H9N2); Influenza A virus (A/chicken/Jordan/1540/2003(H9N2); Influenza A virus (A/swine/Arkansas/SG1379/2011(H1N2); Influenza A virus (A/turkey/France/05016/2005(H1N1); Influenza A virus (A/turkey/Germany/3/91(H1N1); Influenza A virus (A/swine/Shizuoka/1/1978(H1N1); Influenza A virus (strain A/Swine/Hong Kong/126/1982 H3N2); Influenza A virus (A/quail/Nanchang/12-340/2000(H1N1)	133	0.5
UniRef50_D2T0A0	Cluster: Nucleocapsid protein (Fragment)	UniProtKB Unreviewed (TrEMBL); UniParc	2	Influenza A virus (A/mallard/France/710/2002(H1N1); Paeniglutamicibacter kerguelensis	161	0.5
UniRef50_D2T0A4	Cluster: Hemagglutinin (Fragment)	UniProtKB Unreviewed (TrEMBL)	5	Influenza A virus (A/mallard/France/710/2002(H1N1); Influenza A virus (A/turkey/France/05016/2005(H1N1); Influenza A virus (A/Aragon/RR3218/2008(H1N1); Influenza A virus (A/swine/Spain/7/2009(H1N1); Influenza A virus	132	0.5
UniRef50_D2Z1H5	Cluster: RNA-directed RNA polymerase catalytic subunit (Fragment)	UniProtKB Unreviewed (TrEMBL)	1	Influenza A virus (A/equine/Hokkaido/I828/2008(H3N8)	156	0.5
UniRef50_D2Z1I0	Cluster: Matrix protein 1 (Fragment)	UniProtKB Unreviewed (TrEMBL)	9	Influenza A virus (A/equine/Hokkaido/I828/2008(H3N8); Influenza A virus (A/teal/Amurskaya Oblast/928/2009(H6N6); Influenza A virus (A/teal/Amurskaya Oblast/932/2009(H6); Influenza A virus (A/duck/Hokkaido/1190/2001(H1N1); Influenza A virus (A/chicken/Pennsylvania/143586/2002(H7N2); Influenza A virus (A/Brazil/RS-3504/2009(H1N1); Influenza A virus	192	0.5
UniRef50_D3G610	Cluster: Neuraminidase (Fragment)	UniProtKB Unreviewed (TrEMBL)	4	Influenza A virus (A/mallard/Alberta/11513/2005(mixed); Influenza A virus (A/Sparti/96/2000(H3N2); Influenza A virus (A/Mexico/InDRE4553H/2010(H3N2); Influenza A virus (A/Athens/2342/1981(H3N2)	122	0.5
UniRef50_D3KWD5	Cluster: Neuraminidase (Fragment)	UniProtKB Unreviewed (TrEMBL); UniParc	46	Influenza A virus (A/Aichi/257/2009(H1N1); Influenza A virus (A/Aichi/265/2009(H1N1); Influenza A virus (A/Aichi/280/2009(H1N1); Influenza A virus (A/Aichi/258/2009(H1N1); Influenza A virus (A/Aichi/274/2009(H1N1); Influenza A virus (A/Aichi/269/2009(H1N1); Influenza A virus (A/Aichi/272/2009(H1N1); Influenza A virus (A/Aichi/270/2009(H1N1); Influenza A virus (A/Aichi/266/2009(H1N1); Influenza A virus (A/Aichi/281/2009(H1N1)	253	0.5
UniRef50_D4HFQ0	Cluster: Neuraminidase (Fragment)	UniProtKB Unreviewed (TrEMBL)	28	Influenza A virus (A/Madrid/RC8/2009(H1N1); Influenza A virus (A/India/LKO3394/2013(H1N1); Influenza A virus (A/India/LKO3228/2013(H1N1); Influenza A virus (A/India/LKO3229/2013(H1N1); Influenza A virus (A/India/LKO3239/2013(H1N1); Influenza A virus (A/India/LKO2600/2012(H1N1); Influenza A virus (A/India/LKO2591/2012(H1N1); Influenza A virus (A/India/LKO2733/2012(H1N1); Influenza A virus (A/India/LKO2848/2012(H1N1); Influenza A virus (A/India/LKO2819/2012(H1N1)	184	0.5
UniRef50_D5XM54	Cluster: Glycoprotein NB (Fragment)	UniProtKB Unreviewed (TrEMBL)	29	Influenza B virus (B/Rio Grande do Sul/312/2008); Influenza B virus (B/Rio Grande do Sul/316/2008); Influenza B virus (B/Minas Gerais/117/2008); Influenza B virus (B/Guangdong/265/2010); Influenza B virus (B/Guangdong/239/2010); Influenza B virus (B/Guangdong/252/2010); Influenza B virus (B/Rio Grande do Sul/324/2008); Influenza B virus (B/Beijing/13-43/2013); Influenza B virus (B/Beijing/13-21/2013); Influenza B virus (B/Guangdong/160/2011)	79	0.5
UniRef50_D6R891	Cluster: Hemagglutinin (Fragment)	UniProtKB Unreviewed (TrEMBL)	2	Influenza A virus (A/Habana/128/2009(H1N1); Influenza A virus (A/Athens/924/2009(H1N1)	258	0.5
UniRef50_D7EC87	Cluster: Hemagglutinin (Fragment)	UniProtKB Unreviewed (TrEMBL)	3	Influenza A virus (A/Rome/680/2009(H1N1); Influenza A virus (A/Rome/673/2009(H1N1); Influenza A virus (A/Rome/672/2009(H1N1)	124	0.5
UniRef50_D7EF81	Cluster: Matrix protein 1 (Fragment)	UniProtKB Unreviewed (TrEMBL)	1	Influenza A virus (A/Guangdong/213/2009(H1N1)	49	0.5
UniRef50_D7SD67	Cluster: Matrix protein 1 (Fragment)	UniProtKB Unreviewed (TrEMBL)	17	Influenza A virus (A/song sparrow/Washington/CTR-AIV29/2006); Influenza A virus (A/Audubon's warbler/Washington/CTR-AIV27/2006); Influenza A virus (A/Swainson's thrush/Washington/CTR-AIV30/2006); Influenza A virus (A/Western tanager/Washington/CTR-AIV18/2006); Influenza A virus (A/cedar waxwing/Idaho/CTR-AIV12/2006); Influenza A virus (A/Western tanager/Washington/CTR-AIV03/2006); Influenza A virus (A/Pacific-slope flycatcher/Washington/CTR-AIV06/2006); Influenza A virus (A/golden-crowned Kinglet/Washington/CTR-AIV26/2006); Influenza A virus (A/hermit thrush/Washington/CTR-AIV08/2006); Influenza A virus (A/Bewick's wren/Oregon/CTR-AIV28/2006)	36	0.5
UniRef50_D9N310	Cluster: Hemagglutinin (Fragment)	UniProtKB Unreviewed (TrEMBL); UniParc	10	Influenza A virus (A/pintail/Akita/1364/2008(H1N2); Influenza A virus (A/mallard/Novomyhaylivka/14-23-12/2010(H1N1); Influenza A virus (A/chicken/Suzdalka/Nov-11/05(H5N1); Influenza A virus (A/turkey/Egypt/1318SL/2013(H5N1); Influenza A virus (A/chicken/Thailand/CU-K1/2004(H5N1); Influenza A virus (A/chicken/Denpasar/02/2005(H5N1); Influenza A virus (A/chicken/Suzdalka/Nov-12/05(H5N1); Influenza A virus; Influenza A virus (A/New Caledonia/20/1999(H1N1)	255	0.5
UniRef50_E0DBJ7	Cluster: Polymerase acidic protein (Fragment)	UniProtKB Unreviewed (TrEMBL)	1	Influenza A virus (A/duck/Vietnam/OIE-2334/2010(H9N6)	64	0.5
UniRef50_E0DBK0	Cluster: Nonstructural protein 1 (Fragment)	UniProtKB Unreviewed (TrEMBL)	3	Influenza A virus (A/duck/Vietnam/OIE-2334/2010(H9N6); Influenza A virus (A/duck/Hokkaido/201/2007(H5N3); Influenza A virus (A/Hong Kong/516/97(H5N1)	88	0.5
UniRef50_E0UWX7	Cluster: Polymerase PB2 (Fragment)	UniProtKB Unreviewed (TrEMBL)	9	Influenza A virus (A/chicken/Haryana/2424/2004(H9N2); Influenza A virus (A/chicken/Qalubia/CAI18/2008(H5N1); Influenza A virus (A/chicken/Guatemala/194573/2002(H5N2); Influenza A virus (A/chicken/El Salvador/102711-1/01 (H5N2); Influenza A virus (A/chicken/Puebla/231-5284/98 (H5N2); Influenza A virus (A/swine/Nagano/2000(H3N2); Influenza A virus (strain A/Swine/Hong Kong/81/1978 H3N2); Influenza A virus (A/New York/312/2001(H1N1); Influenza A virus	240	0.5
UniRef50_E1B5U1	Cluster: Hemagglutinin (Fragment)	UniProtKB Unreviewed (TrEMBL)	1	Influenza A virus (A/Thailand/34-9943/2010(H1N1)	144	0.5
UniRef50_E2JJT7	Cluster: Nucleocapsid protein (Fragment)	UniProtKB Unreviewed (TrEMBL)	18	Influenza A virus (A/swine/Malaysia/3966/1984(H1N1); Influenza A virus (A/swine/Colombia/2/2011(H1N1); Influenza A virus (A/seal/Massachusetts/1/1980(H7N7); Influenza A virus (A/duck/Vietnam/OIE-4429/2010(H6N2); Influenza A virus (A/duck/Vietnam/OIE-4227/2010(H6N2); Influenza A virus (A/duck/Vietnam/OIE-4217/2010(H6N2); Influenza A virus (A/duck/Vietnam/OIE-4201/2010(H6N2); Influenza A virus (A/duck/Vietnam/OIE-4033/2010(H6N2); Influenza A virus (A/duck/Vietnam/OIE-4225/2010(H6N2); Influenza A virus (A/duck/Vietnam/OIE-4039/2010(H6N2)	110	0.5
UniRef50_E3JLL9	Cluster: Nonstructural protein 1 (Fragment)	UniProtKB Unreviewed (TrEMBL)	1	Influenza A virus (A/Thailand/CU-H122R/2009(H1N1)	71	0.5
UniRef50_E3SUC9	Cluster: Neuraminidase (Fragment)	UniProtKB Unreviewed (TrEMBL)	7	Influenza A virus (A/swine/Fujian/43/2007(H3N2); Influenza A virus (A/swine/Korea/GC0502/2005(H1N2); Influenza A virus (A/Athens/172/2000(H3N2); Influenza A virus (A/Beijing/362/2009(H3N2); Influenza A virus; Influenza A virus (A/mallard/Missouri/303/2006(H6N2); Influenza A virus (A/Mediterranean gull/Camargue/063353/2006(H9N2)	146	0.5
UniRef50_E3WEI1	Cluster: Nonstructual protein 1 (Fragment)	UniProtKB Unreviewed (TrEMBL); UniParc	3	Influenza A virus (A/Kobe/91533/2009(H1N1); Influenza A virus (A/Thailand/CU-H143R/2009(H1N1); Influenza A virus (A/California/07/2009(H1N1)	133	0.5
UniRef50_E3WEY2	Cluster: Polymerase basic protein 2 (Fragment)	UniProtKB Unreviewed (TrEMBL)	9	Influenza A virus (A/duck/Hokkaido/63/2008(H4N6); Influenza A virus (A/duck/Hokkaido/W79/2008(H4N6); Influenza A virus (A/chicken/Vietnam/19/2003(H5N1); Influenza A virus (A/chicken/Hong Kong/86.3/2002(H5N1); Influenza A virus (A/mallard/Vietnam/3/2003(H5N1); Influenza A virus (A/chicken/Vietnam/28/2003(H5N1); Influenza A virus (A/chicken/Vietnam/8/2003(H5N1); Influenza A virus (A/chicken/Vietnam/4/2003(H5N1); Influenza A virus (A/Cambodia/R0405050/2007(H5N1)	554	0.5
UniRef50_E3WEZ7	Cluster: Polymerase basic protein 2 (Fragment)	UniProtKB Unreviewed (TrEMBL)	3	Influenza A virus (A/duck/Hokkaido/WZ16/2008(H10N9); Influenza A virus (A/swine/Bakum/5/95(H1N1); Influenza A virus (A/chicken/Egypt/R2/2007(H5N1)	142	0.5
UniRef50_E5Q8C8	Cluster: Polymerase basic protein 2 (Fragment)	UniProtKB Unreviewed (TrEMBL)	17	Influenza A virus (A/Shiraz/14/2010(H1N1); Influenza A virus (A/duck/Hokkaido/75/2009(H5N2); Influenza A virus (A/duck/Hong Kong/552/79(H9N2); Influenza A virus (A/Wisconsin/629-D00466/2009(H1N1); Influenza A virus (A/duck/Hong Kong/289/78(H9N2); Influenza A virus (A/Goose/Shantou/1621/05(H5N1); Influenza A virus (A/quail/Shantou/5663/2001(H9N2); Influenza A virus (A/quail/Shantou/5675/2001(H9N2); Influenza A virus (A/Duck/Shantou/1042/00(H9N2); Influenza A virus (A/quail/Shantou/238/2000(H6N1)	529	0.5
UniRef50_E5Q8D6	Cluster: Hemagglutinin (Fragment)	UniProtKB Unreviewed (TrEMBL)	1	Influenza A virus (A/Thailand/SN_0116/2010(H1N1)	114	0.5
UniRef50_E5Q8D7	Cluster: Hemagglutinin (Fragment)	UniProtKB Unreviewed (TrEMBL)	2	Influenza A virus (A/Thailand/SN_0112_2/2010(H1N1); Influenza A virus (A/Okayama/5/2000(H1N1)	127	0.5
UniRef50_E6N0W6	Cluster: Neuraminidase (Fragment)	UniProtKB Unreviewed (TrEMBL)	1	Influenza A virus (A/turkey/France/03295/2003(H9N9)	90	0.5
UniRef50_E6XTN4	Cluster: Polymerase PA (Fragment)	UniProtKB Unreviewed (TrEMBL)	106	Influenza A virus (A/Netherlands/001G1/1950(H1N1); Influenza A virus (A/mallard/NV/449567-1/2006(H5N2); Influenza A virus (A/equine/Kentucky/211/1987(H3N8); Influenza A virus (A/environment/Vietnam/HU1-1434/2014(H5N6); Influenza A virus (A/duck/Vietnam/HU1-1511/2014(H5N6); Influenza A virus; Influenza A virus (A/mallard/Sweden/17/2002(H10N4); Influenza A virus (A/shorebird/Korea/S46/2006(H4N6); Influenza A virus (A/shorebird/Korea/S8/2006(H11N9); Influenza A virus (A/quail/Shantou/5/2004(H9N2)	367	0.5
UniRef50_E8Z4S3	Cluster: RNA-directed RNA polymerase catalytic subunit (Fragment)	UniProtKB Unreviewed (TrEMBL)	3	Influenza A virus (A/Beijing/3872/2010(H1N1); Influenza A virus (A/chicken/Egypt/F10/2009(H5N1); Influenza A virus (A/equine/Yokohama/aq19/2009(H3N8)	236	0.5
UniRef50_E8Z4U2	Cluster: Neuraminidase (Fragment)	UniProtKB Unreviewed (TrEMBL)	2	Influenza A virus (A/Thailand/CU-H1222r/2010(H1N1); Influenza A virus (A/Pondicherry/PIM21/2012(H1N1)	206	0.5
UniRef50_E9P5Q2	Cluster: Hemagglutinin (Fragment)	UniProtKB Unreviewed (TrEMBL)	1	Influenza A virus (A/Australia/wmh21/2009(H1N1)	94	0.5
UniRef50_F0TX34	Cluster: Nucleocapsid protein (Fragment)	UniProtKB Unreviewed (TrEMBL)	23	Influenza A virus (A/swine/Hong Kong/681/1993(H1N1); Influenza A virus (A/egret/Peru-CH50/2010(H6N8); Influenza A virus (A/ostrich/South Africa/KK98/98(H6N8); Influenza A virus; Influenza A virus (A/northern pintail/British Columbia/07847/2005(H5N2); Influenza A virus (A/Yilan/508/03(H3N2); Influenza A virus (A/Kinmen/645/04(H3N2); Influenza A virus (A/Tainan/722/2003(H3N2); Influenza A virus (A/Pingtung/303/04(H3N2); Influenza A virus (A/Yilan/518/03(H3N2)	267	0.5
UniRef50_F0U3M7	Cluster: RNA-directed RNA polymerase catalytic subunit (Fragment)	UniProtKB Unreviewed (TrEMBL)	1	Influenza A virus (A/New York/3256/2009(N1)	45	0.5
UniRef50_F1KLN4	Cluster: Hemagglutinin (Fragment)	UniProtKB Unreviewed (TrEMBL)	7	Influenza A virus (A/swine/Korea/4382/2009(H1N2); Influenza A virus (A/swine/Korea/4381/2009(H1N2); Influenza A virus (A/swine/Korea/4779/2010(H1N2); Influenza A virus (A/swine/Korea/4372/2009(H1N2); Influenza A virus (A/swine/Korea/5008/2010(H1N2); Influenza A virus (A/swine/Korea/4456/2009(H1N2); Influenza A virus (A/swine/Korea/4383/2009(H1N2)	79	0.5
UniRef50_F1KLP4	Cluster: Neuraminidase (Fragment)	UniProtKB Unreviewed (TrEMBL)	9	Influenza A virus (A/swine/Korea/4382/2009(H1N2); Influenza A virus (A/swine/Korea/4381/2009(H1N2); Influenza A virus (A/swine/Korea/5008/2010(H1N2); Influenza A virus (A/swine/Korea/4779/2010(H1N2); Influenza A virus (A/swine/Korea/4372/2009(H1N2); Influenza A virus (A/swine/Korea/4940/2010(H1N2); Influenza A virus (A/swine/Korea/4456/2009(H1N2); Influenza A virus (A/swine/Korea/4383/2009(H1N2); Influenza A virus	106	0.5
UniRef50_F1T2F2	Cluster: Hemagglutinin (Fragment)	UniProtKB Unreviewed (TrEMBL)	4	Influenza A virus (A/duck/Vietnam/OIE-2326/2009(H9N2); Influenza A virus (A/duck/Vietnam/OIE-2390/2009(H9N2); Influenza A virus (A/duck/Vietnam/OIE-2322/2009(H9N2); Influenza A virus (A/duck/Vietnam/OIE-2325/2009(H9N2)	139	0.5
UniRef50_F2NZ68	Cluster: Hemagglutinin (Fragment)	UniProtKB Unreviewed (TrEMBL); UniParc	34	Influenza A virus (A/duck/Vietnam/5/2010(H5N1); Influenza A virus (A/Uganda/SW570/2009(H1N1); Influenza A virus (A/Sudan/175/2011(H1); Influenza A virus (A/Harda/4725/2015(H1N1); Influenza A virus (A/Thailand/CU-H2539/2010(H1N1); Influenza A virus (A/Sudan/116/2011(H1); Influenza A virus (A/Pavia/48/2009(H1N1); Influenza A virus (A/Pavia/187/2009(H1N1); Influenza A virus; Influenza A virus (A/Indore/5477/2015(H1N1)	268	0.5
UniRef50_F2NZW7	Cluster: RNA-directed RNA polymerase catalytic subunit (Fragment)	UniProtKB Unreviewed (TrEMBL)	9	Influenza A virus (A/Uganda/MUWRP-019/2008(H3N2); Influenza A virus (A/swine/Quebec/1257774/2010(H3N2); Influenza A virus (A/California/VRDL364/2009(mixed); Influenza A virus; Influenza A virus (A/equine/Avesta/1/1993(H3N8); Influenza A virus (A/equine/LaPlata/1/1993(H3N8); Influenza A virus (A/duck/Hong Kong/610/79(H9N2); Influenza A virus (A/swine/Quebec/1267568/2010(H3N2)	349	0.5
UniRef50_F2P174	Cluster: Polymerase PB2	UniProtKB Unreviewed (TrEMBL)	1	Influenza A virus (A/turkey/Oregon/1/1971(mixed)	754	0.5
UniRef50_F2P241	Cluster: Polymerase PB2	UniProtKB Unreviewed (TrEMBL)	1	Influenza A virus (A/Athens/INS152/2009(H1N1)	755	0.5
UniRef50_F2Q6M8	Cluster: Nucleocapsid protein (Fragment)	UniProtKB Unreviewed (TrEMBL)	13	Influenza A virus (A/swine/Pingtung/64-26/2007(H1N1); Influenza A virus (A/swine/Hong Kong/715/2008(H1N2); Influenza A virus; Influenza A virus (A/swine/St-Hyacinthe/106/1991(H1N1); Influenza A virus (A/swine/St-Hyacinthe/148/1990(H1N1); Influenza A virus (A/duck/Vietnam/OIE-2749/2012(H9N8); Influenza A virus (A/equine/LaPlata/1/1993(H3N8); Influenza A virus (A/equine/Hokkaido/I828/2008(H3N8); Influenza A virus (A/Quail/Hong Kong/NT28/99(H9N2); Influenza A virus (A/turkey/France/05016/2005(H1N1)	255	0.5
UniRef50_F4MDB0	Cluster: Neuraminidase (Fragment)	UniProtKB Unreviewed (TrEMBL)	12	Influenza A virus (A/snipe/France/100212i/2010(H5N2); Influenza A virus (A/snipe/France/100212c/2010(H5N2); Influenza A virus; Influenza A virus (A/chicken/Tunisia/345/2011(H9N2); Influenza A virus (A/chicken/Tunisia/848/2011(H9N2); Influenza A virus (A/turkey/Tunisia/2068/2010(H9N2); Influenza A virus (A/chicken/Tunisia/2019/2010(H9N2); Influenza A virus (A/American black duck/Newfoundland/GR256/2011(H3N2)	108	0.5
UniRef50_F4MEZ3	Cluster: Matrix protein 1 (Fragment)	UniProtKB Unreviewed (TrEMBL)	3	Influenza A virus (A/Wisconsin/629-D00466/2009(H1N1); Influenza A virus (A/Seoul/8/1995(H3N2); Influenza A virus (A/Thailand/CU-H1301/2010(H1N1)	135	0.5
UniRef50_F5CTK4	Cluster: Hemagglutinin (Fragment)	UniProtKB Unreviewed (TrEMBL)	1	Influenza A virus (A/equine/Egypt/VRLCU/2008(H3N8)	126	0.5
UniRef50_F6GKU1	Cluster: Non-structural protein 1 (Fragment)	UniProtKB Unreviewed (TrEMBL)	2	Influenza A virus (A/Thailand/CU-B4133/2010(H1N1); Influenza A virus (A/Thailand/CU-B4266/2010(H1N1)	134	0.5
UniRef50_F8ISY4	Cluster: Hemagglutinin (Fragment)	UniProtKB Unreviewed (TrEMBL); UniParc	136	Influenza A virus (A/swine/Tennessee/00264/2004(H1N1); Influenza A virus (A/swine/North Carolina/01116/2006(H1); Influenza A virus (A/swine/North Carolina/01687/2007(H1N1); Influenza A virus (A/swine/North Carolina/01357/2006(H1N2); Influenza A virus (A/swine/North Carolina/00451/2004(H1); Influenza A virus (A/swine/North Carolina/00856/2005(H1); Influenza A virus (A/swine/North Carolina/00438/2004(H1N2); Influenza A virus (A/swine/Nebraska/00346/2004(H1); Influenza A virus (A/swine/North Carolina/00437/2004(H1N2); Influenza A virus (A/swine/North Carolina/00439/2004(H1N2)	300	0.5
UniRef50_F8IUG0	Cluster: Hemagglutinin (Fragment)	UniProtKB Unreviewed (TrEMBL); UniParc	87	Influenza A virus (A/swine/Texas/01233/2006(H1); Influenza A virus (A/swine/Texas/01236/2006(H1N2); Influenza A virus (A/swine/Oklahoma/01042/2006(H1N2); Influenza A virus (A/swine/Texas/02041/2008(H1); Influenza A virus (A/swine/Kansas/00948/2006(H1N1); Influenza A virus (A/swine/Oklahoma/01078/2006(H1N1); Influenza A virus (A/swine/Minnesota/02100/2008(H1N2); Influenza A virus (A/swine/Oklahoma/01128/2006(H1); Influenza A virus (A/swine/Oklahoma/00598/2005(H1); Influenza A virus (A/swine/North Carolina/01084/2006(H1)	325	0.5
UniRef50_F8IVI8	Cluster: Hemagglutinin (Fragment)	UniProtKB Unreviewed (TrEMBL)	63	Influenza A virus (A/swine/Saskatchewan/01974/2008(H1N1); Influenza A virus (A/swine/Manitoba/01886/2007(H1); Influenza A virus (A/swine/Minnesota/02093/2008(H1N1); Influenza A virus (A/swine/Manitoba/01178/2006(H1N1); Influenza A virus (A/swine/Missouri/02273/2008(H1N1); Influenza A virus (A/swine/Missouri/02507/2008(H1N1); Influenza A virus (A/swine/Manitoba/01891/2007(H1N1); Influenza A virus (A/swine/Manitoba/02414/2008(H1); Influenza A virus (A/swine/South Dakota/02389/2008(H1); Influenza A virus (A/swine/Illinois/02431/2008(H1N1)	299	0.5
UniRef50_F8IW23	Cluster: Hemagglutinin (Fragment)	UniProtKB Unreviewed (TrEMBL)	70	Influenza A virus (A/swine/Minnesota/02267/2008(H1); Influenza A virus (A/swine/Hong Kong/4228/1999(H1N2); Influenza A virus (A/swine/Hong Kong/4229/1999(H1N2); Influenza A virus (A/swine/Hong Kong/4237/1999(H1N2); Influenza A virus (A/swine/Hong Kong/4227/1999(H1N2); Influenza A virus (A/swine/Hong Kong/4198/1999(H1N2); Influenza A virus (A/swine/Hong Kong/4234/1999(H1N1); Influenza A virus (A/swine/Hong Kong/4233/1999(H1N2); Influenza A virus (A/swine/Hong Kong/4124/1999(H1N2); Influenza A virus (A/swine/Hong Kong/4128/1999(H1N2)	301	0.5
UniRef50_F8IWA3	Cluster: Hemagglutinin (Fragment)	UniProtKB Unreviewed (TrEMBL)	128	Influenza A virus (A/swine/Illinois/02385/2008(H1N1); Influenza A virus (A/swine/Illinois/02432/2008(H1N1); Influenza A virus (A/swine/Illinois/02451/2008(H1N1); Influenza A virus (A/swine/Illinois/02087/2008(H1N1); Influenza A virus (A/swine/North Carolina/00932/2005(H1N1); Influenza A virus (A/swine/Missouri/00983/2006(H1N1); Influenza A virus (A/swine/Illinois/02984/2010(H1N1); Influenza A virus (A/swine/North Carolina/00362/2004(H1N1); Influenza A virus (A/swine/North Carolina/01507/2006(H1N1); Influenza A virus (A/swine/Kansas/00408/2004(H1)	301	0.5
UniRef50_F8IXK1	Cluster: Neuraminidase (Fragment)	UniProtKB Unreviewed (TrEMBL)	2	Influenza A virus (A/duck/Victoria/5385/2002(H4N8); Influenza A virus	467	0.5
UniRef50_F8IYM7	Cluster: Hemagglutinin (Fragment)	UniProtKB Unreviewed (TrEMBL)	5	Influenza A virus (A/Central African Republic/311/2010(H1N1); Influenza A virus (A/Central African Republic/267/2010(H1N1); Influenza A virus (A/Central African Republic/306/2010(H1N1); Influenza A virus (A/Central African Republic/302/2010(H1N1); Influenza A virus (A/Central African Republic/313/2010(H1N1)	85	0.5
UniRef50_F8IZU1	Cluster: Matrix protein 1 (Fragment)	UniProtKB Unreviewed (TrEMBL)	1	Influenza A virus (A/California/VRDL179/2009(mixed)	224	0.5
UniRef50_F8UKE6	Cluster: Neuraminidase (Fragment)	UniProtKB Unreviewed (TrEMBL)	3	Influenza A virus (A/Chennai/01/2009(H1N1); Influenza A virus (A/Chennai/12/2009(H1N1); Influenza A virus (A/Chennai/07/2009(H1N1)	85	0.5
UniRef50_F8WTZ7	Cluster: Hemagglutinin (Fragment)	UniProtKB Unreviewed (TrEMBL)	3	Influenza A virus (A/duck/Vietnam/OIE-537/2011(H6N2); Influenza A virus (A/duck/Vietnam/OIE-539/2011(H6N2); Influenza A virus (A/duck/Vietnam/OIE-535/2011(H6N2)	229	0.5
UniRef50_G0KID5	Cluster: RNA-directed RNA polymerase catalytic subunit	UniProtKB Unreviewed (TrEMBL)	1	Influenza A virus (A/mallard/California/10985/2008(H3N8)	753	0.5
UniRef50_G0KMY0	Cluster: Neuraminidase (Fragment)	UniProtKB Unreviewed (TrEMBL)	35	Influenza A virus (A/Pacific black duck/Western Australia/2741/1979(H6N1); Influenza A virus (A/swine/Bavaria/27802/2011(H1N1); Influenza A virus (A/swine/Germany/2/1981(H1N1); Influenza A virus; Influenza A virus (A/swine/Bavaria/23702/2012(H1N1); Influenza A virus (A/swine/Minnesota/SG1179/2003(H1N1); Influenza A virus (A/swine/Bavaria/5701/2013(H1N1); Influenza A virus (A/swine/Bavaria/27701/2011(H1N1); Influenza A virus (A/swine/Bavaria/21201/2013(H1N1); Influenza A virus (A/swine/Bavaria/21401/2013(H1N1)	111	0.5
UniRef50_G0KN23	Cluster: Neuraminidase	UniProtKB Unreviewed (TrEMBL)	1	Influenza A virus (A/duck/Western Australia/8057/1984(H4N6)	470	0.5
UniRef50_G0KPE4	Cluster: Hemagglutinin	UniProtKB Unreviewed (TrEMBL)	1	Influenza A virus (A/unknown/New York/106753-4/2005(H1N1)	566	0.5
UniRef50_G0KPM0	Cluster: Neuraminidase (Fragment)	UniProtKB Unreviewed (TrEMBL)	12	Influenza A virus (A/mallard/Ontario/15882/2005(H4N2); Influenza A virus (A/mallard/Netherlands/2/2005(H5N2); Influenza A virus (A/mallard/Netherlands/7/2014(H6N2); Influenza A virus (A/Eurasian wigeon/Netherlands/2/2011(N2); Influenza A virus (A/mallard/California/JN808/2006(H4N2); Influenza A virus; Influenza A virus (A/swine/Italy/11271/2003(H1N2); Influenza A virus (A/India/K0915166/2009(H3N2); Influenza A virus (A/India/K0615330/2005(H3N2); Influenza A virus (A/Uberlandia/110/2001(H3N2)	284	0.5
UniRef50_G0KPS2	Cluster: Hemagglutinin (Fragment)	UniProtKB Unreviewed (TrEMBL)	1	Influenza A virus (A/mallard/Quebec/16479/2005(H12)	321	0.5
UniRef50_G0KQC6	Cluster: Hemagglutinin (Fragment)	UniProtKB Unreviewed (TrEMBL)	443	Influenza A virus (A/American black duck/Newfoundland Labrador/26516/2007(H3N2); Influenza A virus (A/Malaysia/2156787/2009(mixed); Influenza A virus (A/duck/Anhui/AF353/2014(H3); Influenza A virus (A/Manitoba/003/2012(H3N2); Influenza A virus (A/duck/Jiangsu/J3798/2014(H3); Influenza A virus (A/Manitoba/01/2013(H3N2); Influenza A virus (A/common teal/Russia/695/2008(H3N8); Influenza A virus (A/equine/Essaouira/3/2004(H3N8); Influenza A virus; Influenza A virus (A/Ontario/82/2014(H3N2)	505	0.5
UniRef50_G0KQU0	Cluster: Neuraminidase (Fragment)	UniProtKB Unreviewed (TrEMBL)	1	Influenza A virus (A/mallard/Maryland/1211/2006(H11N9)	190	0.5
UniRef50_G0KTV9	Cluster: Neuraminidase (Fragment)	UniProtKB Unreviewed (TrEMBL)	1	Influenza A virus (A/common scoter/Maryland/299/2005(mixed)	57	0.5
UniRef50_G0KTW8	Cluster: Hemagglutinin (Fragment)	UniProtKB Unreviewed (TrEMBL)	3	Influenza A virus (A/Albany/21/1957(mixed); Influenza A virus; Influenza A virus (A/kunke/1/71(H3N2)	128	0.5
UniRef50_G0KTX9	Cluster: Hemagglutinin (Fragment)	UniProtKB Unreviewed (TrEMBL)	1	Influenza A virus (A/Albany/5/1967(mixed)	59	0.5
UniRef50_G1UJA5	Cluster: Hemagglutinin (Fragment)	UniProtKB Unreviewed (TrEMBL)	3	Influenza A virus (A/duck/Vietnam/OIE-707/2011(H11N5); Influenza A virus (A/duck/Vietnam/OIE-745/2011(H11N9); Influenza A virus (A/barnacle goose/Netherlands/1/2011(H6N8)	219	0.5
UniRef50_G2TUJ8	Cluster: Nucleoprotein	UniProtKB Unreviewed (TrEMBL)	1	Influenza A virus (A/ruddy duck/Illinois/3471/2009(H3N8)	498	0.5
UniRef50_G2TUN3	Cluster: Neuraminidase (Fragment)	UniProtKB Unreviewed (TrEMBL)	2	Influenza A virus (A/mallard/Iowa/3205/2009(mixed); Influenza A virus (A/Rome/PTV9/2009(H1N1)	160	0.5
UniRef50_G2U144	Cluster: RNA-directed RNA polymerase catalytic subunit (Fragment)	UniProtKB Unreviewed (TrEMBL)	12	Influenza A virus (A/environment/Xinjiang/6/2009(H5N1); Influenza A virus (A/duck/Vietnam/OIE-1287/2012(H5N1); Influenza A virus (A/chicken/Vietnam/OIE-2215/2012(H5N2); Influenza A virus (A/duck/Vietnam/OIE-1213/2012(H6N6); Influenza A virus (A/duck/Vietnam/OIE-3061/2012(H6N2); Influenza A virus (A/duck/Vietnam/OIE-3426/2012(H3N8); Influenza A virus (A/chicken/Cambodia/047LC3b/2005(H5N1); Influenza A virus (A/duck/Hokkaido/W95/2006(H10N8); Influenza A virus (A/turkey/England/35013/1963(H7N3); Influenza A virus (A/Malaysia/2076212/2009(H1N1)	388	0.5
UniRef50_G3CJA5	Cluster: Neuraminidase (Fragment)	UniProtKB Unreviewed (TrEMBL)	1	Influenza A virus (A/swine/Italy/318236/2007(H1N2)	263	0.5
UniRef50_G3LZH3	Cluster: RNA-directed RNA polymerase catalytic subunit (Fragment)	UniProtKB Unreviewed (TrEMBL)	2	Influenza A virus (A/swine/Quebec/1257777/2010(H3N2); Mycolicibacter kumamotonensis	107	0.5
UniRef50_G3M4H9	Cluster: Hemagglutinin (Fragment)	UniProtKB Unreviewed (TrEMBL)	4	Influenza A virus (A/New York/4/1918(H1N1); Influenza A virus (A/Virginia/1/1918(H1N1); Influenza A virus (A/Virginia/3/1918(H1N1); Influenza A virus (A/New York/3b/1918(H1N1)	63	0.5
UniRef50_G4RH89	Cluster: Neuraminidase (Fragment)	UniProtKB Unreviewed (TrEMBL)	1	Influenza A virus (A/sooty tern/Western Australia/7666/1984(mixed)	357	0.5
UniRef50_G5EMB6	Cluster: RNA-directed RNA polymerase catalytic subunit (Fragment)	UniProtKB Unreviewed (TrEMBL)	4	Influenza A virus (A/common pochard/Shimane/5502B024/2011(H5N1); Influenza A virus (A/swan/Hokkaido/67/1996(H5N3); Influenza A virus (A/duck/Vietnam/OIE-2313/2009(H9N2); Influenza A virus (A/duck/Vietnam/OIE-2327/2009(H9N2)	197	0.5
UniRef50_G7WRW7	Cluster: Hemagglutinin (Fragment)	UniProtKB Unreviewed (TrEMBL)	9	Influenza A virus (A/shoveler/Chany/724/2008(H3N8); Influenza A virus (A/mallard/Russia/635/2008(H3N8); Influenza A virus (A/swine/North Carolina/SG1174/2003(H3N1); Influenza A virus (A/India/4905/2014(H3N2); Influenza A virus (A/mallard/Alberta/49/1995(mixed); Influenza A virus (A/wild bird/Korea/A14/2011(H7N9); Influenza A virus (A/shoveler/Altai/13/2008(H4N6); Influenza A virus (A/swine/Sonora/CIAD59C/2008(H3); Influenza A virus (A/Malaysia/21870/2002(mixed)	333	0.5
UniRef50_G7WTA4	Cluster: Hemagglutinin (Fragment)	UniProtKB Unreviewed (TrEMBL)	16	Influenza A virus (A/mallard/Russia/633/2008(H4N6); Influenza A virus; Influenza A virus (A/duck/Vietnam/OIE-0155/2012(H4N6); Cytobacillus solani; Influenza A virus (A/duck/Vietnam/OIE-3071/2011(H4N6); Influenza A virus (A/duck/Vietnam/OIE-3223/2011(H4N6); Influenza A virus (A/Vietnam/TX311/2009(H3N2); Influenza A virus (A/Thailand/C1-16/2002(H3N2); Influenza A virus (A/Nagasaki/I544/2010(H3N2)	234	0.5
UniRef50_G7WUZ3	Cluster: Polymerase basic protein 2 (Fragment)	UniProtKB Unreviewed (TrEMBL)	1	Influenza B virus (B/Managua/5748.03/2010)	636	0.5
UniRef50_G8IQ93	Cluster: RNA-directed RNA polymerase catalytic subunit (Fragment)	UniProtKB Unreviewed (TrEMBL)	34	Influenza A virus (A/swine/Quebec/1262080/2010(H3N2); Influenza A virus (A/swine/Henan/2/2004(H9N2); Influenza A virus (A/duck/Vietnam/HU1-16/2014(H11N7); Influenza A virus (A/California/VRDL148/2009(H1N1); Influenza A virus (A/duck/Vietnam/HU1-140/2014(H4N6); Influenza B virus; Influenza A virus (A/chicken/Shandong/1/2004(H9N2); Influenza A virus (A/chicken/Shanghai/1/2001(H9N2); Influenza A virus (A/duck/Zhejiang/3/2002(H9N2); Influenza A virus (A/chicken/Henan/1/2005(H9N2)	311	0.5
UniRef50_G8JF12	Cluster: Polymerase PA (Fragment)	UniProtKB Unreviewed (TrEMBL)	7	Influenza A virus (A/ostrich/VRLCU/Egypt/2011(H5N1); Influenza A virus (A/swine/Minnesota/SG1179/2003(H1N1); Influenza A virus; Influenza A virus (A/chicken/Giza/CAI26/2011(H5); Influenza A virus (A/Tennessee/F2015/2011(H1N1); Influenza A virus (A/mallard/Czech Republic/15902-3K/2009(N9)	140	0.5
UniRef50_G8JID3	Cluster: Nucleocapsid protein (Fragment)	UniProtKB Unreviewed (TrEMBL)	4	Influenza A virus (A/Maine/07/2011(H3N2); Influenza A virus (A/Habana/139/2009(H1N1); Influenza A virus (A/Habana/83/2009(H1N1); Influenza A virus (A/Habana/137/2009(H1N1)	87	0.5
UniRef50_G8JID7	Cluster: Hemagglutinin (Fragment)	UniProtKB Unreviewed (TrEMBL); UniParc	3	Influenza A virus (A/Maine/07/2011(H3N2); Influenza A virus (A/swine/Korea/GC0407/2005(H3N2); unidentified influenza virus	76	0.5
UniRef50_G9C3T7	Cluster: Nucleocapsid protein (Fragment)	UniProtKB Unreviewed (TrEMBL)	268	Influenza A virus (A/swine/Ohio/FAH1-1/2007(H1N1); Influenza A virus (A/Malaysia/23378/2002(mixed); Influenza A virus (A/Cambodia/NHRCC00009/2009(H3N2); Influenza A virus (A/Boston/DOA62/2011(H1N1); Influenza A virus (A/swine/Cotes d'Armor/800/00(H1N2); Influenza A virus; Influenza A virus (A/chicken/Vietnam/348/2005(H5N1); Influenza A virus (A/duck/Vietnam/272/2005(H5N1); Influenza A virus (A/chicken/Jalgaon/13735/2006(H5N1); Influenza A virus (A/chicken/Jalgaon/13732/2006(H5N1)	339	0.5
UniRef50_G9K136	Cluster: Matrix protein 1 (Fragment)	UniProtKB Unreviewed (TrEMBL)	1	Influenza A virus (A/Taiwan/HL09033/2011(H3N2)	88	0.5
UniRef50_H6QM61	Cluster: Polymerase PB2	UniProtKB Unreviewed (TrEMBL)	1	Influenza A virus (A/Athens/INS328/2009)	759	0.5
UniRef50_H6QM85	Cluster: Neuraminidase	UniProtKB Unreviewed (TrEMBL); UniParc	7	Influenza A virus (A/little yellow-shoulderedbat/Guatemala/164/2009(H17N10); Influenza A virus (strain A/little yellow-shoulderedbat/Guatemala/153/2009(H17N10); Influenza A virus (A/little yellow-shoulderedbat/Guatemala/060/2010(H17N10)	442	0.5
UniRef50_H6QM93	Cluster: Hemagglutinin	UniProtKB Unreviewed (TrEMBL); UniParc	32	Influenza A virus (A/little yellow-shoulderedbat/Guatemala/060/2010(H17N10); Influenza A virus (A/little yellow-shoulderedbat/Guatemala/164/2009(H17N10); Influenza A virus (strain A/little yellow-shoulderedbat/Guatemala/153/2009(H17N10); Influenza A virus; Influenza A virus (A/flat-faced bat/Peru/033/2010(H18N11); Influenza A virus (A/dark fruit-eatingbat/Bolivia/PBV780-781/2011(H18N11); Influenza A virus (A/chicken/Indonesia/Sukabumi_3/2007(H5N1); Influenza A virus (A/chicken/Indonesia/Sukabumi_10/2007(H5N1); Influenza A virus (A/chicken/Indonesia/Tanggerang_10/2007(H5N1); Influenza A virus (A/chicken/Indonesia/Timika_10/2006(H5N1)	564	0.5
UniRef50_H6S3K8	Cluster: Glycoprotein NB (Fragment)	UniProtKB Unreviewed (TrEMBL)	2	Influenza B virus (B/Singapore/DSO_010147/2007); Influenza B virus (B/Guangdong/25/2010)	52	0.5
UniRef50_H9XCM5	Cluster: Hemagglutinin (Fragment)	UniProtKB Unreviewed (TrEMBL)	5	Influenza A virus (A/Bilthoven/5168/1976(H3N2); Influenza A virus (A/duck/Jiangxi/5916/2008(mixed); Influenza A virus (A/shoveler/Chany/788/2008(H3N8); Influenza A virus (A/red-fronted coot/Chile/5/2013(H3N6); Influenza A virus (A/herring gull/Delaware Bay/687/1988(mixed)	435	0.5
UniRef50_H9XCW6	Cluster: Neuraminidase (Fragment)	UniProtKB Unreviewed (TrEMBL)	39	Influenza A virus (A/Eindhoven/3447/1989(H3N2); Influenza A virus (A/swine/Bavaria/22502/2011(H1N2); Influenza A virus (A/swine/Bavaria/1803/2013(H3N2); Influenza A virus (A/swine/Bavaria/85101/2010(H1N2); Influenza A virus (A/swine/Bavaria/85001/2010(H1N2); Influenza A virus (A/swine/Bavaria/32810/2012(H3N2); Influenza A virus (A/swine/Bavaria/1802/2013(H3N2); Influenza A virus (A/swine/Bavaria/86901/2013(H1N2); Influenza A virus (A/swine/Bavaria/20801/2011(H1N2); Influenza A virus (A/swine/Bavaria/82301/2012(H3N2)	161	0.5
UniRef50_H9XDH3	Cluster: Hemagglutinin (Fragment)	UniProtKB Unreviewed (TrEMBL); UniParc	3886	Influenza A virus (A/Madrid/G102/1993(H3N2); Influenza A virus (A/Sao Paulo/11-12278/2011(H3N2); Influenza A virus (A/swine/Hebei/1/2005(H3N2); Influenza A virus (A/Kenya/025/2017(H3N2); Influenza A virus (A/Sao Paulo/12-369/2011(H3N2); Influenza A virus (A/Kenya/051/2010(H3N2); Influenza A virus (A/Kenya/003/2010(H3N2); Influenza A virus (A/Kenya/010/2010(H3N2); Influenza A virus (A/Texas/AF2728/2010(H3N2); Influenza A virus (A/Arizona/AF2697/2011(H3N2)	430	0.5
UniRef50_I1Z1W0	Cluster: Hemagglutinin (Fragment)	UniProtKB Unreviewed (TrEMBL)	9	Influenza A virus (A/Mexico/InDRE3740/2011(H1N1); Influenza A virus (A/Mexico/InDRE3760/2011(H1N1); Influenza A virus (A/Pondicherry/ISW1223/2012(H1N1); Influenza A virus (A/Pondicherry/JIP1062/2015(H1N1); Influenza A virus (A/Pondicherry/PIM38/2012(H1N1); Influenza A virus (A/Pondicherry/JIM1090/2015(H1N1); Influenza A virus (A/Pondicherry/JIM134/2012(H1N1); Influenza A virus (A/Casablanca/0109/2013(H1N1); Influenza A virus (A/Mexico/InDRE3752/2011(H1N1)	225	0.5
UniRef50_I1Z262	Cluster: RNA-directed RNA polymerase catalytic subunit (Fragment)	UniProtKB Unreviewed (TrEMBL)	30	Influenza A virus (A/mallard/Rugen/27-6/1980(mixed); Influenza A virus (A/swine/Pingtung/92-2/2003(H1N2); Influenza A virus (A/aquatic bird/Korea/JN-2/2006(H3N2); Influenza A virus (A/duck/Korea/S17/03(H6N1); Influenza A virus; Influenza A virus (A/swine/Shizuoka/1/1978(H1N1); Influenza A virus (A/aquatic bird/Korea/KN-5/2006(H3N8); Influenza A virus (A/chicken/Bangladesh/BL-470/2010(H5N1); Influenza A virus (A/Thailand/CU-H1140/2009(H1N1); Influenza A virus (A/Thailand/CU-H1379/2010(H1N1)	203	0.5
UniRef50_I2CSI3	Cluster: Neuraminidase (Fragment)	UniProtKB Unreviewed (TrEMBL)	1	Influenza A virus (A/equine/Essaouira/3/2004(H3N8)	65	0.5
UniRef50_I2D203	Cluster: Polymerase PB2 (Fragment)	UniProtKB Unreviewed (TrEMBL); UniParc	21	Influenza A virus (A/Malaysia/2124650/2009(mixed); Influenza A virus (A/pintail/Alberta/155/1994(H6N8); Influenza A virus (A/swine/Indiana/A01076191/2010(H3N2); Influenza A virus (A/swine/Cameroon/11rs149-198/2010(H1N1); Influenza A virus (A/grey heron/Korea/VI1511105/2015(H3N8); Influenza A virus (A/Switzerland/8808/2002(H1N1); Influenza A virus (A/Niedersachsen/4/05(H3N2); Influenza A virus (A/Thueringen/27/2004(H3N2); Influenza A virus (A/Berlin/43/02(H3N2); Influenza A virus (A/Sachsen/4/04(H3N2)	334	0.5
UniRef50_I2FIJ9	Cluster: Non-structural protein 1 (Fragment)	UniProtKB Unreviewed (TrEMBL); UniParc	13	Influenza A virus (A/muscovy duck/Vietnam/OIE-3509/2011(H5N1); Influenza A virus (A/muscovy duck/Vietnam/OIE-3012/2011(H5N1); Influenza A virus (A/muscovy duck/Vietnam/OIE-3312/2011(H5N1); Influenza A virus (A/muscovy duck/Vietnam/OIE-3314/2011(H5N1); Influenza A virus (A/Thailand/CU-H300F/2009(H1N1); Influenza A virus (A/duck/Vietnam/OIE-2530/2011(H4N2); Influenza A virus (strain A/Canberra grammar/1977 H3N2); Influenza A virus (A/duck/Vietnam/OIE-3141/2011(H6N2); Influenza A virus (A/duck/Vietnam/OIE-4039/2010(H6N2); Influenza A virus (A/duck/Vietnam/OIE-4429/2010(H6N2)	79	0.5
UniRef50_I2FJX4	Cluster: Polymerase basic protein 2 (Fragment)	UniProtKB Unreviewed (TrEMBL)	3	Influenza A virus (A/duck/Vietnam/OIE-3021/2011(H6N2); Influenza A virus (A/duck/Vietnam/OIE-3225/2011(H6N2); Influenza A virus (A/Thailand/CU-H85/2009(H1N1)	100	0.5
UniRef50_I2FJX7	Cluster: Hemagglutinin (Fragment)	UniProtKB Unreviewed (TrEMBL); UniParc	68	Influenza A virus (A/duck/Vietnam/OIE-3021/2011(H6N2); Influenza A virus (A/duck/Vietnam/OIE-3231/2011(H6N2); Influenza A virus (A/duck/Vietnam/OIE-0033/2012(H6N2); Influenza A virus (A/duck/Vietnam/OIE-1213/2012(H6N6); Influenza A virus (A/duck/Vietnam/OIE-3061/2012(H6N2); Influenza A virus (A/duck/Vietnam/OIE-3344/2011(H6N2); Influenza A virus (A/duck/Vietnam/OIE-3479/2012(H6N2); Influenza A virus (A/duck/Vietnam/OIE-3349/2011(H6N2); Influenza A virus (A/duck/Vietnam/OIE-3141/2011(H6N2); Influenza A virus (A/duck/Vietnam/OIE-3060/2011(H6N2)	298	0.5
UniRef50_I3XLC4	Cluster: Hemagglutinin (Fragment)	UniProtKB Unreviewed (TrEMBL)	1	Influenza A virus (A/chicken/Egypt/VRLCU68/2011(H5N1)	78	0.5
UniRef50_I4DUH1	Cluster: Hemagglutinin (Fragment)	UniProtKB Unreviewed (TrEMBL)	2	Influenza A virus (A/duck/Vietnam/OIE-0068/2012(H11N3); Influenza A virus (A/shorebird/Korea/S8/2006(H11N9)	118	0.5
UniRef50_I4DXI7	Cluster: Hemagglutinin (Fragment)	UniProtKB Unreviewed (TrEMBL); UniParc	11	Influenza A virus (A/duck/Vietnam/OIE-0483/2012(H10N7); Influenza A virus (A/mallard/Netherlands/5/2012(H10N7); Influenza A virus (A/mallard duck/Korea/6L/2007(H7N6); Influenza A virus; Influenza A virus (A/Shanghai/02/2013(H7N9); Listeria monocytogenes	293	0.5
UniRef50_I4DXI9	Cluster: Neuraminidase (Fragment)	UniProtKB Unreviewed (TrEMBL); UniParc	13	Influenza A virus (A/duck/Vietnam/OIE-0483/2012(H10N7); Influenza A virus; Influenza A virus (A/cinnamon teal/California/HKWF1111/2007(H5N7); Influenza A virus (A/northern shoveler/California/HKWF592/2007(H10N7); Influenza A virus (A/ring-necked duck/Quebec/10513/2006(H10N7); Influenza A virus (A/shoveler/Italy/2698-27/2006(H7N7); Influenza A virus (A/duck/Vietnam/HU1-148/2014(H11N7); Influenza A virus (A/duck/Vietnam/HU1-16/2014(H11N7); Influenza A virus (A/duck/Vietnam/HU1-151/2014(H11N7); Influenza A virus (A/goose/Egypt/905588/2006(H7N7)	274	0.5
UniRef50_I6LWY7	Cluster: Hemagglutinin (Fragment)	UniProtKB Unreviewed (TrEMBL)	2	Influenza A virus (A/swine/Spain/1/2010(H1N2); Influenza A virus (A/Changzhou/112/2002(H1Nx)	127	0.5
UniRef50_I6S8X1	Cluster: RNA-directed RNA polymerase catalytic subunit	UniProtKB Unreviewed (TrEMBL)	43	Influenza A virus (strain A/Texas/1/1977 H3N2); Influenza A virus; Influenza A virus (A/mallard/Alberta/68/2016(H4N8); Influenza A virus (A/shorebird/Delaware Bay/292/2016(H11N2); Influenza A virus (A/swine/Arkansas/SG1379/2011(H1N2); Influenza A virus (A/swine/Minnesota/SG1210/2004(H1N1); Influenza A virus (A/Mexico City/INER17/2010(H1N1); Influenza A virus (A/swine/North Carolina/SG1169/2003(H1N1); Influenza A virus (A/Houston/JMM_42/2012(H3N2); Influenza A virus (A/Netherlands/602-6F12LP3/2009(H1N1)	758	0.5
UniRef50_I6T0X9	Cluster: Hemagglutinin (Fragment)	UniProtKB Unreviewed (TrEMBL)	2	Influenza A virus (A/mallard/Sweden/88/2005(mixed); Influenza A virus (A/mallard/Maryland/07OS1669/2007(H4N6)	438	0.5
UniRef50_I6T2J8	Cluster: CM2 protein (Fragment)	UniProtKB Unreviewed (TrEMBL)	4	Influenza C virus (C/Alberta/3502/2011); Influenza C virus (C/Scotland/5500/2007); Influenza C virus (C/Alberta/4406/2011); Influenza C virus (C/Alberta/3087/2011)	105	0.5
UniRef50_I7D1H6	Cluster: Neuraminidase (Fragment)	UniProtKB Unreviewed (TrEMBL)	1	Influenza A virus (A/great crested grebe/Sevastopol/11-173/2008(H5N1)	159	0.5
UniRef50_I7HJQ5	Cluster: Neuraminidase (Fragment)	UniProtKB Unreviewed (TrEMBL)	41	Influenza A virus (A/swine/Austria/642/2001(H1N1); Influenza A virus (A/swine/Spain/38/2009(H1N1); Influenza A virus (A/swine/Spain/17/2009(H1N1); Influenza A virus (A/swine/Spain/4/2009(H1N1); Influenza A virus (A/swine/Austria/212/2009(H1N1); Influenza A virus (A/swine/Austria/214/2009(H1N1); Influenza A virus (A/swine/Austria/900/2004(H1N1); Influenza A virus (A/duck/Newfoundland/MW721/2010(H6N8); Influenza A virus (A/equine/Mongolia/1/2008(H3N8); Influenza A virus (A/equine/Hokkaido/I828/2008(H3N8)	207	0.5
UniRef50_J3RK12	Cluster: Hemagglutinin (Fragment)	UniProtKB Unreviewed (TrEMBL); UniParc	2	Influenza A virus (A/chicken/Egypt/BSU-CU/2011(H9N2); Klebsiella sp. Kpp	171	0.5
UniRef50_J3S1W2	Cluster: Polymerase PB2 (Fragment)	UniProtKB Unreviewed (TrEMBL)	4	Influenza A virus (A/chicken/Egypt/BSU-CU/2011(H9N2); Influenza A virus (A/Thailand/CU-H1065/2009(H1N1); Influenza A virus (A/Thailand/CU-H1210/2010(H1N1); Influenza A virus (A/duck/Taiwan/0107/2000(H11N9)	171	0.5
UniRef50_J7EXG2	Cluster: Neuraminidase (Fragment)	UniProtKB Unreviewed (TrEMBL)	15	Influenza A virus (A/mallard/Korea/1203/2010(H10N8); Influenza A virus; Influenza A virus (A/crow/Bangladesh/BL-485/2011(H5N1); Influenza A virus (A/swine/Lidkoeping/1193/2002(H1N1); Influenza A virus (A/Rome/663/2009(H1N1); Influenza A virus (A/equine/Athens/01/2003(H3N8); Influenza A virus (A/equine/Athens/02/2007(H3N8); Influenza A virus (A/equine/Athens/04/2007(H3N8); Influenza A virus (A/equine/Athens/02/2003(H3N8); Influenza A virus (A/equine/Spain/1/2009(H3N8)	207	0.5
UniRef50_J9R5Z2	Cluster: Hemagglutinin (Fragment)	UniProtKB Unreviewed (TrEMBL); UniParc	136	Influenza A virus (A/Vietnam/Q664/2006(H1N1); Influenza A virus (A/Kericho/4831/2007(H1N1); Influenza A virus (A/PaisVasco/RR3343/2009(H1N1); Influenza A virus (A/Austria/402943/2008(H1N1); Influenza A virus (A/Vietnam/TX09/2006(H1N1); Influenza A virus (A/Hanoi/TX09/2006(H1N1); Influenza A virus (A/Philippines/3150/2007(H1N1); Influenza A virus (A/Kolkata/959/2007(H1N1); Influenza A virus (A/KOL/2218/2009(H1N1); Influenza A virus (A/Austria/400611/2008(H1N1)	307	0.5
UniRef50_K4ES12	Cluster: Hemagglutinin (Fragment)	UniProtKB Unreviewed (TrEMBL)	4	Influenza B virus (B/Sao Paulo/98586/2010); Influenza B virus (B/Connecticut/Flu110/2013); Influenza B virus; Influenza B virus (B/Connecticut/Flu096/2013)	339	0.5
UniRef50_K7TQG0	Cluster: Protein PA-X (Fragment)	UniProtKB Unreviewed (TrEMBL)	1	Influenza A virus (A/duck/Qalubia/CAI11/2010(H5N1)	582	0.5
UniRef50_K7WMM6	Cluster: Neuraminidase (Fragment)	UniProtKB Unreviewed (TrEMBL)	2	Influenza B virus (B/Quintana Roo/InDRE3751/2011); Influenza B virus	103	0.5
UniRef50_K7Y4M6	Cluster: Neuraminidase	UniProtKB Unreviewed (TrEMBL)	1	Influenza A virus (A/laughing gull/Delaware Bay/558/1988(H11N1)	469	0.5
UniRef50_K7Y6E6	Cluster: Neuraminidase	UniProtKB Unreviewed (TrEMBL)	1	Influenza A virus (A/mallard/Alberta/563/1986(H6N5)	472	0.5
UniRef50_K7YJJ2	Cluster: Polymerase PB2	UniProtKB Unreviewed (TrEMBL)	1	Influenza A virus (A/laughing gull/Delaware Bay/558/1988(H11N1)	759	0.5
UniRef50_K7YY66	Cluster: Polymerase PB2	UniProtKB Unreviewed (TrEMBL)	1	Influenza A virus (A/mallard/Alberta/563/1986(H6N5)	759	0.5
UniRef50_K7ZFH2	Cluster: RNA-directed RNA polymerase catalytic subunit	UniProtKB Unreviewed (TrEMBL)	85	Influenza A virus (A/American black duck/New Brunswick/03551/2009(H4N6); Influenza B virus (B/Wellington/4/2008); Influenza B virus (B/Wellington/7/2008); Influenza B virus (B/Christchurch/54/2007); Influenza A virus; Influenza B virus (B/Waikato/15/2002); Influenza A virus (A/gadwall/California/8648/2008(H6N1); Influenza B virus (B/Brisbane/60-8/2010); Influenza B virus (B/Victoria/500/2007); Influenza B virus (B/New York/1294/2011)	757	0.5
UniRef50_K9LH09	Cluster: Non-structural protein 1	UniProtKB Unreviewed (TrEMBL)	65	Influenza D virus (D/swine/Oklahoma/1334/2011); Influenza D virus; Influenza D virus (D/swine/Italy/354017/2015); Influenza D virus (D/swine/Italy/173287-4/2016); Influenza D virus (D/swine/Italy/199724-3/2015); Influenza D virus (D/bovine/Italy/46484/2015); Influenza D virus (D/bovine/Mississippi/C00046N/2014); Influenza D virus (D/bovine/Kansas/11-8/2012); Influenza D virus (D/bovine/France/5920/2014); Influenza D virus (D/bovine/Kansas/13-21/2012)	243	0.5
UniRef50_K9LHJ9	Cluster: Nonstructural protein 2	UniProtKB Unreviewed (TrEMBL)	89	Influenza D virus (D/swine/Oklahoma/1334/2011); Influenza D virus; Influenza D virus (D/swine/Italy/354017/2015); Influenza D virus (D/swine/Italy/173287-4/2016); Influenza D virus (D/bovine/Italy/1/2014); Influenza D virus (D/swine/Italy/199724-3/2015); Influenza D virus (D/bovine/Italy/46484/2015); Influenza D virus (D/bovine/Mississippi/C00046N/2014); Influenza D virus (D/bovine/Kansas/14-22/2012); Influenza D virus (D/bovine/France/5920/2014)	184	0.5
UniRef50_K9NV89	Cluster: PB1-F2 protein	UniProtKB Unreviewed (TrEMBL)	1	Influenza A virus (A/Mexico City/INER16/2009(H1N1)	101	0.5
UniRef50_K9NWE6	Cluster: Putative PB1-F2 protein	UniProtKB Unreviewed (TrEMBL)	1	Influenza A virus (A/Mexico/InDRE2246/2005(H3N2)	52	0.5
UniRef50_K9NWG7	Cluster: Polymerase acidic protein	UniProtKB Unreviewed (TrEMBL)	1	Influenza A virus (A/Mexico City/INER16/2009(H1N1)	716	0.5
UniRef50_K9NXI1	Cluster: PB1-F2 protein	UniProtKB Unreviewed (TrEMBL)	2	Influenza A virus (A/Mexico City/INER13/2009(H1N1); Influenza A virus (A/Uganda/MUWRP-040/2008(H3N2)	90	0.5
UniRef50_K9NXN0	Cluster: Polymerase PB2	UniProtKB Unreviewed (TrEMBL)	1	Influenza A virus (A/Mexico City/INER9/2010(H1N1)	759	0.5
UniRef50_L0HTY8	Cluster: Hemagglutinin (Fragment)	UniProtKB Unreviewed (TrEMBL)	2	Influenza A virus (A/Belem/118679/2012(H3N2); Influenza A virus (A/Pernambuco/121392/2012(H3N2)	185	0.5
UniRef50_L0I584	Cluster: Polymerase PB2 (Fragment)	UniProtKB Unreviewed (TrEMBL)	3	Influenza A virus (A/Athens/INS568/2011(H1N1); Influenza A virus (A/swine/North Carolina/01721/2007(H1N1); Influenza A virus (A/Peking duck/Wagun/1827-6/1984(H11N2)	134	0.5
UniRef50_L0I6L0	Cluster: Matrix protein 1 (Fragment)	UniProtKB Unreviewed (TrEMBL)	6	Influenza A virus (A/Aarhus/INS611/2011); Influenza A virus (A/Beijing/FL62/2014(H1N1); Influenza A virus; Influenza A virus (A/duck/Hong Kong/205/1977(H5N3); Influenza A virus (A/turkey/MN/1818/82(H7N3)	94	0.5
UniRef50_L7XCR6	Cluster: Nuclear export protein (Fragment)	UniProtKB Unreviewed (TrEMBL)	2	Influenza A virus (A/chicken/Iran/N103/2011(H9N2); Influenza A virus (A/chicken/Iran/N102/2011(H9N2)	59	0.5
UniRef50_L7YB85	Cluster: Hemagglutinin	UniProtKB Unreviewed (TrEMBL)	11	Influenza A virus (A/blue-winged teal/Illinois/10OS3610/2010(H6N2); Influenza A virus (A/mallard/Ontario/15741/2005(H5N1); Influenza A virus; Influenza A virus (A/pintail/Alberta/352/1986(H6N2); Influenza A virus (A/mallard/Alberta/563/1986(H6N5); Influenza A virus (A/goose/Guangdong/G3158/2014(H6)	566	0.5
UniRef50_L7YBU8	Cluster: Hemagglutinin (Fragment)	UniProtKB Unreviewed (TrEMBL); UniParc	101	Influenza A virus (A/northern shoveler/Mississippi/11OS108/2011(H1N1); Influenza A virus (A/silky fowl/Korea/LBM1632/2007(H9N2); Influenza A virus (A/Korean native chicken/Korea/LBM453/2008(H9N2); Influenza A virus (A/chicken/Korea/S21/2004(H9N2); Influenza A virus (A/chicken/Korea/S22/2004(H9N2); Influenza A virus (A/swine/North Carolina/00237/2004(H1N1); Influenza A virus (A/Singapore/KTPH1/2011(H1N1); Influenza A virus; Influenza A virus (A/chicken/Shanghai/Q0812-1/2008(H9N2); Influenza A virus (A/chicken/Shanghai/Q0709/2007(H9N2)	385	0.5
UniRef50_L8AZH1	Cluster: Hemagglutinin (Fragment)	UniProtKB Unreviewed (TrEMBL); UniParc	111	Influenza A virus (A/duck/Vietnam/OIE-3241/2012(H3N8); Influenza A virus (A/duck/Hokkaido/46/2010(H3N8); Influenza A virus (A/duck/Vietnam/HU1-1128/2014(H3N2); Influenza A virus (A/duck/Hokkaido/19/2010(H3N8); Influenza A virus (A/mallard duck/Korea/VI141417/2014(H3N8); Influenza A virus (A/mallard duck/Korea/VI141472/2014(H3N8); Influenza A virus (A/mallard duck/Korea/CBU142416/2014(H3N6); Influenza A virus (A/duck/Jiangsu/J2400/2014(H3); Influenza A virus (A/pet bird/China/R7/04(H3N8); Influenza A virus (A/finch/China/R170/2002(H3N8)	231	0.5
UniRef50_L8B2X4	Cluster: Polymerase acidic protein (Fragment)	UniProtKB Unreviewed (TrEMBL)	1	Influenza A virus (A/duck/Vietnam/OIE-3038/2012(H5N1)	335	0.5
UniRef50_L8B333	Cluster: Neuraminidase (Fragment)	UniProtKB Unreviewed (TrEMBL)	17	Influenza A virus (A/duck/Vietnam/OIE-3479/2012(H6N2); Influenza A virus; Influenza A virus (A/chicken/Neve Ilan/1504/03(H9N2); Influenza A virus (A/chicken/Tzrofa/1568/2004(H9N2); Influenza A virus (A/turkey/Brosh/1276/2003(H9N2); Influenza A virus (A/chicken/Uzziyyahu/1651/2004(H9N2); Influenza A virus (A/chicken/Kfar Monash/636/2002(H9N2); Influenza A virus (A/turkey/Beit Herut/1265/2003(H9N2); Influenza A virus (A/chicken/Amioz/1527/03(H9N2); Influenza A virus (A/turkey/Nahalel/1547/2004(H9N2)	183	0.5
UniRef50_M1IP42	Cluster: Hemagglutinin (Fragment)	UniProtKB Unreviewed (TrEMBL); UniParc	142	Influenza A virus (A/American black duck/Newfoundland/PR007/2010(H6N6); Influenza A virus (A/duck/Newfoundland/MW721/2010(H6N8); Influenza A virus (A/American black duck/Newfoundland/MW733/2010(H6N6); Influenza A virus (A/herring gull/Sarma/51/2006(H6N1); Influenza A virus (A/Teal/Norway/10_1045/2010(H6); Influenza A virus (A/yellow-billed teal/Chile/16/2014(H6Nx); Influenza A virus (A/Teal/Norway/10_1002/2010(H6); Influenza A virus; Influenza A virus (A/Viet Nam/001-1711/2009(H1); Influenza A virus (A/Mallard/Norway/10_1671/2007(H1N1)	241	0.5
UniRef50_M1J8E2	Cluster: Protein PA-X (Fragment)	UniProtKB Unreviewed (TrEMBL); UniParc	14	Influenza A virus (A/American black duck/Newfoundland/PR007/2010(H6N6); Influenza A virus (A/swine/Texas/4199-2/1998(H3N2); Influenza A virus (A/Swine/Minnesota/9088-2/98 (H3N2); Influenza A virus (A/Swine/North Carolina/35922/98 (H3N2); Influenza A virus (A/Wisconsin/4755/1994(H1N1); Influenza A virus (A/Wisconsin/4754/1994(H1N1); Influenza A virus (A/Lima/WRAIR1695P/2009(H1N1); Influenza A virus; Influenza A virus (A/California/04/2009(H1N1)	187	0.5
UniRef50_M1PF16	Cluster: Nucleoprotein (Fragment)	UniProtKB Unreviewed (TrEMBL)	1	Influenza B virus (B/Surakarta/1/2010)	171	0.5
UniRef50_M1SBL6	Cluster: Hemagglutinin	UniProtKB Unreviewed (TrEMBL)	3	Influenza A virus (A/northern pintail/InteriorAlaska/9BM4994R0/2009(H10N7); Influenza A virus	561	0.5
UniRef50_M4GL98	Cluster: RNA-directed RNA polymerase catalytic subunit (Fragment)	UniProtKB Unreviewed (TrEMBL)	55	Influenza A virus (A/avian/Israel/457/2001(H10N7); Influenza A virus (A/canine/NY/dog5c06/2009(H3N8); Influenza A virus (A/canine/NY/dog4c19/2009(H3N8); Influenza A virus (A/canine/NY/dog5c03/2009(H3N8); Influenza A virus (A/duck/Vietnam/NCVD-3116/2013(H5N1); Influenza A virus (A/dove/Korea/S11/2003(H3N2); Influenza B virus (B/Malaysia/1814277/2007); Influenza A virus (A/duck/Hong Kong/412/1978(H4N2); Influenza A virus (A/duck/Hong Kong/62/1976(H11N2); Influenza A virus (A/swine/Lidkoeping/1193/2002(H1N1)	409	0.5
UniRef50_M4VJF9	Cluster: Nucleocapsid protein (Fragment)	UniProtKB Unreviewed (TrEMBL)	2	Influenza A virus (A/swine/Colombia/1/2011(H1N1); Influenza A virus (A/swine/Korea/GC0503/2005(H1N1)	70	0.5
UniRef50_M4W1M4	Cluster: Protein PA-X (Fragment)	UniProtKB Unreviewed (TrEMBL)	33	Influenza A virus (A/black-bellied whistling-duck/Colombia/1/2011(H5N2); Influenza A virus (A/duck/Hokkaido/1019/2001(H4N6); Influenza A virus (A/swine/Henan/6/2004(H9N2); Influenza A virus (A/swine/Henan/7/2004(H9N2); Influenza A virus (A/duck/Hokkaido/107/01(H2N3); Influenza A virus (A/swine/Henan/4/2004(H9N2); Influenza A virus (A/duck/Hokkaido/86/01(H2N3); Influenza A virus (A/duck/Siberia/119/2001(H3N8); Influenza A virus (A/duck/Beijing/44/04(H3N8); Influenza A virus (A/duck/Beijing/59/05(H3N8)	196	0.5
UniRef50_M5AL64	Cluster: Hemagglutinin (Fragment)	UniProtKB Unreviewed (TrEMBL)	3	Influenza B virus (B/Sendai/EQ147/2011); Influenza B virus (B/Sendai/EQ149/2011); Influenza B virus (B/Sendai/EQ209/2011)	69	0.5
UniRef50_M9R300	Cluster: Hemagglutinin (Fragment)	UniProtKB Unreviewed (TrEMBL)	1	Influenza A virus (A/India/LKO2711/2012(H1N1)	137	0.5
UniRef50_M9YN13	Cluster: Nucleocapsid protein (Fragment)	UniProtKB Unreviewed (TrEMBL); UniParc	27	Influenza A virus (A/herring gull/Newfoundland/GR657/2011(H13N6); Influenza A virus (A/Duck/Nanchang/10-389/2000(H9N2); Influenza A virus (A/Duck/Nanchang/10-096/2000(H3N6); Influenza A virus (A/Quail/Nanchang/10-028/2000(H3N6); Influenza A virus (A/Duck/Nanchang/10-383/2000(H3N6); Influenza A virus (A/chicken/Nanchang/4-301/2001(H9N2); Influenza A virus (A/Chicken/Nanchang/4-361/2001(H9N2); Influenza A virus (A/Chicken/Nanchang/1-020/2001(H3N6); Influenza A virus (A/Duck/Nanchang/11-392/2000(H9N2); Influenza A virus (A/Duck/Nanchang/11-197/2000(H9N2)	206	0.5
UniRef50_M9YNR0	Cluster: Hemagglutinin (Fragment)	UniProtKB Unreviewed (TrEMBL)	1	Influenza A virus (A/Casablanca/0090/2013(H1N1)	157	0.5
UniRef50_M9YQV1	Cluster: Protein PA-X (Fragment)	UniProtKB Unreviewed (TrEMBL)	26	Influenza A virus (A/gull/Newfoundland/1413/2009(H16N9); Influenza A virus; Influenza A virus (A/silky chicken/Korea/S3/03(H9N2); Influenza A virus (A/Connecticut/Flu150/2013(H1N1); Influenza A virus (strain A/Shearwater/Australia/1972 H6N5); Influenza A virus (A/quail/Nanchang/12-340/2000(H1N1); Influenza A virus (A/swine/Iowa/02539/2009(N1); Influenza A virus (A/chicken/Giza/CAI26/2011(H5); Influenza A virus (A/Khon Kaen/INS444/2010(H1N1); Influenza A virus (A/swine/Italy/149878/2013(H1N2)	185	0.5
UniRef50_M9YVB7	Cluster: Polymerase basic protein 2 (Fragment)	UniProtKB Unreviewed (TrEMBL)	49	Influenza A virus (A/gull/Newfoundland/1413/2009(H16N9); Influenza A virus (A/chicken/Iran/TH286/2007(H9N2); Influenza A virus (A/chicken/Iran/THLBM864/2007(H9N2); Influenza A virus (A/chicken/Iran/TH-JP87/2008(H9N2); Influenza A virus (A/duck/Taiwan/wb1-25-1TNF/1999(H4N6); Influenza A virus (A/duck/Hokkaido/W109/2004(H6N2); Influenza A virus (A/duck/Hokkaido/W70/2005(H3N8); Influenza A virus (A/duck/Taiwan/TP/0208/2000(H1N1); Influenza A virus (A/duck/Hokkaido/w73/2007(H1N1); Influenza A virus (A/chicken/Iran/TH-JP83/2004(H9N2)	273	0.5
UniRef50_M9YVF2	Cluster: Polymerase PB2 (Fragment)	UniProtKB Unreviewed (TrEMBL); UniParc	27	Influenza A virus (A/ring-billed gull/Newfoundland/GR384/2011(H13N6); Influenza A virus (A/swine/Minnesota/SG1184/2003(N2); Influenza A virus (A/swine/Minnesota/SG1179/2003(H1N1); Influenza A virus (A/swine/Minnesota/SG1177/2003(H1N1); Influenza A virus (A/gull/Newfoundland/YH043/2010); Influenza A virus (A/common murre/Newfoundland/AB351/2011(H1N2); Influenza A virus (A/common murre/Newfoundland/AB358/2011(H1N2); Influenza A virus (A/common murre/Newfoundland/AB335/2011(H1N2); Influenza A virus (A/herring gull/Newfoundland/YH022/2010(H13N6); Influenza A virus (A/American black duck/Newfoundland/MW733/2010(H6N6)	165	0.5
UniRef50_M9YY91	Cluster: Hemagglutinin (Fragment)	UniProtKB Unreviewed (TrEMBL)	2	Influenza A virus (A/Casablanca/0083/2013(H1N1); Influenza A virus (A/Casablanca/0086/2013(H1N1)	157	0.5
UniRef50_O09654	Cluster: Neuraminidase (Fragment)	UniProtKB Unreviewed (TrEMBL)	1	Influenza A virus (A/swine/Hong Kong/168/1993(H1N1)	138	0.5
UniRef50_O09655	Cluster: Neuraminidase (Fragment)	UniProtKB Unreviewed (TrEMBL)	1	Influenza A virus (A/swine/Hong Kong/273/1994(H1N1)	79	0.5
UniRef50_O36432	Cluster: Polymerase acidic protein	UniProtKB Reviewed (Swiss-Prot); UniProtKB Unreviewed (TrEMBL); UniParc	7656	Influenza B virus (strain B/Panama/45/1990); Influenza B virus (strain B/Ann Arbor/1/1966 [wild-type]); Influenza B virus (strain B/Lee/1940); Influenza B virus (strain B/Ann Arbor/1/1966 [cold-adapted]); Influenza B virus (strain B/Singapore/222/1979); Influenza B virus (strain B/Hong Kong/22/1989); Influenza B virus (B/Hawaii/23/2016); Influenza B virus (B/California/77/2016); Influenza B virus (B/Florida/74/2015); Influenza B virus (B/Taiwan/30/2008)	726	0.5
UniRef50_O39174	Cluster: Hemagglutinin (Fragment)	UniProtKB Unreviewed (TrEMBL)	23	Influenza B virus (B/Taiwan/3143/97); Influenza B virus (B/Taiwan/2027/99); Influenza B virus (B/Taiwan/2195/99); Influenza B virus (B/Taiwan/114/2001); Influenza B virus (B/Taiwan/0114/01); Influenza B virus (B/Taiwan/1103/2001); Influenza B virus (B/Taiwan/12192/2000); Influenza B virus (B/Taiwan/4184/2000); Influenza B virus (B/Taiwan/1243/99); Influenza B virus (B/Tottori/KK197/2014)	186	0.5
UniRef50_P03427	Cluster: Polymerase basic protein 2	UniProtKB Reviewed (Swiss-Prot); UniProtKB Unreviewed (TrEMBL); UniParc	58168	Influenza A virus (strain A/Wilson-Smith/1933 H1N1); Influenza A virus (strain A/Hong Kong/212/2003 H5N1 genotype Z+); Influenza A virus (strain A/Qu/7/1970 H3N2); Influenza A virus (strain A/Chicken/Hong Kong/96.1/2002 H5N1 genotype Y); Influenza A virus (strain A/Swine/Tennessee/24/1977 H1N1); Influenza A virus (strain A/Japan/305/1957 H2N2); Influenza A virus (strain A/Equine/Kentucky/2/1986 H3N8); Influenza A virus (strain A/Goose/Guangxi/345/2005 H5N1 genotype G); Influenza A virus (strain A/Grey teal/Australia/2/1979 H4N4); Influenza A virus (strain A/Equine/Prague/1/1956 H7N7)	759	0.5
UniRef50_P03430	Cluster: RNA-directed RNA polymerase catalytic subunit	UniProtKB Reviewed (Swiss-Prot); UniProtKB Unreviewed (TrEMBL); UniParc	64543	Influenza A virus (strain A/Wilson-Smith/1933 H1N1); Influenza A virus (strain A/Hong Kong/156/1997 H5N1 genotype Gs/Gd); Influenza A virus (strain A/Memphis/2/1978 H3N2); Influenza A virus (strain A/Memphis/18/1978 H3N2); Influenza A virus (strain A/Chicken/Scotland/1959 H5N1); Influenza A virus (strain A/Chicken/Pennsylvania/1/1983 H5N2); Influenza A virus (strain A/USSR/90/1977 H1N1); Influenza A virus (strain A/Ann Arbor/6/1960 H2N2); Influenza A virus (strain A/Equine/Tennessee/5/1986 H3N8); Influenza A virus (strain A/Russia:St.Petersburg/8/2006 H1N1)	757	0.5
UniRef50_P03433	Cluster: Polymerase acidic protein	UniProtKB Reviewed (Swiss-Prot); UniProtKB Unreviewed (TrEMBL); UniParc	57814	Influenza A virus (strain A/Puerto Rico/8/1934 H1N1); Influenza A virus (strain A/Leningrad/134/1957 H2N2); Influenza A virus (strain A/Henry/1936 H1N1); Influenza A virus (strain A/Tokyo/3/1967 H2N2); Influenza A virus (strain A/Chicken/Hong Kong/YU22/2002 H5N1 genotype Z); Influenza A virus (strain A/Memphis/102/1972 H3N2); Influenza A virus (strain A/Memphis/101/1972 H3N2); Influenza A virus (strain A/Fort Monmouth/1/1947 H1N1); Influenza A virus (strain A/USA:Phila/1935 H1N1); Influenza A virus (strain A/Swine/Hong Kong/126/1982 H3N2)	716	0.5
UniRef50_P03435	Cluster: Hemagglutinin	UniProtKB Reviewed (Swiss-Prot); UniProtKB Unreviewed (TrEMBL); UniParc	575	Influenza A virus (strain A/Victoria/3/1975 H3N2); Influenza A virus (strain A/Port Chalmers/1/1973 H3N2); Influenza A virus (strain A/Hong Kong/5/1983 H3N2); Influenza A virus (strain A/England/321/1977 H3N2); Influenza A virus (strain A/Memphis/102/1972 H3N2); Influenza A virus (strain A/Memphis/101/1972 H3N2); Influenza A virus (strain A/Udorn/307/1972 H3N2); Influenza A virus (strain A/Memphis/4/1980 H3N2); Influenza A virus (strain A/Bangkok/1/1979 H3N2); Influenza A virus (strain A/Memphis/6/1986 H3N2)	567	0.5
UniRef50_P03436	Cluster: Hemagglutinin	UniProtKB Reviewed (Swiss-Prot); UniProtKB Unreviewed (TrEMBL); UniParc	34333	Influenza A virus (strain A/Northern Territory/60/1968 H3N2); Influenza A virus (strain A/Equine/Jillin/1/1989 H3N8); Influenza A virus (strain A/Duck/Hokkaido/8/1980 H3N8); Influenza A virus (strain A/Swine/Colorado/1/1977 H3N2); Influenza A virus (strain A/Memphis/18/1978 H3N2); Influenza A virus (strain A/Memphis/110/1976 H3N2); Influenza A virus (strain A/Beijing/39/1975 H3N2); Influenza A virus (strain A/Duck/Hong Kong/7/1975 H3N2); Influenza A virus (strain A/Duck/Hokkaido/5/1977 H3N8); Influenza A virus (strain A/Swine/Hong Kong/81/1978 H3N2)	566	0.5
UniRef50_P03444	Cluster: Hemagglutinin (Fragment)	UniProtKB Reviewed (Swiss-Prot)	1	Influenza A virus (strain A/Duck/Manitoba/1/1953 H10N7)	106	0.5
UniRef50_P03446	Cluster: Hemagglutinin	UniProtKB Reviewed (Swiss-Prot); UniProtKB Unreviewed (TrEMBL); UniParc	12359	Influenza A virus (strain A/Duck/Alberta/60/1976 H12N5); Influenza A virus (strain A/Turkey/Wisconsin/1/1966 H9N2); Influenza A virus (strain A/Turkey/Ontario/6118/1968 H8N4); Influenza A virus (A/pintail/Alaska/535/2005(H12); Influenza A virus (A/pintail/Alaska/229/2005(H12); Influenza A virus (A/pintail/Alaska/403/2005(H12); Influenza A virus (A/pintail/Alaska/102/2005(H12); Influenza A virus (A/pintail/Alaska/441/2005(H12); Influenza A virus (A/mallard/Alaska/563/2005(H12); Influenza A virus	564	0.5
UniRef50_P03451	Cluster: Hemagglutinin	UniProtKB Reviewed (Swiss-Prot); UniProtKB Unreviewed (TrEMBL); UniParc	803	Influenza A virus (strain A/Japan/305/1957 H2N2); Influenza A virus (strain A/Mallard/New York/6750/1978 H2N2); Influenza A virus (strain A/Korea/426/1968 H2N2); Influenza A virus (strain A/Singapore/1/1957 H2N2); Influenza A virus (strain A/RI/5-/1957 H2N2); Influenza A virus (strain A/Herring gull/DE/677/1988 H2N8); Influenza A virus (A/mallard/Alberta/202/1996(H2N5); Influenza A virus (A/mallard/Alberta/226/98(H2N3); Influenza A virus (A/mallard/Alberta/205/1998(H2N3); Influenza A virus (A/blue-winged teal/Alberta/16/1997(H2N9)	562	0.5
UniRef50_P03452	Cluster: Hemagglutinin	UniProtKB Reviewed (Swiss-Prot); UniProtKB Unreviewed (TrEMBL); UniParc	52256	Influenza A virus (strain A/Puerto Rico/8/1934 H1N1); Influenza A virus (strain A/USA:Phila/1935 H1N1); Influenza A virus (strain A/USA:Huston/AA/1945 H1N1); Influenza A virus (strain A/USA:Iowa/1943 H1N1); Influenza A virus (strain A/Wilson-Smith/1933 H1N1); Influenza A virus (strain A/Russia:St.Petersburg/8/2006 H1N1); Influenza A virus (strain A/New Zealand:South Canterbury/35/2000 H1N1); Influenza A virus (strain A/China:Nanchang/11/1996 H1N1); Influenza A virus (strain A/USA:Texas/UR06-0195/2007 H1N1); Influenza A virus (strain A/Turkey/Ontario/7732/1966 H5N9)	565	0.5
UniRef50_P03459	Cluster: Hemagglutinin	UniProtKB Reviewed (Swiss-Prot); UniProtKB Unreviewed (TrEMBL); UniParc	5640	Influenza A virus (strain A/Fowl plague virus/Rostock/8/1934 H7N1); Influenza A virus (strain A/Chicken/Weybridge H7N7); Influenza A virus (strain A/Chicken/Victoria/1/1985 H7N7); Influenza A virus (strain A/Starling/Victoria/5156/1985 H7N7); Influenza A virus (strain A/Equine/Sao Paulo/1/1976 H7N7); Influenza A virus (strain A/Equine/Lexington/1/1966 H7N7); Influenza A virus (strain A/Equine/New Market/1/1977 H7N7); Influenza A virus (strain A/Equine/Switzerland/137/1972 H7N7); Influenza A virus (strain A/Equine/Detroit/1/1964 H7N7); Influenza A virus (strain A/Equine/Cambridge/1/1973 H7N7)	563	0.5
UniRef50_P03460	Cluster: Hemagglutinin	UniProtKB Reviewed (Swiss-Prot); UniProtKB Unreviewed (TrEMBL); UniParc	17537	Influenza B virus (strain B/Lee/1940); Influenza B virus (strain B/Beijing/1/1987); Influenza B virus (strain B/Victoria/2/1987); Influenza B virus (strain B/Oregon/5/1980); Influenza B virus (strain B/England/222/1982); Influenza B virus (strain B/Singapore/222/1979); Influenza B virus (strain B/Memphis/6/1986); Influenza B virus (strain B/Victoria/3/1985); Influenza B virus (strain B/USSR/100/1983); Influenza B virus (strain B/Bonn/1943)	584	0.5
UniRef50_P03466	Cluster: Nucleoprotein	UniProtKB Reviewed (Swiss-Prot); UniProtKB Unreviewed (TrEMBL); UniParc	55445	Influenza A virus (strain A/Puerto Rico/8/1934 H1N1); Influenza A virus (strain A/Swine/Colorado/1/1977 H3N2); Influenza A virus (strain A/Swine/Iowa/1976/1931 H1N1); Influenza A virus (strain A/Shanghai/31/1980 H3N2); Influenza A virus (strain A/Chicken/Hong Kong/YU562/2001 H5N1 genotype B); Influenza A virus (strain A/Swine/Italy/839/1989 H1N1); Influenza A virus (strain A/Swine/Dandong/9/1983 H3N2); Influenza A virus (strain A/Duck/Manitoba/1/1953 H10N7); Influenza A virus (strain A/Tern/Turkmenia/18/1972 H3N3); Influenza A virus (strain A/Swine/Iowa/15/1930 H1N1)	498	0.5
UniRef50_P03470	Cluster: Neuraminidase	UniProtKB Reviewed (Swiss-Prot); UniProtKB Unreviewed (TrEMBL); UniParc	40360	Influenza A virus (strain A/Wilson-Smith/1933 H1N1); Influenza A virus (strain A/Swine/New Jersey/11/1976 H1N1); Influenza A virus (strain A/Swine/Wisconsin/1/1961 H1N1); Influenza A virus (strain A/Vietnam/1203/2004 H5N1); Influenza A virus (strain A/USA:Huston/AA/1945 H1N1); Influenza A virus (strain A/Guinea fowl/New York/4-3587/1984 H3N8); Influenza A virus (strain A/Mallard/Edmonton/220/1990 H3N8); Influenza A virus (strain A/Turkey/Minnesota/501/1978 H6N8); Influenza A virus (strain A/Turkey/Canada/1963 H6N8); Influenza A virus (strain A/Herring gull/DE/677/1988 H2N8)	453	0.5
UniRef50_P03472	Cluster: Neuraminidase	UniProtKB Reviewed (Swiss-Prot); UniProtKB Unreviewed (TrEMBL); UniParc	7695	Influenza A virus (strain A/Tern/Australia/G70C/1975 H11N9); Influenza A virus (strain A/Ruddy Turnstone/New Jersey/60/1985 H4N9); Influenza A virus (strain A/Whale/Maine/1/1984 H13N9); Influenza A virus (strain A/Seal/Massachusetts/1/1980 H7N7); Influenza A virus (strain A/Gull/Maryland/704/1977 H13N6); Influenza A virus (strain A/Gull/Minnesota/945/1980 H13N6); Influenza A virus (strain A/Duck/Czechoslovakia/1956 H4N6); Influenza A virus (strain A/Gull/Astrakhan/227/1984 H13N6); Influenza A virus (strain A/Duck/England/1/1956 H11N6); Influenza A virus (strain A/Budgerigar/Hokkaido/1/1977 H4N6)	470	0.5
UniRef50_P03474	Cluster: Neuraminidase	UniProtKB Reviewed (Swiss-Prot); UniProtKB Unreviewed (TrEMBL); UniParc	12570	Influenza B virus (strain B/Lee/1940); Influenza B virus (strain B/Victoria/3/1985); Influenza B virus (strain B/Beijing/1/1987); Influenza B virus (strain B/Memphis/3/1989); Influenza B virus (strain B/Oregon/5/1980); Influenza B virus (strain B/Yamagata/16/1988); Influenza B virus (strain B/Singapore/222/1979); Influenza B virus (strain B/Maryland/1959); Influenza B virus (strain B/USSR/100/1983); Influenza B virus (strain B/Hong Kong/8/1973)	466	0.5
UniRef50_P03479	Cluster: Neuraminidase (Fragment)	UniProtKB Reviewed (Swiss-Prot)	1	Influenza A virus (strain A/Duck/Alberta/28/1976 H4N6)	103	0.5
UniRef50_P03481	Cluster: Neuraminidase (Fragment)	UniProtKB Reviewed (Swiss-Prot); UniProtKB Unreviewed (TrEMBL)	2	Influenza A virus (strain A/Black duck/Australia/702/1978 H3N8); Influenza A virus (strain A/Shearwater/Australia/1972 H6N5)	102	0.5
UniRef50_P03493	Cluster: Matrix protein 2	UniProtKB Reviewed (Swiss-Prot); UniProtKB Unreviewed (TrEMBL); UniParc	7005	Influenza B virus (strain B/Lee/1940); Influenza B virus (strain B/Singapore/222/1979); Influenza B virus (strain B/Ann Arbor/1/1966 [cold-adapted]); Influenza B virus (strain B/Ann Arbor/1/1966 [wild-type]); Influenza B virus (strain B/Yamagata/1/1973); Influenza B virus (strain B/Memphis/12/1997); Influenza B virus (B/reassortant/NYMC BX-41(Lee/1940 x Wisconsin/01/2010); Influenza B virus (B/reassortant/NYMC BX-43A(Lee/1940 x HongKong/259/2010); Influenza B virus (B/reassortant/NYMC BX-40-2L-36(Lee/1940 xPanama/45/1990); Influenza B virus (B/reassortant/NYMC BX-29(Lee/1940 xFujian-Gulou/1272/2008)	109	0.5
UniRef50_P03495	Cluster: Non-structural protein 1	UniProtKB Reviewed (Swiss-Prot); UniProtKB Unreviewed (TrEMBL); UniParc	57920	Influenza A virus (strain A/Udorn/307/1972 H3N2); Influenza A virus (strain A/Memphis/102/1972 H3N2); Influenza A virus (strain A/Memphis/101/1972 H3N2); Influenza A virus (strain A/Chile/1/1983 H1N1); Influenza A virus (strain A/Qu/7/1970 H3N2); Influenza A virus (strain A/Japan/305/1957 H2N2); Influenza A virus (strain A/Aichi/2/1968 H3N2); Influenza A virus (strain A/Wa-182); Influenza A virus (strain A/Beijing/39/1975 H3N2); Influenza A virus (strain A/Alaska/6/1977 H3N2)	237	0.5
UniRef50_P03502	Cluster: Non-structural protein 1	UniProtKB Reviewed (Swiss-Prot); UniProtKB Unreviewed (TrEMBL); UniParc	8863	Influenza B virus (strain B/Lee/1940); Influenza B virus (strain B/Yamagata/1/1973); Influenza B virus (strain B/Ann Arbor/1/1966 [cold-adapted]); Influenza B virus (strain B/Ann Arbor/1/1966 [wild-type]); Influenza B virus (strain B/PA/1979); Influenza B virus (strain B/Singapore/1964); Influenza B virus (strain B/HT/1984); Influenza B virus (strain B/RU/1969); Influenza B virus (strain B/Maryland/1959); Influenza B virus (strain B/ID/1986)	281	0.5
UniRef50_P03508	Cluster: Nuclear export protein	UniProtKB Reviewed (Swiss-Prot); UniProtKB Unreviewed (TrEMBL); UniParc	53356	Influenza A virus (strain A/Puerto Rico/8/1934 H1N1); Influenza A virus (strain A/Russia:St.Petersburg/8/2006 H1N1); Influenza A virus (strain A/Duck/Czechoslovakia/1956 H4N6); Influenza A virus (strain A/Turkey/Ontario/7732/1966 H5N9); Influenza A virus (strain A/Chicken/Hong Kong/YU562/2001 H5N1 genotype B); Influenza A virus (strain A/Wa-182); Influenza A virus (strain A/Pintail/Alberta/268/1978 H6N2); Influenza A virus (strain A/Singapore/1/1957 H2N2); Influenza A virus (strain A/Equine/New Market/1/1977 H7N7); Influenza A virus (strain A/Equine/London/1416/1973 H7N7)	121	0.5
UniRef50_P03511	Cluster: Nuclear export protein	UniProtKB Reviewed (Swiss-Prot); UniProtKB Unreviewed (TrEMBL)	8029	Influenza B virus (strain B/Lee/1940); Influenza B virus (strain B/Yamagata/1/1973); Influenza B virus (B/reassortant/NYMC BX-43A(Lee/1940 x HongKong/259/2010); Influenza B virus (B/reassortant/NYMC BX-43B(Lee/1940 x HongKong/259/2010); Influenza B virus (B/Singapore/DSO_090131/2004); Influenza B virus (B/Singapore/DSO_090124/2004); Influenza B virus (B/Singapore/DSO_090136/2004); Influenza B virus (B/Singapore/DSO_090114/2004); Influenza B virus (B/Singapore/DSO_090138/2004); Influenza B virus (B/California/NHRC_BRD41171N/2015)	122	0.5
UniRef50_P04661	Cluster: Hemagglutinin	UniProtKB Reviewed (Swiss-Prot); UniProtKB Unreviewed (TrEMBL); UniParc	955	Influenza A virus (strain A/Duck/England/1/1956 H11N6); Influenza A virus (A/mallard/California/6720/2009(H11N6); Influenza A virus (A/mallard duck/ALB/797/1983(H11N3); Influenza A virus (A/mallard/New Jersey/Sg-00884/2008(H11N2); Influenza A virus; Influenza A virus (A/duck/Vietnam/G32/2008(H11N9); Influenza A virus (A/mallard duck/Netherlands/36/2008(H11N9); Influenza A virus (A/cinnamon teal/California/44287-234/2007(H11N9); Influenza A virus (A/duck/Minnesota/47/1975(H11N9); Influenza A virus (A/call duck/Maryland/2C40/2004(H11N3)	565	0.5
UniRef50_P04662	Cluster: Hemagglutinin (Fragment)	UniProtKB Reviewed (Swiss-Prot); UniProtKB Unreviewed (TrEMBL)	5	Influenza A virus (strain A/Tern/Australia/G70C/1975 H11N9); Influenza A virus (strain A/Duck/Ukraine/1/1960 H11N9); Influenza A virus (strain A/Duck/New York/12/1978 H11N6); Influenza A virus (strain A/Duck/Memphis/546/1976 H11N9); Influenza A virus (strain A/Gull/Massachusetts/26/1980 H13N6)	83	0.5
UniRef50_P04663	Cluster: Hemagglutinin (Fragment)	UniProtKB Reviewed (Swiss-Prot); UniProtKB Unreviewed (TrEMBL); UniParc	1735	Influenza A virus (strain A/Qu/7/1970 H3N2); Influenza A virus (strain A/England/878/1969 H3N2); Influenza A virus (A/teal/Germany/wv201r/01); Influenza A virus (A/Bilthoven/628/1976(H3N2); Influenza A virus (A/England/42/1972(H3N2); Influenza A virus (A/Bilthoven/93/1970(H3N2); Influenza A virus (strain A/Dunedin/4/1973 H3N2); Influenza A virus (A/chicken/Jiangsu/J3365/2014(H3); Influenza A virus (A/duck/Hokkaido/27/2011(H3N8); Influenza A virus (A/Bilthoven/808/1969(H3N2)	328	0.5
UniRef50_P04665	Cluster: Nucleoprotein	UniProtKB Reviewed (Swiss-Prot); UniProtKB Unreviewed (TrEMBL); UniParc	7355	Influenza B virus (strain B/Lee/1940); Influenza B virus (strain B/Ann Arbor/1/1986); Influenza B virus (strain B/Ann Arbor/1/1966 [cold-adapted]); Influenza B virus (strain B/Singapore/222/1979); Influenza B virus (strain B/Panama/45/1990); Influenza B virus (strain B/Ann Arbor/1/1966 [wild-type]); Influenza B virus (B/New York/24/1993); Influenza B virus (B/California/NHRC0001/2004); Influenza B virus; Influenza B virus (B/Mississippi/UR06-0408/2007)	560	0.5
UniRef50_P05777	Cluster: Matrix protein 1	UniProtKB Reviewed (Swiss-Prot); UniProtKB Unreviewed (TrEMBL); UniParc	63654	Influenza A virus (strain A/Wilson-Smith/1933 H1N1); Influenza A virus (strain A/Puerto Rico/8/1934 H1N1); Influenza A virus (strain A/Russia:St.Petersburg/8/2006 H1N1); Influenza A virus (strain A/Swine/Iowa/15/1930 H1N1); Influenza A virus (strain A/Equine/New Market/1/1977 H7N7); Influenza A virus (strain A/Camel/Mongolia/1982 H1N1); Influenza A virus (strain A/Turkey/Ireland/1378/1983 H5N8); Influenza A virus (strain A/Silky Chicken/Hong Kong/SF189/2001 H5N1genotype A); Influenza A virus (strain A/Chicken/Scotland/1959 H5N1); Influenza A virus (strain A/Equine/Prague/1/1956 H7N7)	252	0.5
UniRef50_P06817	Cluster: Glycoprotein NB	UniProtKB Reviewed (Swiss-Prot); UniProtKB Unreviewed (TrEMBL)	11219	Influenza B virus (strain B/Lee/1940); Influenza B virus (strain B/USSR/100/1983); Influenza B virus (strain B/Oregon/5/1980); Influenza B virus (strain B/Maryland/1959); Influenza B virus (strain B/Hong Kong/8/1973); Influenza B virus (strain B/Singapore/222/1979); Influenza B virus (strain B/Beijing/1/1987); Influenza B virus (strain B/Leningrad/179/1986); Influenza B virus (strain B/Memphis/6/1986); Influenza B virus (strain B/Victoria/3/1985)	100	0.5
UniRef50_P06820	Cluster: Neuraminidase	UniProtKB Reviewed (Swiss-Prot); UniProtKB Unreviewed (TrEMBL); UniParc	37118	Influenza A virus (strain A/Tokyo/3/1967 H2N2); Influenza A virus (strain A/Memphis/18/1978 H3N2); Influenza A virus (strain A/Aichi/2/1968 H3N2); Influenza A virus (strain A/Northern Territory/60/1968 H3N2); Influenza A virus (strain A/Hong Kong/1/1968 H3N2); Influenza A virus (strain A/Qu/7/1970 H3N2); Influenza A virus (strain A/Swine/Hong Kong/3/1976 H3N2); Influenza A virus (strain A/Chicken/Pennsylvania/8125/1983 H5N2); Influenza A virus (strain A/Niigata/137/1996 H3N2); Influenza A virus (strain A/Beijing/39/1975 H3N2)	469	0.5
UniRef50_P06821	Cluster: Matrix protein 2	UniProtKB Reviewed (Swiss-Prot); UniProtKB Unreviewed (TrEMBL)	64152	Influenza A virus (strain A/Puerto Rico/8/1934 H1N1); Influenza A virus (strain A/X-31 H3N2); Influenza A virus (strain A/Russia:St.Petersburg/8/2006 H1N1); Influenza A virus (strain A/Swine/Iowa/15/1930 H1N1); Influenza A virus (strain A/Swine/Hong Kong/127/1982 H3N2); Influenza A virus (strain A/Turkey/Ontario/6118/1968 H8N4); Influenza A virus (strain A/Turkey/Wisconsin/1/1966 H9N2); Influenza A virus (strain A/Turkey/Minnesota/501/1978 H6N8); Influenza A virus (strain A/Chicken/Victoria/1/1985 H7N7); Influenza A virus (strain A/Turkey/Ontario/7732/1966 H5N9)	97	0.5
UniRef50_P07975	Cluster: Hemagglutinin-esterase-fusion glycoprotein	UniProtKB Reviewed (Swiss-Prot); UniProtKB Unreviewed (TrEMBL); UniParc	453	Influenza C virus (strain C/Johannesburg/1/1966); Influenza C virus (strain C/Ann Arbor/1/1950); Influenza C virus (strain C/California/1978); Influenza C virus (strain C/Yamagata/4/1988); Influenza C virus (strain C/Nara/2/1985); Influenza C virus (strain C/England/892/1983); Influenza C virus (strain C/Great lakes/1167/1954); Influenza C virus (strain C/Pig/Beijing/10/1981); Influenza C virus (strain C/Taylor/1233/1947); Influenza C virus (strain C/Pig/Beijing/115/1981)	655	0.5
UniRef50_P0C0U1	Cluster: Protein PB1-F2	UniProtKB Reviewed (Swiss-Prot); UniProtKB Unreviewed (TrEMBL)	34589	Influenza A virus (strain A/Puerto Rico/8/1934 H1N1); Influenza A virus (strain A/USA:Phila/1935 H1N1); Influenza A virus (strain A/Wilson-Smith/1933 H1N1); Influenza A virus (strain A/Henry/1936 H1N1); Influenza A virus (strain A/Brevig Mission/1/1918 H1N1); Influenza A virus (strain A/Swine/Wisconsin/1/1967 H1N1); Influenza A virus (strain A/Chicken/Hong Kong/FY150/2001 H5N1 genotype D); Influenza A virus (strain A/Chicken/Hong Kong/715.5/2001 H5N1 genotype E); Influenza A virus (strain A/Duck/Hong Kong/2986.1/2000 H5N1 genotype C); Influenza A virus (strain A/Silky Chicken/Hong Kong/SF189/2001 H5N1genotype A)	87	0.5
UniRef50_P0DJW8	Cluster: Protein PA-X	UniProtKB Reviewed (Swiss-Prot); UniProtKB Unreviewed (TrEMBL); UniParc	32509	Influenza A virus (strain A/Wilson-Smith/1933 H1N1); Influenza A virus (strain A/Hong Kong/1/1968 H3N2); Influenza A virus (strain A/Tokyo/3/1967 H2N2); Influenza A virus (strain A/Northern Territory/60/1968 H3N2); Influenza A virus (strain A/Malaysia:Malaya/302/1954 H1N1); Influenza A virus (strain A/India/6263/1980 H1N1); Influenza A virus (strain A/Chile/1/1983 H1N1); Influenza A virus (strain A/X-31 H3N2); Influenza A virus (strain A/Memphis/102/1972 H3N2); Influenza A virus (strain A/Memphis/101/1972 H3N2)	252	0.5
UniRef50_P12441	Cluster: Hemagglutinin (Fragment)	UniProtKB Reviewed (Swiss-Prot); UniProtKB Unreviewed (TrEMBL); UniParc	1675	Influenza B virus (strain B/ID/1986); Influenza B virus (strain B/Singapore/1964); Influenza B virus (strain B/GL/1954); Influenza B virus (strain B/India/3/1989); Influenza B virus (strain B/Victoria/19/1989); Influenza B virus (strain B/Paris/329/1990); Influenza B virus (strain B/Texas/4/1990); Influenza B virus (strain B/Panama/45/1990); Influenza B virus (strain B/Hong Kong/22/1989); Influenza B virus (strain B/Guangdong/55/1989)	366	0.5
UniRef50_P12590	Cluster: Hemagglutinin (Fragment)	UniProtKB Reviewed (Swiss-Prot); UniProtKB Unreviewed (TrEMBL); UniParc	164	Influenza A virus (strain A/Taiwan/1/1986 H1N1); Influenza A virus (strain A/Harbin/1/1988 H1N2); Influenza A virus (strain A/Xianfeng/3/1989 H1N2); Influenza A virus (A/Yamagata/120/1986(H1N1); Influenza A virus (A/sw/Obihiro/5/1992(H1N1); Influenza A virus (A/swine/France/CotesdArmor-0214/2006(H1N2); Influenza A virus (A/swine/Cotes d'Armor/0041/2007(H1N2); Influenza A virus (A/swine/Finistere/0045/2008(H1N2); Influenza A virus (A/NIB/4/1988(H1N1); Influenza A virus (A/SL/2/1987(H1N1)	344	0.5
UniRef50_P12603	Cluster: Nuclear export protein (Fragment)	UniProtKB Reviewed (Swiss-Prot); UniProtKB Unreviewed (TrEMBL)	8	Influenza C virus (strain C/JJ/1950); Influenza C virus; Influenza C virus (strain C/Ann Arbor/1/1950); Influenza C virus (strain C/Yamagata/10/1981)	122	0.5
UniRef50_P13103	Cluster: Hemagglutinin	UniProtKB Reviewed (Swiss-Prot); UniProtKB Unreviewed (TrEMBL); UniParc	991	Influenza A virus (strain A/Gull/Maryland/704/1977 H13N6); Influenza A virus (strain A/Gull/Astrakhan/227/1984 H13N6); Influenza A virus (strain A/Whale/Maine/328/1984 H13N2); Influenza A virus (strain A/Gull/Minnesota/945/1980 H13N6); Influenza A virus (A/kelp gull/Argentina/LDC4/2006(H13N9); Influenza A virus (A/gull/Stralsund/Wv1136-40/03(H13N6); Influenza A virus (A/herring gull/Germany/WV1136KRK/03(H13); Influenza A virus (A/daw/Germany/WV1141KR/03(H13); Influenza A virus (A/Larus ridibundus/Germany/R2064/2006(H13); Influenza A virus (A/gull/Astrakhan/3483/2002(H13N6)	566	0.5
UniRef50_P13879	Cluster: Matrix protein 1	UniProtKB Reviewed (Swiss-Prot); UniProtKB Unreviewed (TrEMBL)	7017	Influenza B virus (strain B/Ann Arbor/1/1966 [cold-adapted]); Influenza B virus (strain B/Lee/1940); Influenza B virus (strain B/Ann Arbor/1/1966 [wild-type]); Influenza B virus (strain B/Memphis/12/1997); Influenza B virus (strain B/Yamagata/1/1973); Influenza B virus (strain B/Singapore/222/1979); Influenza B virus; Influenza B virus (B/New York/B-WC-LVD-17-003/2017); Influenza B virus (B/New York/WC-LVD-15-009/2015); Influenza B virus (B/Managua/5024.01/2008)	248	0.5
UniRef50_P18878	Cluster: Hemagglutinin (Fragment)	UniProtKB Reviewed (Swiss-Prot); UniProtKB Unreviewed (TrEMBL); UniParc	365	Influenza B virus (strain B/Ibaraki/2/1985); Influenza B virus (B/Michigan/1/2005); Influenza B virus (B/Hong Kong/330/2001); Influenza B virus (B/Piura/FLU6422/2007); Influenza B virus (B/Piura/6422/2007); Influenza B virus (B/Parana/284/2008); Influenza B virus; Influenza B virus (B/Guangdong/SZ218/1996); Influenza B virus (B/Guangdong/SZ89/2007); Influenza B virus (B/Manhean/06/2008)	347	0.5
UniRef50_P26136	Cluster: Hemagglutinin	UniProtKB Reviewed (Swiss-Prot); UniProtKB Unreviewed (TrEMBL); UniParc	48	Influenza A virus (strain A/Mallard/Astrakhan/263/1982 H14N5); Influenza A virus (strain A/Mallard/Astrakhan/244/1982 H14N6); Influenza A virus (A/mallard/Gur/263/82(H14N3); Influenza A virus (A/goose/Karachi/NARC-13N-969/2014(H14N3); Influenza A virus (A/northern shoveler/Missouri/10OS4673/2010(H14N6); Influenza A virus; Influenza A virus (A/mallard/Wisconsin/10OS3941/2010(H14N6); Influenza A virus (A/long-tailed duck/Wisconsin/10OS3918/2010(H14N8); Influenza A virus (A/long-tailed duck/Wisconsin/10OS4225/2010(H14N6); Influenza A virus (A/white-winged scoter/Wisconsin/10OS3922/2010(H14N8)	568	0.5
UniRef50_P33493	Cluster: Nuclear export protein	UniProtKB Reviewed (Swiss-Prot); UniProtKB Unreviewed (TrEMBL)	142	Influenza C virus (strain C/California/1978); Influenza C virus (strain C/Yamagata/1964); Influenza C virus (strain C/Ann Arbor/1/1950); Influenza C virus (strain C/Hyogo/1/1983); Influenza C virus (strain C/Mississippi/1980); Influenza C virus (strain C/Johannesburg/1/1966); Influenza C virus (strain C/Taylor/1233/1947); Influenza C virus (strain C/Great lakes/1167/1954); Influenza C virus (strain C/Yamagata/10/1981); Influenza C virus (strain C/New Jersey/1976)	182	0.5
UniRef50_Q01639	Cluster: Non-structural protein 1	UniProtKB Reviewed (Swiss-Prot); UniProtKB Unreviewed (TrEMBL); UniParc	148	Influenza C virus (strain C/Ann Arbor/1/1950); Influenza C virus (strain C/Yamagata/1964); Influenza C virus (strain C/Hyogo/1/1983); Influenza C virus (strain C/California/1978); Influenza C virus (strain C/Johannesburg/1/1966); Influenza C virus (strain C/Taylor/1233/1947); Influenza C virus (strain C/Great lakes/1167/1954); Influenza C virus (strain C/Yamagata/10/1981); Influenza C virus (strain C/Mississippi/1980); Influenza C virus	246	0.5
UniRef50_Q04259	Cluster: Matrix protein (Fragment)	UniProtKB Unreviewed (TrEMBL)	2	Influenza A virus (A/Adachi/57(H2N2); Influenza A virus (A/Istanbul/H1N1CTF150/2009(H1N1)	39	0.5
UniRef50_Q07FS8	Cluster: Non-structural protein 1	UniProtKB Unreviewed (TrEMBL)	2	Influenza A virus (A/mallard/Ohio/94/1989(H4N2); Influenza A virus (strain A/Turkey/Oregon/1971 H7N3)	122	0.5
UniRef50_Q08GF7	Cluster: Nucleoprotein (Fragment)	UniProtKB Unreviewed (TrEMBL)	8	Influenza B virus (B/Uruguay/7/02); Influenza B virus (B/Uruguay/4/02); Influenza B virus (B/Uruguay/NG/02); Influenza B virus (B/Uruguay/28/05); Influenza B virus (B/Uruguay/5/02); Influenza B virus (B/Uruguay/2/02); Influenza B virus (B/Uruguay/75/04); Influenza B virus (B/Uruguay/65/05)	121	0.5
UniRef50_Q09ER7	Cluster: Neuraminidase (Fragment)	UniProtKB Unreviewed (TrEMBL)	7	Influenza A virus (A/Istanbul/CTF/15/2006(H3N2); Influenza A virus (A/muscovy duck/Vietnam/HU1-399/2014(H11N7); Influenza A virus (A/chicken/Iraq/QMG-3/2015(H9N2); Influenza A virus (A/chicken/Iraq/QMG-4/2015(H9N2); Influenza A virus (A/chicken/Egypt/BSU-CU/2011(H9N2); Influenza A virus (A/chicken/Iraq/QMG-6/2014(H9N2); Influenza A virus (A/chicken/Iraq/QMG-5/2014(H9N2)	105	0.5
UniRef50_Q0KJ23	Cluster: Matrix protein 1 (Fragment)	UniProtKB Unreviewed (TrEMBL); UniParc	35	Influenza A virus (A/swine/Miyagi/5/2003(H1N2); Influenza A virus (A/Italy/53/2009(H1N1); Influenza A virus (A/mallard/Hanka/911/2007(H3N8); Influenza A virus (A/teal/Amurskaya Oblast/914/2009(H6); Influenza A virus (A/Wisconsin/629-D00112/2009(H1N1); Influenza A virus (A/duck/Mongolia/596/2001(H5N3); Influenza A virus (A/Chicken/Italy/5945/95(H3N2); Influenza A virus (A/Swine/Italy/25823/94(H3N2); Influenza A virus (A/Malaysia/23582/2002(mixed); Influenza A virus (A/Malaysia/23995/2003(mixed)	182	0.5
UniRef50_Q0KJ28	Cluster: Neuraminidase (Fragment)	UniProtKB Unreviewed (TrEMBL)	25	Influenza A virus (A/duck/Hong Kong/862/80(H12N5); Influenza A virus (A/duck/Hong Kong/668/79(H4N5); Influenza A virus (A/duck/Hong Kong/174/77(H4N5); Influenza A virus (A/tern/Australia/1402/2004(H2N5); Influenza A virus (A/tern/Australia/1363/2004(H2N5); Influenza A virus (A/duck/Hong Kong/934/1980(H10N5); Influenza A virus (A/tern/Australia/1390/2004(H2N5); Influenza A virus (A/tern/Australia/1378/2004(H2N5); Influenza A virus (A/duck/Hong Kong/943/80(H6N5); Influenza A virus (A/duck/Hokkaido/88/01(H12N5)	304	0.5
UniRef50_Q0KJ48	Cluster: Hemagglutinin (Fragment)	UniProtKB Unreviewed (TrEMBL)	4	Influenza A virus (A/gull/Shimane/91/88(H7N8); Influenza A virus (A/duck/Mongolia/736/02(H7N7); Influenza A virus (A/duck/Germany/15/80(H7N7); Influenza A virus (A/swan/Germany/62/81(H7N7)	182	0.5
UniRef50_Q0Q6L1	Cluster: Neuraminidase (Fragment)	UniProtKB Unreviewed (TrEMBL)	22	Influenza B virus (B/Taiwan/N913/04); Influenza B virus (B/Taiwan/N1619/04); Influenza B virus (B/Taiwan/N2333/02); Influenza B virus (B/Taiwan/M24/04); Influenza B virus (B/Taiwan/N1549/01); Influenza B virus (B/Taiwan/N798/05); Influenza B virus (B/Taiwan/N1902/04); Influenza B virus (B/Taiwan/N200/05); Influenza B virus (B/Taiwan/N559/05); Influenza B virus (B/Taiwan/3609/2006)	67	0.5
UniRef50_Q0R5N2	Cluster: NSP	UniProtKB Unreviewed (TrEMBL)	3	Influenza A virus (A/Moscow/343/2003(H3N2); Influenza A virus (A/Moscow/346/2003(H3N2); Influenza A virus (A/Moscow/328/2003(H3N2)	216	0.5
UniRef50_Q1EDI5	Cluster: Hemagglutinin (Fragment)	UniProtKB Unreviewed (TrEMBL); UniParc	61	Influenza A virus (A/Kinmen/641/04(H3N2); Influenza A virus (A/Norway/1103/2004(H3N2); Influenza A virus (A/Norway/751/2005(H3N2); Influenza A virus (A/Norway/1221/2004(H3N2); Influenza A virus (A/Norway/216/2005(H3N2); Influenza A virus (A/Sendai/TU204/2008(H3N2); Influenza A virus (A/Uberlandia/341/2004(H3N2); Influenza A virus (A/Milano/55/2012(H3N2); Influenza A virus (A/Lebanon/L09/2009(H3N2); Influenza A virus (A/Lebanon/L47/2009(H3N2)	198	0.5
UniRef50_Q1HB26	Cluster: Matrix protein 1 (Fragment)	UniProtKB Unreviewed (TrEMBL)	5	Influenza A virus (A/turkey/Hungary/1/1985(H7); Influenza A virus (A/duck/Hungary/1/1970(H6N2); Influenza A virus (A/muscovy duck/Hungary/1/1975(H5); Influenza A virus (A/guinea fowl/Hungary/2/1975(H7); Influenza A virus (strain A/Puerto Rico/8/1934 H1N1)	48	0.5
UniRef50_Q1KJ74	Cluster: Neuraminidase (Fragment)	UniProtKB Unreviewed (TrEMBL)	94	Influenza A virus (A/Vietnam/CL2009/2005(H5N1); Influenza A virus (A/Para/119914/2012(H1N1); Influenza A virus (A/Jodhpur/3240/2012(H1N1); Influenza A virus (A/Pernambuco/118881/2012(H1N1); Influenza A virus (A/duck/Vietnam/OIE-3002/2011(H5N1); Influenza A virus (A/whooper swan/Hokkaido/2/2008(H5N1); Influenza A virus (A/chicken/Egypt/N05832-CLEVB754/2011(H5N1); Influenza A virus (A/Egypt/N09539/2009(H5N1); Influenza A virus (A/Egypt/N07392/2009(H5N1); Influenza A virus (A/Egypt/N04394/2009(H5N1)	444	0.5
UniRef50_Q1KJA4	Cluster: Neuraminidase (Fragment)	UniProtKB Unreviewed (TrEMBL)	1	Influenza A virus (A/duck/Vietnam/S649/2005(H5N1)	169	0.5
UniRef50_Q1MVB9	Cluster: Hemagglutinin (Fragment)	UniProtKB Unreviewed (TrEMBL)	65	Influenza A virus (A/duck/Ontario/05/00 (H3N2); Influenza A virus (A/Sendai/EQ119/2011(H3N2); Influenza A virus (A/Sendai/EQ115/2011(H3N2); Influenza A virus (A/Sendai/EQ084/2011(H3N2); Influenza A virus (A/Sendai/EQ113/2011(H3N2); Influenza A virus (A/Sendai/EQ135/2011(H3N2); Influenza A virus (A/mallard duck/Korea/VI153412/2015(H3N1); Influenza A virus (A/aquatic bird/Korea/CN-2/2004(H3N2); Influenza A virus (A/swine/Italy/79604/2006(H3N2); Influenza A virus (A/swine/Italy/9264/1998(H3N2)	219	0.5
UniRef50_Q1XEU9	Cluster: Hemagglutinin (Fragment)	UniProtKB Unreviewed (TrEMBL)	3	Influenza A virus (A/mallard/Iran/V15/04(H10N7); Influenza A virus (A/mallard/Iran/V40/04(H10N7); Influenza A virus (A/environment/Maryland/2114/2006(mixed)	137	0.5
UniRef50_Q2LCW4	Cluster: Hemagglutinin (Fragment)	UniProtKB Unreviewed (TrEMBL)	4	Influenza A virus (A/Brazil/013/00(H3N2); Influenza A virus (A/Granada/R198/96(H3N2); Influenza A virus (A/Madrid/SO1747/98(H3N2); Influenza A virus (A/Florence/1/93(H3N2)	185	0.5
UniRef50_Q2XTF8	Cluster: Neuraminidase (Fragment)	UniProtKB Unreviewed (TrEMBL)	25	Influenza A virus (A/chicken/Thailand/Kamphaengphet-3-04/2005(H5N1); Influenza A virus (A/chicken/Thailand/Kamphaengphet-3-02/2005(H5N1); Influenza A virus (A/chicken/Thailand/Kamphaengphet-3-01/2005(H5N1); Influenza A virus (A/chicken/Kamphaengphet-2-02/2004(H5N1); Influenza A virus (A/chicken/Kamphaengphet-2-04/2004(H5N1); Influenza A virus; Influenza A virus (A/duck/Phitsanulok-2-02/2004(H5N1); Influenza A virus (A/duck/Klungkung/12/2006(H5N1); Influenza A virus (A/chicken/Thailand/Udonthani-01/2004(H5N1); Influenza A virus (A/chicken/Thailand/Udonthani-03/2004(H5N1)	151	0.5
UniRef50_Q3LZ28	Cluster: Matrix protein 2 (Fragment)	UniProtKB Unreviewed (TrEMBL)	15	Influenza A virus (A/chicken/Pennsylvania/143586/2002(H7N2); Influenza A virus (A/mallard/Minnesota/Sg-00171/2007(H4N6); Influenza A virus (A/avian/New York/Sg-00369/2001(H5N2); Influenza A virus (A/South Carolina/NHRC_75450/2016(H3N2); Influenza A virus (A/avian/New York/Sg-00357/2001(H7N2); Influenza A virus (A/avian/New York/Sg-00362/2001(H7N2); Influenza A virus (A/avian/New York/Sg-00368/2001(H7N2); Influenza A virus (A/avian/New York/Sg-00361/2001(H7N2); Influenza A virus (A/unknown/NY/74211-5/2001(H7N2); Influenza A virus (A/avian/New York/Sg-00376/2001(H7N2)	77	0.5
UniRef50_Q49LV6	Cluster: Neuraminidase (Fragment)	UniProtKB Unreviewed (TrEMBL)	9	Influenza A virus (A/Ind/P/URI/1/2003(H3N2); Influenza A virus (A/swine/Italy/19498/2006(H1N2); Influenza A virus (A/swine/Italy/130197/2007(H1N2); Influenza A virus (A/swine/Italy/297070/2009(H1N2); Influenza A virus (A/swine/Italy/29977/2007(H1N2); Influenza A virus (A/swine/Italy/23255/2006(H1N2); Influenza A virus (A/swine/Spain/1/2010(H1N2); Influenza A virus (A/swine/Italy/199144/2009(H1N2); Influenza A virus	273	0.5
UniRef50_Q4ZIN1	Cluster: Hemagglutinin (Fragment)	UniProtKB Unreviewed (TrEMBL)	18	Influenza A virus (A/Anas platyrhynchos/Chany Lake/8/03(H2); Influenza A virus (A/Anas platyrhynchos/Chany Lake/7/03(H2N?); Influenza A virus (A/tern/Australia/1363/2004(H2N5); Influenza A virus (A/tern/Australia/1402/2004(H2N5); Influenza A virus (A/tern/Australia/1390/2004(H2N5); Influenza A virus (A/tern/Australia/91/2004(H2N5); Influenza A virus (A/tern/Australia/1378/2004(H2N5); Influenza A virus (A/tern/Australia/1/04(H2N5); Influenza A virus (A/chicken/Egypt/SHR6/2013(H5N1); Influenza A virus (A/chicken/Egypt/KB9/2013(H5N1)	174	0.5
UniRef50_Q50DA7	Cluster: Hemagglutinin (Fragment)	UniProtKB Unreviewed (TrEMBL)	284	Influenza B virus (B/Thailand/clinical isolate SA88/2002); Influenza B virus (B/Thailand/clinical isolate SA94/2002); Influenza B virus (B/Thailand/clinical isolate SA31/2002); Influenza B virus (B/Thailand/clinical isolate SA30/2002); Influenza B virus (B/Piura/FLU3809/2006); Influenza B virus (B/Belgium/WV109/2002); Influenza B virus (B/Thailand/clinical isolate SA93/2002); Influenza B virus (B/Philippines/clinical isolate SA108/2002); Influenza B virus (B/Taiwan/N253/03); Influenza B virus (B/Habana/145/2006)	243	0.5
UniRef50_Q5G551	Cluster: Hemagglutinin (Fragment)	UniProtKB Unreviewed (TrEMBL)	1	Influenza A virus (A/Jiangsu/A29/2004(H3N2)	88	0.5
UniRef50_Q5G948	Cluster: Polymerase (Fragment)	UniProtKB Unreviewed (TrEMBL)	4	Influenza A virus (A/chicken/Viet Nam/VL-008/2004(H5N1); Influenza A virus (A/swine/Oklahoma/SG1193/2004(H1N1); Influenza A virus (A/swine/Oklahoma/00743/2005(H1N1); Influenza A virus	190	0.5
UniRef50_Q5K4E8	Cluster: Nucleoprotein (Fragment)	UniProtKB Unreviewed (TrEMBL)	1	Influenza A virus (A/duck/Primorie/2633/2001(H5N3)	96	0.5
UniRef50_Q5QCY2	Cluster: Protein PA-X (Fragment)	UniProtKB Unreviewed (TrEMBL)	42	Influenza A virus (A/chicken/Vietnam/DT171/2004(H5N1); Influenza A virus (A/swine/Toyama/1/1978(H1N1); Influenza A virus; Influenza A virus (A/duck/Vietnam/OIE-3241/2012(H3N8); Influenza A virus (A/New York/3750/2009(H1N1); Influenza A virus (A/duck/Vietnam/S640/2005(H5N1); Influenza A virus (A/Ck/HK/3169.1/2002(H5N1); Influenza A virus (A/Chicken/Hong Kong/876.1/01 (H5N1); Influenza A virus (A/Quail/Hong Kong/SF203/01 (H5N1); Influenza A virus (A/Pigeon/Hong Kong/SF215/01 (H5N1)	259	0.5
UniRef50_Q5S6X5	Cluster: Neuraminidase (Fragment)	UniProtKB Unreviewed (TrEMBL)	7	Influenza A virus (A/chicken/Korea/SNU0091/00(H9N2); Influenza A virus (A/chicken/Korea/SNU0057/00(H9N2); Influenza A virus (A/chicken/Korea/SNU0146/00(H9N2); Influenza A virus (A/chicken/Korea/SNU0037/00(H9N2); Influenza A virus (A/chicken/Korea/SNU0140/00(H9N2); Influenza A virus (A/chicken/Korea/SNU0073/00(H9N2); Influenza A virus	87	0.5
UniRef50_Q5UNL5	Cluster: Polymerase basic protein 2 (Fragment)	UniProtKB Unreviewed (TrEMBL)	2	Influenza A virus (A/chicken/HongKong/SSP418/03(H9N2); Influenza A virus (A/chicken/HongKong/YU427/03(H9N2)	252	0.5
UniRef50_Q67019	Cluster: Protein PA-X	UniProtKB Unreviewed (TrEMBL)	1	Influenza A virus (A/WSN/1933(H1N1)	95	0.5
UniRef50_Q67020	Cluster: Protein PA-X	UniProtKB Unreviewed (TrEMBL)	1	Influenza A virus (A/WSN/1933(H1N1)	93	0.5
UniRef50_Q67021	Cluster: Protein PA-X	UniProtKB Unreviewed (TrEMBL)	11	Influenza A virus (A/WSN/1933(H1N1); Influenza A virus (A/Singapore/30/2006(H1N1); Influenza A virus (A/Singapore/36/2006(H1N1); Influenza A virus; Influenza A virus (A/Hong Kong/488/97(H5N1); Influenza A virus (A/Hong Kong/491/97(H5N1); Influenza A virus (A/Darwin/4/2005(H3N2); Influenza A virus (A/Singapore/103/2005(H1N1); Influenza A virus (A/Brisbane/245/2006(H3N2); Influenza A virus (A/Wellington/61/2006(H3N2)	105	0.5
UniRef50_Q67051	Cluster: Hemagglutinin (Fragment)	UniProtKB Unreviewed (TrEMBL)	11	Influenza A virus (A/Sichuan/2/1987(H3N2); Influenza A virus (A/Suita/1/1990(H3N2); Influenza A virus (A/Ibaraki/1/1990(H3N2); Influenza A virus; Influenza A virus (A/pigeon/Egypt/Sharkia-22/2014(H5N1); Influenza A virus (A/tiger/Thailand/TLV1/2004(H5N1); Influenza A virus (A/chicken/Thailand/CKF1/2004(H5N1); Influenza A virus (A/pigeon/Egypt/Sharkia-9/2014(H5N1); Influenza A virus (A/pigeon/Egypt/Sharkia-2/2013(H5N1); Influenza A virus (A/crow/Thailand/CU-KAF3/2004(H5N1)	109	0.5
UniRef50_Q67112	Cluster: Hemagglutinin (Fragment)	UniProtKB Unreviewed (TrEMBL)	1	Influenza A virus (strain A/Udorn/1972 H3N2)	14	0.5
UniRef50_Q67196	Cluster: Matrix protein (Fragment)	UniProtKB Unreviewed (TrEMBL)	5	Influenza A virus (A/swine/Italy/809/1989(H3N2); Influenza A virus (A/swine/Italy/151/1981(H1N1); Influenza A virus (A/swine/Italy/547/1985(H1N1); Influenza A virus (A/swine/Italy/594/1986(H1N1); Influenza A virus (A/swine/Italy/526/1985(H3N2)	48	0.5
UniRef50_Q67242	Cluster: Nucleoprotein (Fragment)	UniProtKB Unreviewed (TrEMBL)	11	Influenza A virus (A/swine/Italy/635/1987(H3N2); Influenza A virus (A/swine/Italy/835/1989(H1N1); Influenza A virus (A/Wisconsin/4754/1994(H1N1); Influenza A virus (A/swine/Italy/425/1976(H1N1); Influenza A virus (A/swine/Italy/151/1981(H1N1); Influenza A virus (A/swine/Italy/768/1988(H1N1); Influenza A virus (A/swine/Italy/309/1983(H3N2); Influenza A virus (A/swine/Italy/1850/1977(H3N2); Influenza A virus (A/chicken/Korea/SNU1035C/00(H9N2); Influenza A virus (A/chicken/Korea/SNU0140/00(H9N2)	71	0.5
UniRef50_Q67274	Cluster: Nuclear export protein (Fragment)	UniProtKB Unreviewed (TrEMBL)	9	Influenza A virus (A/swine/Italy/309/1983(H3N2); Influenza A virus (A/swine/Italy/1850/1977(H3N2); Influenza A virus (A/swine/Italy/151/1981(H1N1); Influenza A virus (A/swine/Italy/594/1986(H1N1); Influenza A virus (A/swine/Italy/425/1976(H1N1); Influenza A virus (A/swine/Italy/547/1985(H1N1); Influenza A virus (A/swine/Italy/526/1985(H3N2); Influenza A virus (A/swine/Italy/635/1987(H3N2); Influenza A virus (A/swine/Italy/809/1989(H3N2)	68	0.5
UniRef50_Q67293	Cluster: RNA-directed RNA polymerase catalytic subunit (Fragment)	UniProtKB Unreviewed (TrEMBL)	9	Influenza A virus (A/swine/Italy/526/1985(H3N2); Influenza A virus (A/swine/Italy/835/1989(H1N1); Influenza A virus (A/swine/Italy/1850/1977(H3N2); Influenza A virus (A/swine/Italy/635/1987(H3N2); Influenza A virus (A/swine/Italy/309/1983(H3N2); Influenza A virus (A/swine/Italy/151/1981(H1N1); Influenza A virus (A/swine/Italy/425/1976(H1N1); Influenza A virus (A/swine/Italy/594/1986(H1N1); Influenza A virus (A/swine/Italy/547/1985(H1N1)	56	0.5
UniRef50_Q67303	Cluster: Polymerase 2 (Fragment)	UniProtKB Unreviewed (TrEMBL)	13	Influenza A virus (A/swine/Italy/835/1989(H1N1); Influenza A virus (A/swine/Italy/547/1985(H1N1); Influenza A virus (A/swine/Italy/526/1985(H3N2); Influenza A virus (A/swine/Italy/768/1988(H1N1); Influenza A virus (A/swine/Italy/594/1986(H1N1); Influenza A virus (A/swine/Italy/809/1989(H3N2); Influenza A virus (A/swine/Italy/635/1987(H3N2); Influenza A virus (A/swine/Italy/425/1976(H1N1); Influenza A virus (A/swine/Italy/151/1981(H1N1); Influenza A virus (A/swine/Italy/309/1983(H3N2)	62	0.5
UniRef50_Q67317	Cluster: Protein PA-X (Fragment)	UniProtKB Unreviewed (TrEMBL)	8	Influenza A virus (A/swine/Italy/1850/1977(H3N2); Influenza A virus (A/swine/Italy/526/1985(H3N2); Influenza A virus (A/swine/Italy/768/1988(H1N1); Influenza A virus (A/swine/Italy/425/1976(H1N1); Influenza A virus (A/swine/Italy/809/1989(H3N2); Influenza A virus (A/reassortant/IVR147(Brisbane/10/2007 x PuertoRico/8/1934); Influenza A virus (A/swine/Italy/151/1981(H1N1); Influenza A virus (A/swine/Italy/594/1986(H1N1)	42	0.5
UniRef50_Q67394	Cluster: M protein (Fragment)	UniProtKB Unreviewed (TrEMBL)	3	Influenza C virus (strain C/Nara/1982); Influenza C virus (strain C/Nara/2/1985); Influenza C virus (C/Nara/1/85)	123	0.5
UniRef50_Q67407	Cluster: p3 protein (Fragment)	UniProtKB Unreviewed (TrEMBL)	3	Influenza C virus (strain C/Nara/1982); Influenza C virus (strain C/Nara/2/1985); Influenza C virus (C/Nara/1/85)	86	0.5
UniRef50_Q68C39	Cluster: Matrix protein (M1)	UniProtKB Unreviewed (TrEMBL)	39	Influenza C virus (C/Yamagata/6/2000); Influenza C virus (C/Miyagi/7/93); Influenza C virus (C/Yamagata/14/2004); Influenza C virus (C/Yamagata/3/2000); Influenza C virus (strain C/Saitama/2/2000); Influenza C virus (strain C/Kansas/1/1979); Influenza C virus (strain C/Miyagi/3/1993); Influenza C virus (strain C/Miyagi/4/1993); Influenza C virus (C/Paris/1/67); Influenza C virus	242	0.5
UniRef50_Q68C53	Cluster: Nucleocapsid protein (NP) (Fragment)	UniProtKB Unreviewed (TrEMBL)	10	Influenza C virus (strain C/Hiroshima/248/2000); Influenza C virus (strain C/Hiroshima/290/1999); Influenza C virus (strain C/Miyagi/4/1993); Influenza C virus (C/Biliran/2/2013); Influenza C virus (C/Biliran/3/2013); Influenza C virus (C/Leyte/1/2013); Influenza C virus (strain C/Kanagawa/1/1976); Influenza C virus (strain C/Nara/1982); Influenza C virus (strain C/Nara/2/1985); Influenza C virus (C/Nara/1/85)	199	0.5
UniRef50_Q68C80	Cluster: Polymerase protein 3 (P3) (Fragment)	UniProtKB Unreviewed (TrEMBL)	11	Influenza C virus (strain C/Hiroshima/246/2000); Influenza C virus (strain C/Hiroshima/251/2000); Influenza C virus (C/Yamagata/6/98); Influenza C virus (C/Miyagi/4/98); Influenza C virus (strain C/Saitama/1/2000); Influenza C virus (C/Yamagata/2/98); Influenza C virus (C/Sendai/TU5/2008); Influenza C virus (C/Miyagi/3/94); Influenza C virus (C/Miyagi/1/94); Influenza C virus (strain C/Hiroshima/248/2000)	124	0.5
UniRef50_Q6DX92	Cluster: Protein PA-X (Fragment)	UniProtKB Unreviewed (TrEMBL); UniParc	6	Influenza A virus (A/mallard/Alberta/205/1998(H2N3); Influenza A virus (A/chicken/Korea/S27/04(H9N2); Influenza A virus; Influenza A virus (A/goose/Guangdong/1/1996(H5N1)	261	0.5
UniRef50_Q6F4S0	Cluster: PB2 protein (Fragment)	UniProtKB Unreviewed (TrEMBL); UniParc	8	Influenza B virus (B/Yamagata/K520/2001); Influenza B virus (B/Yamagata/K501/2001); Influenza B virus (B/Yamagata/K270/2001); Influenza B virus (B/Yamagata/K320/2001); Influenza B virus; Influenza B virus (B/Lee/1940)	155	0.5
UniRef50_Q6F4U1	Cluster: PA protein (Fragment)	UniProtKB Unreviewed (TrEMBL)	3	Influenza B virus (B/Yamagata/K508/2001); Influenza B virus (B/Yamagata/K500/2001); Influenza B virus (B/Yamagata/K461/2001)	153	0.5
UniRef50_Q6F500	Cluster: RNA-directed RNA polymerase catalytic subunit (Fragment)	UniProtKB Unreviewed (TrEMBL)	1	Influenza B virus (B/Yamagata/K386/2001)	157	0.5
UniRef50_Q6I7B9	Cluster: Polyprotein p42	UniProtKB Reviewed (Swiss-Prot); UniProtKB Unreviewed (TrEMBL); UniParc	337	Influenza C virus (strain C/Ann Arbor/1/1950); Influenza C virus (strain C/California/1978); Influenza C virus (strain C/Hyogo/1/1983); Influenza C virus (strain C/JJ/1950); Influenza C virus (strain C/Taylor/1233/1947); Influenza C virus (C/Minnesota/01/2014); Influenza C virus (C/Minnesota/25/2015); Influenza C virus (C/Minnesota/01/2016); Influenza C virus (C/Minnesota/15/2015); Influenza C virus (C/Minnesota/02/2015)	374	0.5
UniRef50_Q6I7C0	Cluster: Nucleoprotein	UniProtKB Reviewed (Swiss-Prot); UniProtKB Unreviewed (TrEMBL)	173	Influenza C virus (strain C/Ann Arbor/1/1950); Influenza C virus (strain C/California/1978); Influenza C virus (strain C/Johannesburg/1/1966); Influenza C virus (C/England/83); Influenza C virus (C/Miyagi/7/96); Influenza C virus (C/Kyoto/1/79); Influenza C virus (strain C/Miyagi/2/1993); Influenza C virus (strain C/New Jersey/1976); Influenza C virus (strain C/Pig/Beijing/115/1981); Influenza C virus (C/Sendai/TU1/2012)	565	0.5
UniRef50_Q6PLK9	Cluster: Hemagglutinin (Fragment)	UniProtKB Unreviewed (TrEMBL)	2	Influenza A virus (A/common teal/Chany/N5/02(H4/N?); Influenza A virus (A/garganey/Chany/N4/02(H4/N?)	153	0.5
UniRef50_Q6PNG1	Cluster: Neuraminidase (Fragment)	UniProtKB Unreviewed (TrEMBL)	10	Influenza A virus (A/leopard/Thailand/CU-MD/2004(H5N1); Influenza A virus (A/herring gull/Sarma/51/2006(H6N1); Influenza A virus; Influenza A virus (A/swine/Nederweert/13A/96(H1N1); Influenza A virus (A/swine/Dongen/6B/1996(H1N1); Influenza A virus (A/Swine/Best/5C/96(H1N1); Influenza A virus (A/swine/St. Anthonis/16B/1996(H1N1); Influenza A virus (A/swine/Someren/14A/96(H1N1); Influenza A virus (A/swine/Boxtel/144-15/97(H1N1)	130	0.5
UniRef50_Q6PNG4	Cluster: Neuraminidase (Fragment)	UniProtKB Unreviewed (TrEMBL)	2	Influenza A virus (A/quail/Thailand/CU-KTNF/2004(H5N1); Influenza A virus (A/chicken/Thailand/KHHF/4NP25/2004(H5N1)	26	0.5
UniRef50_Q6QLL8	Cluster: Neuraminidase (Fragment)	UniProtKB Unreviewed (TrEMBL)	1	Influenza A virus (A/eka/Thailand/EkA1NRC/2004(H5N1)	27	0.5
UniRef50_Q6VMJ8	Cluster: Hemagglutinin (Fragment)	UniProtKB Unreviewed (TrEMBL)	4	Influenza A virus (A/Netherlands/284/03(H7N7); Influenza A virus (A/mallard/Sweden/S90735/2003(H7N7); Influenza A virus (A/duck/Mongolia/555/02(H7N7); Influenza A virus (A/turkey/Italy/Matrico/L5/04/95(H7N1)	114	0.5
UniRef50_Q6XV52	Cluster: Neuraminidase	UniProtKB Reviewed (Swiss-Prot); UniProtKB Unreviewed (TrEMBL); UniParc	2003	Influenza A virus (strain A/Tern/South Africa/1961 H5N3); Influenza A virus (strain A/Turkey/Oregon/1971 H7N3); Influenza A virus (A/R(duck/Hokkaido/9/99-tern/South Africa/1961); Influenza A virus (A/tern/South Africa/1959(H5N3); Influenza A virus (A/mallard/Kansas/AH0044134/2016(H7N3); Influenza A virus (A/chicken/Mansehra/NARC-214/2004(H7N3); Influenza A virus (A/greater white-fronted goose/Netherlands/2/2009(H5N3); Influenza A virus; Influenza A virus (A/mallard/Sweden/5/2005(H2N3); Influenza A virus (A/ring-billed gull/Quebec/G066/2010(H1N3)	469	0.5
UniRef50_Q70UZ6	Cluster: Hemagglutinin (Fragment)	UniProtKB Unreviewed (TrEMBL)	32	Influenza A virus (A/chicken/Iran/772/2000(H9N2); Influenza A virus (A/chicken/Jordan/1540/2003(H9N2); Influenza A virus (A/chicken/Saudi Arabia/224/98(H9N2); Influenza A virus (A/duck/India/31g/86(H9N2); Influenza A virus (A/chicken/Iran/16/98(H9N2); Influenza A virus (A/chicken/Iran/528/2001(H9N2); Influenza A virus (A/chicken/Saudi Arabia/532/99(H9N2); Influenza A virus (A/chicken/Iran/261/01(H9N2); Influenza A virus (A/chicken/Iran/430/98(H9N2); Influenza A virus (A/chicken/Iran675/00(H9N2)	159	0.5
UniRef50_Q7LZU5	Cluster: Hemagglutinin 2 chain (Fragment)	UniProtKB Unreviewed (TrEMBL); UniParc	2	Influenza B virus; Influenza B virus (B/Texas/3394/2013)	163	0.5
UniRef50_Q7LZX4	Cluster: Non-structural protein 1 (Fragment)	UniProtKB Unreviewed (TrEMBL)	3	Influenza A virus	32	0.5
UniRef50_Q7LZX6	Cluster: Hemagglutinin HA2	UniProtKB Unreviewed (TrEMBL); UniParc	6	Influenza B virus; Influenza B virus (B/Yamanashi/166/1998); Influenza B virus (B/Brisbane/60/2008); Influenza B virus (B/Townsville/202/2008); Influenza B virus (B/Lee/1940)	223	0.5
UniRef50_Q7LZZ6	Cluster: Exo-alpha-sialidase (Fragment)	UniProtKB Unreviewed (TrEMBL)	3	Influenza A virus; Influenza A virus (A/reassortant variant Stubby X-7(F1); Influenza A virus (strain A/Memphis/102/1972 H3N2)	107	0.5
UniRef50_Q7M023	Cluster: Protein PA-X (Fragment)	UniProtKB Unreviewed (TrEMBL)	1	Influenza A virus	33	0.5
UniRef50_Q7TDD4	Cluster: Hemagglutinin (Fragment)	UniProtKB Unreviewed (TrEMBL)	29	Influenza A virus (A/London/1/1918(H1N1); Influenza A virus (A/London/1/1919(H1N1); Influenza A virus; Influenza A virus (A/swine/Dongen/6J/1996(H1N1); Influenza A virus (A/swine/Leende/15R/96(H1N1); Influenza A virus (A/swine/Leende/15C/96(H1N1); Influenza A virus (A/swine/Nederweert/13G/96(H1N1); Influenza A virus (A/swine/Leende/15Q/96(H1N1); Influenza A virus (A/swine/Nederweert/13A/96(H1N1); Influenza A virus (A/swine/Nederweert/13O/96(H1N1)	187	0.5
UniRef50_Q7TH31	Cluster: Neuraminidase (Fragment)	UniProtKB Unreviewed (TrEMBL); UniParc	75	Influenza A virus (A/Duck/Shantou/2030/00(H9N1); Influenza A virus (A/mallard/Republic of Georgia/11/2011(H1N1); Influenza A virus (A/mallard/Finland/14740/2008(H1N1); Influenza A virus (A/mallard/Netherlands/44/2006(H1N1); Influenza A virus (A/mallard duck/Korea/VI141405/2014(H1N1); Influenza A virus (A/mallard duck/Korea/VI141412/2014(H1N1); Influenza A virus (A/mallard duck/Korea/VI144212/2014(H1N1); Influenza A virus (A/mute swan/France/06303/2006(H5N1); Influenza A virus (A/common pochard/France/06167-2.1/2006(H5N1); Influenza A virus (A/common pochard/France/06167/2006(H5N1)	366	0.5
UniRef50_Q809Q3	Cluster: Polymerase basic protein 2 (Fragment)	UniProtKB Reviewed (Swiss-Prot); UniProtKB Unreviewed (TrEMBL)	280	Influenza A virus (strain A/Chicken/Hong Kong/YU562/2001 H5N1 genotype B); Influenza A virus (strain A/Duck/Germany/1949 H10N7); Influenza A virus (strain A/Puerto Rico/8/1934 H1N1); Influenza A virus (strain A/Wilson-Smith/1933 H1N1); Influenza A virus (strain A/Goose/Guangdong/1/1996 H5N1 genotype Gs/Gd); Influenza A virus (strain A/Brevig Mission/1/1918 H1N1); Influenza A virus (A/Chicken/Hong Kong/YU563/01 (H5N1); Influenza A virus (A/Cambodia/NHRCC00005/2009(H3N2); Influenza A virus; Influenza A virus (A/duck/Hokkaido/143/2004(H4N2)	406	0.5
UniRef50_Q80KB4	Cluster: Hemagglutinin (Fragment)	UniProtKB Unreviewed (TrEMBL)	26	Influenza A virus (A/chicken/Tehran/TH1/01(H9N2); Influenza A virus (A/chicken/Tehran/TH2/01(H9N2); Influenza A virus (A/chicken/Tehran/TH4/99(H9N2); Influenza A virus (A/chicken/Tehran/TS8/00(H9N2); Influenza A virus (A/chicken/Tehran/TH3/00(H9N2); Influenza A virus (A/chicken/Tehran/TS9/00(H9N2); Influenza A virus (A/chicken/Tehran/TS4/98(H9N2); Influenza A virus (A/chicken/California/B1/2005(H6N2); Influenza A virus (A/duck/California/B44/2005(H6N2); Influenza A virus (A/chicken/California/C65/2005(H6N2)	117	0.5
UniRef50_Q82521	Cluster: Hemagglutinin (Fragment)	UniProtKB Unreviewed (TrEMBL)	3	Influenza A virus (A/turkey/Colorado/72(H5N2); Influenza A virus (A/duck/Michigan/1980(H5N2); Influenza A virus (A/duck/Pennsylvania/1984(H5N2)	78	0.5
UniRef50_Q82548	Cluster: RNA-directed RNA polymerase catalytic subunit (Fragment)	UniProtKB Unreviewed (TrEMBL)	1	Influenza A virus (A/Wisconsin/4755/1994(H1N1)	67	0.5
UniRef50_Q83965	Cluster: Nonstructural protein 1 (Fragment)	UniProtKB Unreviewed (TrEMBL)	1	Influenza A virus (strain A/Berkeley/1/1968 H2N2)	19	0.5
UniRef50_Q83971	Cluster: Neuraminidase (Fragment)	UniProtKB Unreviewed (TrEMBL)	1	Influenza A virus (strain A/Duck/Alberta/60/1976 H12N5)	50	0.5
UniRef50_Q83972	Cluster: Neuraminidase (Fragment)	UniProtKB Unreviewed (TrEMBL)	1	Influenza A virus (strain A/Mallard/Alberta/283/1977 H8N4)	33	0.5
UniRef50_Q83973	Cluster: Neuraminidase (Fragment)	UniProtKB Unreviewed (TrEMBL)	1	Influenza A virus (A/duck/New York/12/1978(H11N6)	41	0.5
UniRef50_Q83975	Cluster: Neuraminidase (Fragment)	UniProtKB Unreviewed (TrEMBL)	3	Influenza A virus (strain A/Mallard/New York/6750/1978 H2N2); Influenza A virus (strain A/Turkey/Wisconsin/1/1966 H9N2); Influenza A virus	73	0.5
UniRef50_Q83979	Cluster: Neuraminidase (Fragment)	UniProtKB Unreviewed (TrEMBL)	2	Influenza A virus (A/duck/Alberta/77/1977(H2N3); Influenza A virus (strain A/Blue-winged teal/604/1978 H2N3)	84	0.5
UniRef50_Q83980	Cluster: Neuraminidase (Fragment)	UniProtKB Unreviewed (TrEMBL)	1	Influenza A virus (A/mallard/Alberta/827/1978(H8N4)	79	0.5
UniRef50_Q83981	Cluster: Neuraminidase (Fragment)	UniProtKB Unreviewed (TrEMBL)	1	Influenza A virus (A/duck/Manitoba/1953(H10N7)	87	0.5
UniRef50_Q83984	Cluster: Neuraminidase (Fragment)	UniProtKB Unreviewed (TrEMBL)	1	Influenza A virus (A/equine/2/1963(H1N8)	59	0.5
UniRef50_Q84033	Cluster: Neuraminidase (Fragment)	UniProtKB Unreviewed (TrEMBL)	1	Influenza A virus (strain A/Port Chalmers/1/1973 H3N2)	53	0.5
UniRef50_Q84035	Cluster: Neuraminidase (Fragment)	UniProtKB Unreviewed (TrEMBL)	1	Influenza A virus (A/RI/5+/1957(H1N2)	40	0.5
UniRef50_Q84039	Cluster: Neuraminidase (Fragment)	UniProtKB Unreviewed (TrEMBL)	1	Influenza A virus (A/Netherlands/1968(H3N2)	52	0.5
UniRef50_Q84044	Cluster: Neuraminidase (Fragment)	UniProtKB Unreviewed (TrEMBL)	3	Influenza A virus (A/Tokyo/1967(H2N2); Influenza A virus (strain A/RI/5-/1957 H2N2); Influenza A virus (A/Netherlands/1968(H3N2)	71	0.5
UniRef50_Q84098	Cluster: Matrix protein (Fragment)	UniProtKB Unreviewed (TrEMBL)	1	Influenza A virus (strain A/Fowl plague virus/Rostock/8/1934 H7N1)	17	0.5
UniRef50_Q84100	Cluster: Neuraminidase (Fragment)	UniProtKB Unreviewed (TrEMBL)	2	Influenza A virus (strain A/Gull/Maryland/704/1977 H13N6); Influenza A virus (A/Auckland/4382/1982(mixed)	63	0.5
UniRef50_Q84108	Cluster: PB1-F2 protein	UniProtKB Unreviewed (TrEMBL)	1	Influenza A virus (strain A/Northern Territory/60/1968 H3N2)	31	0.5
UniRef50_Q84119	Cluster: Neuraminidase (Fragment)	UniProtKB Unreviewed (TrEMBL)	1	Influenza A virus (strain A/Port Chalmers/1/1973 H3N2)	53	0.5
UniRef50_Q84121	Cluster: Neuraminidase (Fragment)	UniProtKB Unreviewed (TrEMBL)	1	Influenza A virus (A/shearwater/Australia/1975(H5N3)	54	0.5
UniRef50_Q84129	Cluster: Nonstructural protein 1 (Fragment)	UniProtKB Unreviewed (TrEMBL)	1	Influenza A virus (A/swine/Wisconsin/OM/2/1976(H1N1)	18	0.5
UniRef50_Q84139	Cluster: Non-structural protein 1 (Fragment)	UniProtKB Unreviewed (TrEMBL)	1	Influenza A virus (A/WSN/1933(H1N1)	54	0.5
UniRef50_Q86776	Cluster: Matrix protein 2 (Fragment)	UniProtKB Unreviewed (TrEMBL)	1	Influenza A virus (strain A/Chicken/Weybridge H7N7)	25	0.5
UniRef50_Q86818	Cluster: Hemagglutinin (Fragment)	UniProtKB Unreviewed (TrEMBL)	1	Influenza A virus (strain A/Seal/Massachusetts/1/1980 H7N7)	30	0.5
UniRef50_Q8AZX0	Cluster: CM2 (Fragment)	UniProtKB Unreviewed (TrEMBL)	41	Influenza C virus (strain C/Miyagi/5/1991); Influenza C virus (C/Yamagata/33/2014); Influenza C virus (strain C/Miyagi/7/1991); Influenza C virus (C/Yamagata/3/2000); Influenza C virus (strain C/Saitama/2/2000); Influenza C virus (C/Miyagi/1/99); Influenza C virus (C/Miyagi/4/2000); Influenza C virus (C/Yamagata/13/98); Influenza C virus (C/Miyagi/3/99); Influenza C virus (strain C/Miyagi/1/1990)	139	0.5
UniRef50_Q8B060	Cluster: Polymerase protein 2 (Fragment)	UniProtKB Unreviewed (TrEMBL)	3	Influenza C virus (strain C/Miyagi/1/1993); Influenza C virus (C/Nara/1/85)	156	0.5
UniRef50_Q8B1B2	Cluster: Neuraminidase (Fragment)	UniProtKB Unreviewed (TrEMBL)	11	Influenza A virus (A/Duck/Nanchang/11-290/2000(H9N2); Influenza A virus (A/Pigeon/Nanchang/7-058/2000(H9N2); Influenza A virus (A/Duck/Nanchang/10-389/2000(H9N2); Influenza A virus (A/chicken/Nanchang/3-120/2001(H3N2); Influenza A virus (A/Duck/Nanchang/7-092/2000(H9N2); Influenza A virus (A/chicken/Vietnam/HU1-976/2014(H9N2); Influenza A virus (A/Sendai/TU211/2008(H3N2); Influenza A virus (A/Sendai/TU204/2008(H3N2); Influenza A virus; Influenza A virus (A/Sendai/TU49/2008(H3N2)	174	0.5
UniRef50_Q8B1E0	Cluster: Neuraminidase (Fragment)	UniProtKB Unreviewed (TrEMBL)	3	Influenza A virus (A/Duck/Nanchang/2-182/2001(H3N6); Influenza A virus (A/Quail/Nanchang/2-040/2001(H3N6); Influenza A virus (A/Quail/Nanchang/3-140/2001(H3N6)	52	0.5
UniRef50_Q8B1U4	Cluster: Nonstructural protein 2 (Fragment)	UniProtKB Unreviewed (TrEMBL)	1	Influenza A virus (A/pigeon/Nanchang/9-058/2000(H3N3)	31	0.5
UniRef50_Q8B2J1	Cluster: Hemagglutinin (Fragment)	UniProtKB Unreviewed (TrEMBL)	5	Influenza A virus (A/chicken/Nanchang/4-301/2001(H9N2); Influenza A virus (A/Chicken/Nanchang/4-361/2001(H9N2); Influenza A virus (A/Duck/Nanchang/10-389/2000(H9N2); Influenza A virus (A/Pigeon/Nanchang/7-058/2000(H9N2); Influenza A virus (A/Duck/Nanchang/7-092/2000(H9N2)	199	0.5
UniRef50_Q8B2N4	Cluster: Hemagglutinin (Fragment)	UniProtKB Unreviewed (TrEMBL)	17	Influenza A virus (A/chicken/Nanchang/7-010/2000(H3N6); Influenza A virus (A/Duck/Nanchang/10-383/2000(H3N6); Influenza A virus (A/Duck/Nanchang/10-096/2000(H3N6); Influenza A virus (A/quail/Nanchang/7-026/2000(H3N6); Influenza A virus (A/equine/Sao_Paulo/10.FMVZ/2015(H3N8); Influenza A virus (A/equine/Sao_Paulo/8.FMVZ/2015(H3N8); Influenza A virus (A/equine/Sao_Paulo/18.FMVZ/2015(H3N8); Influenza A virus (A/equine/Sao_Paulo/15.FMVZ/2015(H3N8); Influenza A virus (A/equine/Colina/2/2012(H3N8); Influenza A virus (A/Sao Paulo/791/2006(H3N2)	154	0.5
UniRef50_Q8B3M1	Cluster: Non-structural protein 1	UniProtKB Unreviewed (TrEMBL); UniParc	8	Influenza A virus (A/equi-2/Ludhiana/87(H3N8); Influenza A virus (A/Hong Kong/491/97(H5N1); Influenza A virus (A/Hong Kong/503/97(H5N1); Influenza A virus (A/Hong Kong/507/97(H5N1); Influenza A virus; Influenza A virus (A/turkey/Italy/977/1999(H7N1)	89	0.5
UniRef50_Q8B6P6	Cluster: Neuraminidase (Fragment)	UniProtKB Unreviewed (TrEMBL)	230	Influenza B virus (B/Lusaka/432/99); Influenza B virus (B/Lusaka/270/99); Influenza B virus (B/Denmark/11/2011); Influenza B virus; Influenza B virus (B/India/D092605/2009); Influenza B virus (B/India/C091330/2008); Influenza B virus (B/India/K0954409/2009); Influenza B virus (B/India/P1043704/2010); Influenza B virus (B/India/V117080/2010); Influenza B virus (B/India/V117061/2010)	252	0.5
UniRef50_Q8JK30	Cluster: Neuraminidase (Fragment)	UniProtKB Unreviewed (TrEMBL)	5	Influenza B virus (B/Quebec/51/98); Influenza B virus (B/Quebec/465/98); Influenza B virus (B/Quebec/514/98); Influenza B virus (B/Quebec/173/98); Influenza B virus (B/Hong Kong/05/1972)	187	0.5
UniRef50_Q8QLQ5	Cluster: Neuraminidase (Fragment)	UniProtKB Unreviewed (TrEMBL)	161	Influenza A virus (A/swine/Italy/1081/00(H1N2); Influenza A virus (A/India/K089063/2008(H3N2); Influenza A virus (A/India/K089062/2008(H3N2); Influenza A virus (A/India/K089064/2008(H3N2); Influenza A virus (A/Illinois/NHRC_18495/2016(H3N2); Influenza A virus (A/California/NHRC_FDX90287/2017(H3N2); Influenza A virus (A/India/K0713778/2007(H3N2); Influenza A virus (A/India/P059124/2005(H3N2); Influenza A virus (A/India/P054072/2005(H3N2); Influenza A virus (A/India/D0914867/2009(H3N2)	336	0.5
UniRef50_Q8QLZ6	Cluster: Protein PA-X (Fragment)	UniProtKB Unreviewed (TrEMBL)	36	Influenza A virus (A/swine/Cotes d'Armor/1482/1999(H1N1); Arthrobacter livingstonensis; Influenza A virus (A/Duck/Hong Kong/ww381/2000(H5N1); Influenza A virus (A/mallard duck/Korea/VI147540/2014(H11N9); Influenza A virus (A/mallard duck/Korea/VI152533/2015(H5N3); Influenza A virus (A/great egret/Korea/VI1511065/2015(H4N6); Influenza A virus (A/mallard duck/Korea/VI1511095/2015(H4N6); Influenza A virus (A/mallard duck/Korea/VI1511090/2015(H4N6); Influenza A virus (A/duck/Korea/S23/04(H9N2); Influenza A virus (A/Northern pintail/Korea/VI1511874/2015(H3N8)	294	0.5
UniRef50_Q8QTI4	Cluster: Truncated hemagglutinin (Fragment)	UniProtKB Unreviewed (TrEMBL)	2	Influenza A virus (A/mallard/NZ/1/97(H5N2); Influenza A virus (A/mallard/NZ/2/97(H5N2)	77	0.5
UniRef50_Q8UWU4	Cluster: Protein PA-X (Fragment)	UniProtKB Unreviewed (TrEMBL)	5	Influenza A virus (A/duck/Hong Kong/3461/99(H6N1); Influenza A virus (A/swine/Lidkoeping/1193/2002(H1N1); Influenza A virus (A/duck/Vietnam/R7-05-0158/2013(H5N1); Influenza A virus (A/swine/Taichung/E3/1992(H1N1); Influenza A virus (A/duck/Vietnam/HU1-637/2014(H6N6)	258	0.5
UniRef50_Q8UZP6	Cluster: Polymerase 2 protein (Fragment)	UniProtKB Unreviewed (TrEMBL)	28	Influenza A virus (A/SW/MN/3227/00(H1N2); Influenza A virus (A/SW/MN/16419/01(H1N2); Influenza A virus (A/SW/KS/13481-S/00(H1N2); Influenza A virus (A/SW/KS/13481-T/00(H1N2); Influenza A virus (A/SW/MN/12883/00(H1N2); Influenza A virus (A/SW/MN/13130/00(H1N2); Influenza A virus (A/SW/MN/3128/00(H1N2); Influenza A virus (A/SW/MO/1877/01(H1N2); Influenza A virus (A/SW/CO/17871/01(H1N2); Influenza A virus (A/SW/MN/34893/01(H1N2)	192	0.5
UniRef50_Q8UZV4	Cluster: Polymerase A protein (Fragment)	UniProtKB Unreviewed (TrEMBL)	8	Influenza A virus (A/SW/KS/13481-S/00(H1N2); Influenza A virus (A/SW/NE/21147/01(H1N2); Influenza A virus (A/SW/KS/13481-T/00(H1N2); Influenza A virus (A/SW/MO/1877/01(H1N2); Influenza A virus (A/SW/CO/17871/01(H1N2); Influenza A virus (A/SW/MN/3227/00(H1N2); Influenza A virus (A/SW/NC/45319/99(H1N2); Influenza A virus (A/SW/NC/17366/01(H1N2)	128	0.5
UniRef50_Q8UZY8	Cluster: Nucleoprotein (Fragment)	UniProtKB Unreviewed (TrEMBL)	14	Influenza A virus (A/SW/IN/14810-S/01(H1N2); Influenza A virus (A/SW/IN/14810-T/01(H1N2); Influenza A virus; Influenza A virus (A/SW/AR/12491/00(H1N2); Influenza A virus (A/SW/MO/1877/01(H1N2); Influenza A virus (A/SW/MN/16356/01(H1N2); Influenza A virus (A/swine/North Carolina/SG1393/2011); Influenza A virus (A/swine/Lidkoeping/1193/2002(H1N1); Influenza A virus (A/Switzerland/8808/2002(H1N1); Influenza A virus (A/mandarin duck/Miyazaki/22M807-1/2011(H5N1)	186	0.5
UniRef50_Q8V3X4	Cluster: Truncated neuraminidase	UniProtKB Unreviewed (TrEMBL)	11	Influenza A virus (A/Charlottesville/28/95(H1N1); Influenza A virus (A/New Jersey/11/1976(H1N1); Influenza A virus (A/Melbourne/1935(H1N1); Influenza A virus (A/duck/Ontario/1977(H2N1); Influenza A virus (strain A/BH/1935 H1N1); Influenza A virus (A/NWS/1933(H1N1)	74	0.5
UniRef50_Q8V3X7	Cluster: Truncated neuraminidase	UniProtKB Unreviewed (TrEMBL)	8	Influenza A virus (A/Charlottesville/31/95(H1N1); Influenza A virus (strain A/Fort Warren/1/1950 H1N1); Influenza A virus (strain A/Loyang/4/1957 H1N1); Influenza A virus (A/swine/Wisconsin/15/1930(H1N1); Influenza A virus	95	0.5
UniRef50_Q8V6X8	Cluster: RNA-directed RNA polymerase catalytic subunit (Fragment)	UniProtKB Unreviewed (TrEMBL)	1	Influenza A virus (A/Chicken/Italy/5945/95(H3N2)	66	0.5
UniRef50_Q919S9	Cluster: PA polymerase subunit (Fragment)	UniProtKB Unreviewed (TrEMBL)	2	Influenza A virus (A/swine/Hong Kong/2106/98(H9N2); Influenza A virus	196	0.5
UniRef50_Q919T0	Cluster: RNA-directed RNA polymerase catalytic subunit (Fragment)	UniProtKB Unreviewed (TrEMBL)	1	Influenza A virus (A/swine/Hong Kong/3297/98(H9N2)	181	0.5
UniRef50_Q919T3	Cluster: PB2 polymerase subunit (Fragment)	UniProtKB Unreviewed (TrEMBL); UniParc	14	Influenza A virus (A/swine/Hong Kong/2106/98(H9N2); Influenza A virus (A/swine/Hong Kong/3297/98(H9N2); Influenza A virus (A/California/07/2009(H1N1); Influenza A virus; Influenza A virus (A/Puerto Rico/8/1934(H1N1); Influenza A virus (A/Bar-headed Goose/Qinghai/59/05(H5N1); Influenza A virus (A/duck/Shantou/4610/2003(H5N1); Influenza A virus (A/Ck/HK/YU22/2002(H5N1); Influenza A virus (A/swine/Quebec/1257777/2010(H3N2)	221	0.5
UniRef50_Q919V7	Cluster: Neuraminidase (Fragment)	UniProtKB Unreviewed (TrEMBL)	15	Influenza A virus (A/Swine/Hong Kong/2429/98(H3N2); Influenza A virus (A/Athens/220/1998(H3N2); Influenza A virus (A/chicken/Jalisco/Jal0612/2012(H7N3); Influenza A virus (A/chicken/Jalisco/CPA-12283-12/2012(H7N3); Influenza A virus; Influenza A virus (A/mallard/Ontario/15872/2005(N2); Influenza A virus (A/swine/France/Vendee-0301/2011(H1N2); Influenza A virus (A/Tainan/722/2003(H3N2)	214	0.5
UniRef50_Q91TX3	Cluster: RNA polymerase (Fragment)	UniProtKB Unreviewed (TrEMBL)	1	Influenza A virus (A/Hong Kong/514/97(H5N1)	74	0.5
UniRef50_Q91TX8	Cluster: RNA polymerase (Fragment)	UniProtKB Unreviewed (TrEMBL)	5	Influenza A virus (A/Hong Kong/485/1997(H5N1); Influenza A virus (A/Hong Kong/491/97(H5N1); Influenza A virus (A/Hong Kong/503/97(H5N1); Influenza A virus (A/Hong Kong/488/97(H5N1); Influenza A virus (A/Hong Kong/516/97(H5N1)	106	0.5
UniRef50_Q91TY9	Cluster: RNA-directed RNA polymerase catalytic subunit (Fragment)	UniProtKB Unreviewed (TrEMBL)	1	Influenza A virus (A/Hong Kong/514/97(H5N1)	124	0.5
UniRef50_Q91TZ0	Cluster: RNA-directed RNA polymerase catalytic subunit (Fragment)	UniProtKB Unreviewed (TrEMBL)	1	Influenza A virus (A/Hong Kong/507/97(H5N1)	96	0.5
UniRef50_Q91U60	Cluster: Membrane matrix protein M1 (Fragment)	UniProtKB Unreviewed (TrEMBL)	4	Influenza A virus (A/Hong Kong/491/97(H5N1); Influenza A virus (A/drinking water/Peoria/Arizona/P2/2007); Influenza A virus (A/drinking water/Moscow/Idaho/M2/2007); Influenza A virus (A/drinking water/Tucson/Arizona/T3/2007)	125	0.5
UniRef50_Q99HZ1	Cluster: Hemagglutinin (Fragment)	UniProtKB Unreviewed (TrEMBL)	25	Influenza A virus (A/chicken/Saudi Arabia/534/99(H9N2); Influenza A virus (A/chicken/Tehran/TH5/99(H9N2); Influenza A virus (A/common teal/Shanghai/49F-1/2008(H9); Influenza A virus (A/common teal/Shanghai/37T-1/2007(H9N2); Influenza A virus (A/common teal/Shanghai/5F/2007(H9); Influenza A virus (A/common teal/Shanghai/59F/2008(H9N2); Influenza A virus (A/common teal/Shanghai/43F-2/2008(H9N2); Influenza A virus (A/common teal/Shanghai/41T-2/2007(H9); Influenza A virus (A/spot-billed duck/Shanghai/26F-1/2007(H9); Influenza A virus (A/common teal/Shanghai/41T-1/2007(H9)	120	0.5
UniRef50_Q99I14	Cluster: Hemagglutinin (Fragment)	UniProtKB Unreviewed (TrEMBL)	25	Influenza A virus (A/mallard/Ireland/PV46B/1993(H9N3); Influenza A virus (A/chicken/Italy/B/94(H9N2); Influenza A virus (A/turkey/Minnesota/46719-5/88(H9N2); Influenza A virus (A/pekin duck/Singapore/F91-5/9/1997(H9N2); Influenza A virus (A/turkey/Pennsylvania/11086-2/88(H9N2); Influenza A virus (A/chicken/Italy/it96/1996(H9N2); Influenza A virus (A/chicken/Italy/169/85(H9N2); Influenza A virus (A/turkey/Italy/245/84(H9N2); Influenza A virus (A/turkey/Italy/125/89(H9N2); Influenza A virus (A/avian/China/417-428/98(H9N2)	154	0.5
UniRef50_Q99I19	Cluster: Hemagglutinin (Fragment)	UniProtKB Unreviewed (TrEMBL)	2	Influenza A virus (A/duck/NewYork/17542-4/86(H9N1); Influenza A virus (A/chicken/New Jersey/12220-1/97(H9N2)	210	0.5
UniRef50_Q9DL65	Cluster: Hemagglutinin (Fragment)	UniProtKB Unreviewed (TrEMBL); UniParc	8	Influenza A virus (A/pintail duck/Alberta/114/1979(H8N4); Influenza A virus (A/Red Knot/Delaware/254/94(H8N4); Influenza A virus (A/mallard/Alberta/357/1984(H8N4); Influenza A virus (A/laughing gull/New Jersey/171/92(H12N5); Influenza A virus (A/mallard duck/Alberta/342/1983(H12N1); Influenza A virus (A/ruddy turnstone/Delaware/67/1998(H12N4); Influenza A virus (A/turkey/Ontario/6118/1968(H8N4); Influenza A virus (A/duck/Alberta/60/1976(H12N5)	412	0.5
UniRef50_Q9DL66	Cluster: Hemagglutinin (Fragment)	UniProtKB Unreviewed (TrEMBL)	1	Influenza A virus (A/Duck/Taiwan/g9/89(H11N?)	373	0.5
UniRef50_Q9DXE3	Cluster: Hemagglutinin (Fragment)	UniProtKB Unreviewed (TrEMBL)	4	Influenza A virus (A/shorebird/Taiwan/31/99(H10N7); Influenza A virus (A/shoveler/Egypt/900845/2004(H10N7); Influenza A virus (A/shoveler/Egypt/900600/2004(H10N7); Influenza A virus (A/teal/Egypt/912908/2005(H10N7)	301	0.5
UniRef50_Q9DXZ9	Cluster: Neuraminidase (Fragment)	UniProtKB Unreviewed (TrEMBL)	2	Influenza A virus (A/Denver/1957(H1N1); Influenza A virus	125	0.5
UniRef50_Q9IFF7	Cluster: Hemagglutinin (Fragment)	UniProtKB Reviewed (Swiss-Prot); UniProtKB Unreviewed (TrEMBL); UniParc	112	Influenza A virus (strain A/Ann Arbor/6/1960 H2N2); Influenza A virus (A/JapanxBellamy/57(H2N1); Influenza A virus (A/Panama/1/67(H2N2); Influenza A virus (A/Canada/1/1966(H2N2); Influenza A virus (A/Taiwan/1/1962(H2N2); Influenza A virus (A/Philippines/2/60(H2N2); Influenza A virus (A/Albany/1/65(H2N2); Influenza A virus (A/England/10/67(H2N2); Influenza A virus (A/Sao Paolo/1/1961(H2N2); Influenza A virus (A/Cordoba/522/67(H2N2)	339	0.5
UniRef50_Q9IIB7	Cluster: Nucleoprotein (Fragment)	UniProtKB Unreviewed (TrEMBL)	18	Influenza A virus (A/Netherlands/320/93 (H3N2); Influenza A virus (A/Netherlands/316/93 (H3N2); Influenza A virus (A/Netherlands/028/99 (H3N2); Influenza A virus (A/Netherlands/636/89 (H3N2); Influenza A virus (A/Netherlands/575/89 (H3N2); Influenza A virus (A/Netherlands/625/89 (H3N2); Influenza A virus (A/Netherlands/784e/90 (H3N2); Influenza A virus (A/Netherlands/776e/90 (H3N2); Influenza A virus (A/Netherlands/634/89 (H3N2); Influenza A virus (A/Netherlands/773e/90 (H3N2)	152	0.5
UniRef50_Q9IMP3	Cluster: Polymerase basic protein 2	UniProtKB Reviewed (Swiss-Prot); UniProtKB Unreviewed (TrEMBL); UniParc	259	Influenza C virus (strain C/Johannesburg/1/1966); Influenza C virus (strain C/Berlin/1/1985); Influenza C virus (strain C/Ann Arbor/1/1950); Influenza C virus (strain C/JJ/1950); Influenza C virus (C/Yamagata/3/2000); Influenza C virus (C/Yamagata/29/2012); Influenza C virus (C/Victoria/2/2012); Influenza C virus (C/New Jersey/1/76); Influenza C virus (C/Miyagi/8/96); Influenza C virus (C/Yamagata/7/88)	774	0.5
UniRef50_Q9IMP4	Cluster: RNA-directed RNA polymerase catalytic subunit	UniProtKB Reviewed (Swiss-Prot); UniProtKB Unreviewed (TrEMBL)	255	Influenza C virus (strain C/Johannesburg/1/1966); Influenza C virus (strain C/JJ/1950); Influenza C virus (strain C/Ann Arbor/1/1950); Influenza C virus (C/Yamagata/15/2004); Influenza C virus (strain C/Mississippi/1980); Influenza C virus (C/Greece/1/79); Influenza C virus (strain C/Greece/1979); Influenza C virus (strain C/Kyoto/41/1982); Influenza C virus (C/Yamagata/13/98); Influenza C virus (C/Victoria/2/2012)	754	0.5
UniRef50_Q9IMP5	Cluster: Polymerase acidic protein	UniProtKB Reviewed (Swiss-Prot); UniProtKB Unreviewed (TrEMBL)	255	Influenza C virus (strain C/Johannesburg/1/1966); Influenza C virus (strain C/Ann Arbor/1/1950); Influenza C virus (strain C/JJ/1950); Influenza C virus (C/Miyagi/8/96); Influenza C virus (strain C/Miyagi/5/1991); Influenza C virus (strain C/Miyagi/1/1993); Influenza C virus (C/Yamagata/26/81); Influenza C virus (C/Yamagata/9/88); Influenza C virus (C/Yamagata/4/92); Influenza C virus (C/Yamagata/7/88)	709	0.5
UniRef50_Q9Q1Z4	Cluster: Non-structural protein 1 (Fragment)	UniProtKB Unreviewed (TrEMBL)	3	Influenza C virus (strain C/Pig/Beijing/115/1981); Influenza C virus (C/Miyagi/3/91); Influenza C virus (C/Nara/1/85)	113	0.5
UniRef50_Q9QLL6	Cluster: Polymerase basic protein 2	UniProtKB Reviewed (Swiss-Prot); UniProtKB Unreviewed (TrEMBL); UniParc	7311	Influenza B virus (strain B/Lee/1940); Influenza B virus (strain B/Ann Arbor/1/1966 [cold-adapted]); Influenza B virus (strain B/Panama/45/1990); Influenza B virus (strain B/Ann Arbor/1/1966 [wild-type]); Influenza B virus (B/Sydney/13/2005); Influenza B virus (B/Brisbane/40/2008); Influenza B virus; Influenza B virus (B/New York/1311/2011); Influenza B virus (B/Sydney/1014/2013); Influenza B virus (B/Victoria/829/2011)	770	0.5
UniRef50_Q9WPI6	Cluster: Nonstructural protein NS1 (Fragment)	UniProtKB Unreviewed (TrEMBL)	2	Influenza A virus (A/Texas/36/1991(H1N1)	55	0.5
UniRef50_R4HCE2	Cluster: Hemagglutinin (Fragment)	UniProtKB Unreviewed (TrEMBL)	3	Influenza A virus (A/Vietnam/26-1/2009(H5N1); Influenza A virus	168	0.5
UniRef50_R4MRK7	Cluster: Polymerase PB2 (Fragment)	UniProtKB Unreviewed (TrEMBL)	2	Influenza A virus (A/Shanghai/4659T/2013(H7N9); Influenza A virus (A/mallard/Alberta/542/1986(H6N2)	77	0.5
UniRef50_R9UJ62	Cluster: Hemagglutinin (Fragment)	UniProtKB Unreviewed (TrEMBL)	5	Influenza A virus (A/teal/Krasnoiarsk/515/2010(H3N8); Influenza A virus (A/teal/Krasnoiarsk/1581/2008(H3N6); Influenza A virus (A/greyduck/Krasnoiarsk/528/2010(H3N8); Influenza A virus (A/teal/Krasnoiarsk/501/2010(H3N8); Influenza A virus (A/mallard/Sweden/S90391/2005(H3N8)	120	0.5
UniRef50_R9ULC9	Cluster: Matrix protein 2 (Fragment)	UniProtKB Unreviewed (TrEMBL)	1	Influenza A virus (A/equine/Newmarket/1979(H3N8)	20	0.5
UniRef50_R9WQA0	Cluster: Hemagglutinin (Fragment)	UniProtKB Unreviewed (TrEMBL)	1	Influenza A virus (A/Acre/118381/2012(H3N2)	167	0.5
UniRef50_S4SLP2	Cluster: Matrix protein 1 (Fragment)	UniProtKB Unreviewed (TrEMBL)	1	Influenza A virus (A/Brazil/P130/2009(H3N2)	123	0.5
UniRef50_S4SLS4	Cluster: Matrix protein 1 (Fragment)	UniProtKB Unreviewed (TrEMBL)	1	Influenza A virus (A/Brazil/P70/2009(H1N1)	123	0.5
UniRef50_S4T397	Cluster: RNA-directed RNA polymerase catalytic subunit (Fragment)	UniProtKB Unreviewed (TrEMBL)	43	Influenza A virus (A/mallard/Sweden/99845/2009(H6N2); Influenza A virus (A/mallard/Sweden/99888/2009(H6N2); Influenza A virus (A/mallard/Sweden/99841/2009(H6N2); Influenza A virus (A/mallard/Sweden/99999/2009(H6N2); Influenza A virus (A/mallard/Sweden/99826/2009(H6N2); Influenza A virus (A/mallard/Sweden/99934/2009(H6N2); Influenza A virus (A/mallard/Sweden/99886/2009(H11N2); Influenza A virus (A/mallard/Sweden/99985/2009(H6N2); Influenza A virus (A/mallard/Sweden/99851/2009(H6N2); Influenza A virus (A/mallard/Sweden/99855/2009(H6N2)	277	0.5
UniRef50_S4THM8	Cluster: Neuraminidase (Fragment)	UniProtKB Unreviewed (TrEMBL)	1	Influenza A virus (A/mallard/Sweden/59531/2007(H3N4)	103	0.5
UniRef50_S4TIN8	Cluster: Neuraminidase (Fragment)	UniProtKB Unreviewed (TrEMBL)	3	Influenza A virus (A/mallard/Sweden/68528/2007(H6N2); Influenza A virus (A/Tokyo/1967(H2N2); Influenza A virus	99	0.5
UniRef50_S5Y5M1	Cluster: Hemagglutinin (Fragment)	UniProtKB Unreviewed (TrEMBL); UniParc	128	Influenza A virus (A/Kenya/260/2013(H1N1); Influenza A virus (A/South Africa/2304/2010(H1N1); Influenza A virus (A/South Africa/17167/2010(H1N1); Influenza A virus (A/Korea/AF2424/2010(H1N1); Influenza A virus (A/Korea/AF2409/2009(H1N1); Influenza A virus (A/Japan/AF2267/2009(H1N1); Influenza A virus (A/Alaska/AF2093/2009(H1N1); Influenza A virus (A/Maryland/AF2452/2009(H1N1); Influenza A virus (A/California/AF2125/2009(H1N1); Influenza A virus (A/Texas/AF2602/2009(H1N1)	440	0.5
UniRef50_T2HQS4	Cluster: sialate O-acetylesterase (Fragment)	UniProtKB Unreviewed (TrEMBL)	6	Influenza C virus (C/Mie/199/2012egg); Influenza C virus (C/Milan/976/2010); Influenza C virus (C/Milan/1130/2010); Influenza C virus (C/Mie/188/2012); Influenza C virus (C/Milan/550/2008); Influenza C virus (C/Milan/1101/2009)	335	0.5
UniRef50_U3Q084	Cluster: Hemagglutinin (Fragment)	UniProtKB Unreviewed (TrEMBL)	25	Influenza A virus (A/chicken/Mexico/56-12/2012(H5N2); Influenza A virus (A/chicken/Mexico/15-12/2012(H5N2); Influenza A virus (A/chicken/Mexico/27-12/2012(H5N2); Influenza A virus (A/chicken/Mexico/35-12/2012(H5N2); Influenza A virus (A/chicken/Mexico/26-12/2012(H5N2); Influenza A virus (A/chicken/Mexico/28-12/2012(H5N2); Influenza A virus (A/chicken/Mexico/25-12/2012(H5N2); Influenza A virus (A/chicken/Mexico/30-12/2012(H5N2); Influenza A virus (A/chicken/Mexico/34-12/2012(H5N2); Influenza A virus (A/chicken/Mexico/24-12/2012(H5N2)	171	0.5
UniRef50_U3Q5K7	Cluster: Hemagglutinin (Fragment)	UniProtKB Unreviewed (TrEMBL)	5	Influenza A virus (A/chicken/Mexico/18-12/2012(H5N2); Influenza A virus (A/chicken/Mexico/53-12/2012(H5N2); Influenza A virus (A/Dalmatian pelican/Srebarna/Bulgaria/2015(H5N1); Influenza A virus (A/chicken/Mexico/52-12/2012(H5N2); Influenza A virus (A/chicken/Mexico/48-12/2012(H5N2)	112	0.5
UniRef50_U4PP08	Cluster: Nucleoprotein M9L (Fragment)	UniProtKB Unreviewed (TrEMBL)	1	Influenza A virus (strain A/Puerto Rico/8/1934 H1N1)	43	0.5
UniRef50_U4PP13	Cluster: Nucleoprotein A1T/N5H (Fragment)	UniProtKB Unreviewed (TrEMBL)	3	Influenza A virus (strain A/Puerto Rico/8/1934 H1N1)	64	0.5
UniRef50_U4PZH3	Cluster: Nucleoprotein N5H/E7A (Fragment)	UniProtKB Unreviewed (TrEMBL)	1	Influenza A virus (strain A/Puerto Rico/8/1934 H1N1)	32	0.5
UniRef50_U4PZH7	Cluster: Protein PA-X (Fragment)	UniProtKB Unreviewed (TrEMBL)	4	Influenza A virus (strain A/Puerto Rico/8/1934 H1N1); Influenza A virus; Influenza A virus (A/England/5/02(H1N2); Influenza A virus (A/England/691/01(H1N2)	114	0.5
UniRef50_U4Q349	Cluster: Polymerase acidic R7T (Fragment)	UniProtKB Unreviewed (TrEMBL)	1	Influenza A virus (strain A/Puerto Rico/8/1934 H1N1)	68	0.5
UniRef50_U5N0S1	Cluster: Matrix protein 2	UniProtKB Unreviewed (TrEMBL)	6	Influenza A virus (A/flat-faced bat/Peru/033/2010(H18N11); Influenza A virus (A/dark fruit-eatingbat/Bolivia/PBV780-781/2011(H18N11); Influenza A virus; Influenza A virus (A/little yellow-shoulderedbat/Guatemala/060/2010(H17N10); Influenza A virus (A/little yellow-shoulderedbat/Guatemala/164/2009(H17N10); Influenza A virus (strain A/little yellow-shoulderedbat/Guatemala/153/2009(H17N10)	96	0.5
UniRef50_U5N1D7	Cluster: Non-structural protein 1	UniProtKB Unreviewed (TrEMBL); UniParc	7	Influenza A virus (A/flat-faced bat/Peru/033/2010(H18N11); Influenza A virus; Influenza A virus (A/dark fruit-eatingbat/Bolivia/PBV780-781/2011(H18N11); Influenza A virus (A/little yellow-shoulderedbat/Guatemala/060/2010(H17N10); Influenza A virus (A/little yellow-shoulderedbat/Guatemala/164/2009(H17N10); Influenza A virus (strain A/little yellow-shoulderedbat/Guatemala/153/2009(H17N10)	221	0.5
UniRef50_U5N4D7	Cluster: Neuraminidase	UniProtKB Unreviewed (TrEMBL); UniParc	6	Influenza A virus (A/flat-faced bat/Peru/033/2010(H18N11); Influenza A virus (A/dark fruit-eatingbat/Bolivia/PBV780-781/2011(H18N11); Influenza A virus	447	0.5
UniRef50_U5PET1	Cluster: Hemagglutinin (Fragment)	UniProtKB Unreviewed (TrEMBL)	1	Influenza A virus (A/Palermo/17/2013(H1N1)	213	0.5
UniRef50_U5XBI5	Cluster: Polymerase acidic protein	UniProtKB Unreviewed (TrEMBL)	4	Influenza B virus (B/Sydney/49/2008); Influenza B virus (B/Christchurch/6/2008); Influenza B virus (B/Brisbane/60-8/2010); Influenza B virus (B/Christchurch/104/2008)	726	0.5
UniRef50_U5XBZ7	Cluster: RNA-directed RNA polymerase catalytic subunit	UniProtKB Unreviewed (TrEMBL)	1	Influenza B virus (B/Christchurch/38/2005)	752	0.5
UniRef50_U6C7C0	Cluster: Incomplete neuraminidase	UniProtKB Unreviewed (TrEMBL)	1	Influenza A virus (A/Hokkaido/T64LP4/2009(H1N1)	57	0.5
UniRef50_UPI0000112BC5	Cluster: PROTEIN (INFLUENZA RECOMBINANT HA2 CHAIN)	UniParc	1	Influenza A virus	155	0.5
UniRef50_UPI000211B3BA	Cluster: Non-structural protein 1	UniParc	1	Influenza B virus (B/Lee/1940)	113	0.5
UniRef50_UPI0002662A85	Cluster: Designed 16nm tetrahedral protein cage containing Non-haem bromoperoxidase BPO-A2 and Matrix protein 1	UniParc	3	Influenza A virus (A/Puerto Rico/8/1934(H1N1); Influenza A virus	456	0.5
UniRef50_UPI0002AB7FEA	Cluster: Hemagglutinin HA1	UniParc	2	Influenza A virus (A/little yellow-shouldered bat/Guatemala/060/2010(H17N10)	328	0.5
UniRef50_UPI0003D405B2	Cluster: Hemagglutinin HA2	UniParc	5	Influenza A virus (A/Shanghai/02/2013(H7N9); Influenza A virus (A/environment/New York/30732-1/2005(H7N2); Influenza A virus (A/Netherlands/219/2003(H7N7); Influenza A virus	183	0.5
UniRef50_UPI0005B2EBB9	Cluster: RNA-directed RNA polymerase catalytic subunit	UniParc	1	Influenza A virus (A/goose/Guangdong/1/1996(H5N1)	440	0.5
UniRef50_UPI0006891D9F	Cluster: Non-structural protein 1	UniParc	5	Influenza A virus (A/flat-faced bat/Peru/033/2010(H18N11); Influenza A virus (A/little yellow-shouldered bat/Guatemala/153/2009(H17N10); Influenza A virus (A/California/07/2009(H1N1); Influenza A virus	84	0.5
UniRef50_UPI000DCF6407	Cluster: Polymerase acidic protein	UniParc	3	Influenza B virus (B/Memphis/13/2003); Influenza B virus	205	0.5
UniRef50_UPI0013747077	Cluster: Influenza A nucleoprotein	UniParc	2	Influenza A virus (A/Wilson-Smith/1933(H1N1)	399	0.5
UniRef50_UPI001BB46FC8	Cluster: Hemagglutinin-esterase-fusion glycoprotein	UniParc	1	Influenza C virus (C/Johannesburg/1/66)	95	0.5
UniRef50_UPI001BDDCA28	Cluster: Hemagglutinin	UniParc	1	Influenza A virus (A/Mexico City/63/2009(H1N1)	58	0.5
UniRef50_UPI001C611264	Cluster: Hemagglutinin	UniParc	1	Influenza A virus	214	0.5
UniRef50_UPI003873CD37	Cluster: RNA-directed RNA polymerase catalytic subunit	UniParc	1	Influenza A virus (A/Puerto Rico/8/1934(H1N1)	53	0.5
UniRef50_V5IRV0	Cluster: Hemagglutinin	UniProtKB Unreviewed (TrEMBL); UniParc	42	Influenza A virus; Influenza A virus (A/chicken/Murree/NARC-01/1995(H7N3); Influenza A virus (A/chicken/Murree/NARC-70/2004(H7N3); Influenza A virus (A/chicken/Mansehra/NARC-214/2004(H7N3); Influenza A virus (A/peregrine falcon/U.A.E./188/2384/98(H7N3); Influenza A virus (A/chicken/Pakistan/16/99/95(H7N3); Influenza A virus (A/sacred ibis/South Africa/IZN/2012(H7N1); Influenza A virus (A/duck/Victoria/76(H7N?); Influenza A virus (A/mallard/California/HKWF1971C/2008(H7N7); Influenza A virus (A/chicken/British Columbia/NS-1390-2/2004(H7N3)	316	0.5
UniRef50_V5R077	Cluster: Polymerase acidic protein	UniProtKB Unreviewed (TrEMBL)	49	Influenza A virus (A/swine/Arkansas/02720/2009(H1N2); Influenza A virus (A/mallard/California/1475/2010(H3N8); Influenza A virus (A/American wigeon/InteriorAlaska/10BM05537R0/2010(mixed); Influenza A virus (A/northern pintail/InteriorAlaska/9BM6019R1/2009(H10N7); Influenza A virus (A/mallard/Alberta/72/1994(H3N6); Influenza A virus (A/Headington/INS591/2011(H1N1); Influenza A virus (A/reassortant/NYMC X-197(Brisbane/11/2010 x PuertoRico/8/1934); Influenza A virus (A/swine/North Carolina/SG1337/2009(H1N1); Influenza A virus (A/Madrid/INS534/2011(H1N1); Influenza A virus	716	0.5
UniRef50_V5R381	Cluster: PB1-F2 protein (Fragment)	UniProtKB Unreviewed (TrEMBL)	3	Influenza A virus (A/swine/North Carolina/SG1393/2011); Influenza A virus (A/swine/Kansas/SG1181/2003(N1); Influenza A virus	51	0.5
UniRef50_V5SLE3	Cluster: Polymerase PB2	UniProtKB Unreviewed (TrEMBL)	2	Influenza A virus (A/swine/North Carolina/SG1169/2003(H1N1); Influenza A virus (A/swine/Minnesota/SG1209/2004(H1N1)	759	0.5
UniRef50_V5SLG0	Cluster: Polymerase PB2	UniProtKB Unreviewed (TrEMBL)	1	Influenza A virus (A/swine/North Carolina/00116/2003(H3N2)	759	0.5
UniRef50_V5SLL6	Cluster: PB1-F2 protein	UniProtKB Unreviewed (TrEMBL)	22	Influenza A virus (A/swine/North Carolina/00116/2003(H3N2); Influenza A virus (A/swine/North Carolina/01721/2007(H1N1); Influenza A virus (A/swine/Minnesota/SG1184/2003(N2); Influenza A virus (A/swine/Minnesota/SG1179/2003(H1N1); Influenza A virus (A/swine/Minnesota/SG1265/2006(H3); Influenza A virus; Influenza A virus (A/swine/Kansas/SG1181/2003(N1); Influenza A virus (A/swine/North Carolina/SG1337/2009(H1N1); Influenza A virus (A/swine/Georgia/SG1251/2006(H1N1); Influenza A virus (A/swine/Quebec/00729/2005(H3)	86	0.5
UniRef50_V9TGH0	Cluster: Hemagglutinin (Fragment)	UniProtKB Unreviewed (TrEMBL); UniParc	10	Influenza A virus (A/Uberlandia/444/2006(H1N1); Influenza A virus (A/Casablanca/0081/2013(H1N1); Influenza A virus (A/Taiwan/VGHYM0711-20/1983(H1N1); Influenza A virus (A/Taiwan/VGHYM0213-12/1985(H1N1); Influenza A virus (A/Taiwan/VGHYM0205-16/1985(H1N1); Influenza A virus (A/Taiwan/0562/1995(H1N1); Influenza A virus (A/Taiwan/0132/1996(H1N1); Influenza A virus (A/reassortant/NYMC X-181A(A/NYMC X-157 x California/07/2009); Influenza A virus (A/Fort Monmouth/1/1947(H1N1); Influenza A virus (A/Massachusetts/1/1990(H1N1)	218	0.5
UniRef50_W5R9Q0	Cluster: Neuraminidase (Fragment)	UniProtKB Unreviewed (TrEMBL)	102	Influenza A virus (A/India/Lkw1112449/2011(H3N2); Influenza A virus (A/India/D0914871/2009(H3N2); Influenza A virus (A/chicken/HongKong/YU427/03(H9N2); Influenza A virus (A/chicken/HongKong/NT366/03(H9N2); Influenza A virus (A/duck/Vietnam/HU1-225/2014(H9N2); Influenza A virus (A/ring-necked duck/Ontario/15530/2005(H3N2); Influenza A virus (A/environment/New York/494163/2007(H5N2); Influenza A virus (A/chicken/Mexico/37821-771/1996(H5N2); Influenza A virus (A/herring gull/Newfoundland/YH019/2010(H16N3); Influenza A virus (A/duck/Yangzhou/1/2009(H3N2)	358	0.5
UniRef50_W5RA18	Cluster: Neuraminidase (Fragment)	UniProtKB Unreviewed (TrEMBL)	41	Influenza A virus (A/India/C117518/2010(H3N2); Influenza A virus (A/India/D058688/2005(H3N2); Influenza A virus (A/India/K1112691/2011(H3N2); Influenza A virus (A/India/K0954413/2009(H3N2); Influenza A virus (A/India/K0954411/2009(H3N2); Influenza A virus (A/India/Dib1113488/2011(H3N2); Influenza A virus (A/USA/858-1T/2011(H3N2); Influenza A virus (A/Malaysia/2156787/2009(mixed); Influenza A virus (A/India/P045058/2004(H3N2); Influenza A virus (A/India/C087866/2008(H3N2)	357	0.5
UniRef50_W5RAF3	Cluster: Neuraminidase (Fragment)	UniProtKB Unreviewed (TrEMBL)	77	Influenza A virus (A/India/D0942756/2009(H3N2); Influenza A virus (A/India/D0942739/2009(H3N2); Influenza A virus (A/India/D0942719/2009(H3N2); Influenza A virus (A/India/D0942720/2009(H3N2); Influenza A virus (A/India/D0942707/2009(H3N2); Influenza A virus (A/India/D0942710/2009(H3N2); Influenza A virus (A/India/D0942754/2009(H3N2); Influenza A virus (A/India/D0942725/2009(H3N2); Influenza A virus (A/India/D0942744/2009(H3N2); Influenza A virus (A/India/D0942722/2009(H3N2)	357	0.5
UniRef50_W6HU77	Cluster: Nuclear export protein (Fragment)	UniProtKB Unreviewed (TrEMBL)	2	Influenza A virus (A/chicken/Egypt/IT-4/2013(H5N1); Influenza A virus (A/turkey/Italy/5662/2000(H7N1)	44	0.5
UniRef50_W6HUD8	Cluster: Hemagglutinin (Fragment)	UniProtKB Unreviewed (TrEMBL); UniParc	2	Influenza A virus (A/Asturias/1324407/2013(H3N2); Klebsiella michiganensis	160	0.5
UniRef50_W6HWM3	Cluster: Nonstructural protein 1 (Fragment)	UniProtKB Unreviewed (TrEMBL)	1	Influenza A virus (A/chicken/Egypt/IT-4/2013(H5N1)	128	0.5
UniRef50_X2DGV7	Cluster: Protein PA-X (Fragment)	UniProtKB Unreviewed (TrEMBL)	17	Influenza A virus (A/mallard/Sweden/5790/2005(H4N6); Influenza A virus; Influenza A virus (A/New York/WC-LVD-15-050/2015(H3)	244	0.5
UniRef50_X2E471	Cluster: Matrix protein 2 (Fragment)	UniProtKB Unreviewed (TrEMBL)	1	Influenza B virus (B/New York/1325/2011)	84	0.5
UniRef50_X2E9T2	Cluster: RNA-directed RNA polymerase catalytic subunit (Fragment)	UniProtKB Unreviewed (TrEMBL)	1	Influenza B virus (B/New York/1099/2006)	119	0.5
UniRef50_X2EB49	Cluster: Polymerase PA (Fragment)	UniProtKB Unreviewed (TrEMBL)	5	Influenza B virus (B/New York/1299/2011); Influenza B virus (B/Nicaragua/AGB2-17/2012); Influenza B virus (B/Santa Cruz/96/2012); Influenza B virus (B/Victoria/201/2007); Influenza B virus	495	0.5
UniRef50_X2GQE2	Cluster: Hemagglutinin (Fragment)	UniProtKB Unreviewed (TrEMBL)	1	Influenza A virus (A/turkey/Egypt/13175F/2013(H5N1)	99	0.5
